"","baseMean","log2FoldChange","lfcSE","stat","pvalue","padj"
"LOC100132287",4.35645312058581,2.22814358240591,0.947505197881841,2.35158982492862,0.018693375596976,0.0420565944610616
"LOC100288069",95.9202296668382,-0.493631923671591,0.213342718723658,-2.31379784894834,0.0206788134257828,0.0458932138849793
"LINC00115",18.2201576646784,1.04834168932239,0.440662483337622,2.37901280222938,0.0173590730691345,0.0393197405453586
"LINC01128",295.60070431741,0.62618331499179,0.118175776247165,5.29874509715195,1.16601280416081e-07,6.04856555664422e-07
"FAM41C",2.43173380069753,4.05297474245051,1.60801688989643,2.52048020634382,0.0117194829381422,0.027752536403188
"NOC2L",1270.74416725286,-0.289397083884266,0.0825002581219972,-3.50783246588539,0.000451773458772072,0.001418116965778
"KLHL17",189.792290844666,-0.404387237716468,0.140410593695082,-2.88003367178008,0.00397632701297297,0.0104426390412104
"HES4",227.334654929294,-0.661538456686764,0.154081160959445,-4.29344153800144,1.75924653457149e-05,6.95402101327328e-05
"ISG15",2019.99370295333,-0.273795499345361,0.0921628539538488,-2.97077930640545,0.00297045157968206,0.008021955330054
"LOC100288175",120.298731732799,0.944414356074846,0.186264511625593,5.07028605627892,3.97218215105068e-07,1.9367612160196e-06
"RNF223",83.1936927100692,1.34242303822802,0.213134037697527,6.29849203219781,3.00555172389887e-10,2.02251858164233e-09
"C1orf159",76.1127520149058,-0.600593055272272,0.225325456709608,-2.66544696743385,0.00768860573727444,0.0190446339144858
"PUSL1",128.231283709661,-0.679632932474738,0.17025988733248,-3.99173841309765,6.55907014823297e-05,0.00023621303585393
"TAS1R3",57.2443905790687,2.41039471661088,0.308619950290796,7.81023622853835,5.70808987507491e-15,5.71157621536507e-14
"DVL1",1051.20207916451,0.581622884913723,0.0898943015528824,6.47007513119805,9.79542008955158e-11,6.89813463985185e-10
"AURKAIP1",294.614721326256,-0.668631386685392,0.13842442652347,-4.83029912767619,1.36328086936603e-06,6.19770044067742e-06
"MRPL20-AS1",87.6871653308578,-0.944799459576341,0.216416045249431,-4.36566271455247,1.26737915821234e-05,5.10264517652919e-05
"MRPL20",219.448156809729,-0.901093096007033,0.150323332143242,-5.99436616498356,2.04280620507517e-09,1.27308628802382e-08
"ATAD3C",36.6337200034094,3.07420162575881,0.381383836917606,8.06065000185877,7.58898254812851e-16,8.1067607883713e-15
"ATAD3A",304.044272570901,-0.863489691852049,0.117805606526161,-7.32978435674274,2.3052335869248e-13,2.04442000344349e-12
"SSU72",863.819395313628,0.267101760646368,0.0983793415862616,2.71501878686763,0.00662720108552032,0.0166520901787733
"FNDC10",34.4718705786271,-1.13603821643042,0.327033459255376,-3.47376754359347,0.000513205437039538,0.00159594049713365
"CDK11B",181.905222639779,-0.347012021175372,0.146953265096044,-2.3613767339472,0.0182072237330574,0.0410602401318266
"SLC35E2B",606.790352711537,-0.37133838379212,0.0921474601775382,-4.02982765967365,5.58177611563478e-05,0.000203087396284786
"SLC35E2A",232.726220021279,-0.639882390137421,0.138835590900613,-4.60892186208568,4.04762404282289e-06,1.74837566816182e-05
"NADK",463.737307098402,-0.319060801890673,0.0966581790848881,-3.30091881423159,0.000963687637600423,0.00285682100957349
"GNB1",5262.42728663366,0.45639315253572,0.0621632997301017,7.3418424459009,2.10673313071625e-13,1.87391104386167e-12
"TMEM52",25.3296269286254,-0.885013996856012,0.381894048632495,-2.3174333300692,0.0204801384882463,0.045502721698519
"SKI",1111.57209206032,0.421584568729063,0.086161922439464,4.89293363927971,9.93439109250095e-07,4.60580555384512e-06
"MORN1",68.0403852592885,-0.888481465468693,0.231587825020709,-3.83647743740087,0.00012481165688309,0.00042969829698715
"PEX10",84.2232204868907,-1.18031087517372,0.22474118808054,-5.25186720446958,1.50565003392656e-07,7.70832933562233e-07
"PLCH2",33.5126043853104,0.855764212075983,0.311684221883714,2.74561287351677,0.00603979868346652,0.015319241671323
"PRXL2B",180.211438193432,-0.557056725595344,0.152171498494067,-3.66071656721619,0.000251510863430217,0.000824386553269541
"MEGF6",481.453066829531,1.52281987415051,0.106544430137699,14.2928154215326,2.42599796212315e-46,9.71531317231586e-45
"WRAP73",271.173659229034,-0.524404990049854,0.120100223523635,-4.36639478815502,1.26314088143285e-05,5.08671772610088e-05
"TP73",303.138291068441,-0.447187969341106,0.120151716515806,-3.72186084650964,0.00019776000243607,0.000659871136199314
"CEP104",544.00701094553,0.497328301939279,0.0962438011265462,5.1673800922032,2.37398171292312e-07,1.19035961181379e-06
"DFFB",103.57880526817,-0.781515588213295,0.196344992715814,-3.9803184048826,6.88230226712484e-05,0.000247190260656273
"CHD5",240.482696603857,0.293398929936737,0.123755143534545,2.37080190412319,0.0177495413746848,0.040123492864174
"ICMT",1307.65435669136,-0.401547651191671,0.0738506287361407,-5.43729495691027,5.40955465492109e-08,2.92310598009994e-07
"ACOT7",736.445094693065,-0.395882974075201,0.0886705585805096,-4.46464960199562,8.01998948194411e-06,3.3263114028565e-05
"ESPN",520.487030749361,0.564795284496544,0.0945387638601348,5.97421905507596,2.31194978550842e-09,1.43568735646614e-08
"TNFRSF25",207.952411384108,1.06235859442838,0.137170365605895,7.74481127709941,9.57239154880199e-15,9.45227770416223e-14
"PLEKHG5",609.4321094576,1.09053824312508,0.0954225397966656,11.4285183086605,3.01204487627739e-30,7.17041753175625e-29
"KLHL21",706.737564154935,0.722076812503016,0.0909435735732525,7.9398332848819,2.02453185013944e-15,2.09678669375648e-14
"PHF13",554.600077021657,0.277639676721539,0.0933752865518409,2.97337429392944,0.00294545028576901,0.00795801493251025
"VAMP3",1271.83684049856,0.49453157074334,0.0785983664566512,6.29188102803746,3.13641835947827e-10,2.10351303521243e-09
"TNFRSF9",63.3344450500406,0.669523608463089,0.230942084183405,2.89909745480335,0.00374238553236487,0.00988888290020974
"PARK7",1233.46615633962,-0.387053814277641,0.0829989826420368,-4.66335612747148,3.1109370330811e-06,1.36371190156056e-05
"ERRFI1",16512.7463532778,2.28587237200846,0.0583711994048099,39.1609628603947,0,0
"SLC45A1",124.653258769168,1.55378835451455,0.17680172845223,8.78830975305972,1.51826876128862e-18,1.94599725086644e-17
"ENO1",25171.5154444929,1.14350377793769,0.0702676954019745,16.2735346790035,1.52117410376852e-59,8.06267015412131e-58
"H6PD",461.789091144505,0.35715134763483,0.097110314367824,3.67779004691562,0.000235263482063035,0.000775362693902331
"SPSB1",224.622878480986,0.683331919170831,0.132808058223445,5.14525946927973,2.67151300975805e-07,1.33176586303872e-06
"TMEM201",260.33763944684,-0.97205076342863,0.129924646547823,-7.48165024309558,7.33950659815155e-14,6.76548585193294e-13
"CLSTN1",2548.31792184848,0.519277761493117,0.0616242968257196,8.42651013060145,3.56126995213707e-17,4.15120606775305e-16
"LZIC",602.649967707623,0.381167200456259,0.0877453784961832,4.34401454514027,1.39902246214404e-05,5.6113473826614e-05
"UBE4B",1084.70452769719,-0.181985426403676,0.0794295178565969,-2.29115612576466,0.021954385478076,0.0483549230873147
"KIF1B",2203.68715836763,0.430380534195116,0.0681003188055219,6.31980204709731,2.6189857031737e-10,1.7776550416909e-09
"CENPS",26.6314050098894,-0.894106167102665,0.365066244538897,-2.44916143433634,0.0143189255147732,0.0331928681118766
"DFFA",1186.58119217106,-0.292779540342674,0.073698118511227,-3.9726867694468,7.10664743875129e-05,0.000254610126230093
"TARDBP",1590.49825369784,-1.09406920337766,0.0772942048660714,-14.1546084246985,1.74909297891181e-45,6.83739795509105e-44
"SRM",493.50382367511,-0.641606228463924,0.101769911654191,-6.30447858345472,2.89165702434087e-10,1.95316908679336e-09
"MTOR",1373.17787256891,-0.544819460149022,0.0684879569536256,-7.95496733123356,1.79178781433366e-15,1.86001199320892e-14
"UBIAD1",181.106713946676,-1.2223937183476,0.151680552143669,-8.05900097983404,7.69204821326145e-16,8.20712852878536e-15
"FBXO6",148.445221683008,0.606292142090632,0.16822299877091,3.60409781373769,0.000313239083074917,0.00101144624907599
"MAD2L2",374.277561402464,-0.445666846627731,0.111739051139129,-3.98846099089226,6.65033357961194e-05,0.000239451871005368
"DRAXIN",99.2963307445289,0.772163082750307,0.188010745443822,4.1070156970418,4.00804000969834e-05,0.000149017720269804
"AGTRAP",159.280042782317,-1.22181908654555,0.158120620622231,-7.7271331325256,1.0999559489287e-14,1.08318612872372e-13
"MTHFR",497.733049289594,1.840040387489,0.099030780753783,18.5804895557052,4.6226898863492e-77,3.621978019213e-75
"CLCN6",375.881391251688,0.777400107705965,0.112656216894702,6.90064098666286,5.17684137487242e-12,4.12430850647992e-11
"NPPA-AS1",42.015355890122,1.59025544122291,0.293060271861903,5.42637673513209,5.75095088120187e-08,3.10200197037231e-07
"NPPA",29.0017406969191,1.72077087425261,0.386787561080564,4.44887852506246,8.63198160472428e-06,3.56536650237764e-05
"KIAA2013",856.267895828012,1.09416860568864,0.0867917842937963,12.6068223460506,1.93644355331226e-36,5.76804120235375e-35
"PLOD1",3541.35035487131,1.51076865197337,0.0691816036501514,21.8377223461495,1.01700279447769e-105,1.32807299704945e-103
"MFN2",1786.66979382828,0.376745122676516,0.0661522356395172,5.69512306023201,1.23282967489225e-08,7.14827013231445e-08
"KAZN",114.002421329822,-0.787523278064527,0.185158212824429,-4.25324518989214,2.10694660120543e-05,8.21312669269373e-05
"TMEM51",214.499194265642,0.659874727437839,0.133542555683223,4.94130671726194,7.7600720265227e-07,3.64367529937378e-06
"FHAD1",86.1251969224601,-0.824649383140332,0.202533174081961,-4.07167560019878,4.66761548132285e-05,0.000171558430734079
"EFHD2",657.11723473452,0.900867675765362,0.0973642176573518,9.25255394066568,2.1919152522495e-20,3.1549923930342e-19
"CTRC",2.24255723253506,3.92573223983003,1.6031418496267,2.448774099899,0.0143343318008882,0.0332200351573826
"CASP9",119.501675682489,0.583976394994877,0.188160976186567,3.10359994314574,0.00191181650779453,0.00535564204678458
"PLEKHM2",632.564728989472,0.452755698839431,0.0926349785025795,4.88752419613099,1.02111948948003e-06,4.72927122074521e-06
"FBLIM1",67.767459218772,1.03611701230211,0.229287671021353,4.51885183222792,6.21758856020894e-06,2.61792437952162e-05
"SPEN",3155.28179500106,1.15234436378229,0.0762000908990279,15.1226114061892,1.14894437287125e-51,5.17628163587819e-50
"ZBTB17",193.074194601589,0.529190120766049,0.141861387922177,3.73033232310088,0.000191227373882157,0.000639827052493567
"EPHA2",2987.53132435726,1.39016858714624,0.0658820683932938,21.1008643330292,7.80955181496984e-99,9.01672936103412e-97
"ARHGEF19",392.228812696512,0.448753576154875,0.1046653982791,4.28750650676578,1.80689966311108e-05,7.12052019001198e-05
"FBXO42",694.419845342115,1.27363363207631,0.0869333979224018,14.6506827354566,1.33368796772468e-48,5.58939322473638e-47
"NECAP2",503.620922868431,0.464382345733265,0.104580439883175,4.44043213293058,8.97784152610479e-06,3.69873665614615e-05
"RNU1-1",50.6547515269788,-0.991860474984098,0.279598956898124,-3.54743982591286,0.000388994600335313,0.00123612620219409
"LINC01783",5.07547896674202,-2.32545466554574,0.975616573163786,-2.38357437697539,0.0171454194078656,0.0389091554148277
"NBPF1",851.21414504158,0.362442079195685,0.0828000670425146,4.37731625277048,1.20149577382868e-05,4.85365508634087e-05
"ESPNP",67.7719140615201,1.77251552533425,0.239079359256821,7.41392118016427,1.22618811956947e-13,1.11096712432184e-12
"LOC112267871",12.4209796989341,-2.88621307026643,0.691463421246078,-4.17406471779118,2.99212698300791e-05,0.000113589889110566
"RNU1-2",17.3917301153979,-1.54775663168179,0.503048392455531,-3.07675495020813,0.00209267259323348,0.00581886326225283
"ATP13A2",565.222994004971,0.497002001265003,0.091171248886099,5.45130188888727,5.0002404060518e-08,2.71168619793739e-07
"SDHB",848.956005855285,0.269033097164354,0.0910833285333062,2.95370296075618,0.00313986065126969,0.00842642275450948
"PADI2",77.2590988695041,0.531481147911322,0.208765116503749,2.54583312007385,0.0109017291361136,0.0260557109763797
"RCC2",2450.25109511081,-0.619577441108154,0.0645816356053804,-9.59370934632284,8.49739005554489e-22,1.31105707355286e-20
"ARHGEF10L",168.408228081626,-0.386573169876043,0.145921241748784,-2.64919051704317,0.00806848329952979,0.0198854126833734
"ALDH4A1",153.593261970147,-0.544389110024499,0.165646136922043,-3.28645823041863,0.0010145581931966,0.00299579767320923
"IFFO2",354.417928676461,1.05234635188084,0.107847621089354,9.75771501727374,1.70963680447356e-22,2.76565214124039e-21
"UBR4",6512.8707594367,0.388070834623574,0.0544348725692187,7.12908502045463,1.01038312712575e-12,8.54439903047073e-12
"EMC1-AS1",8.37075295980486,-1.76567817794332,0.700922281082012,-2.51907839941633,0.0117662454832198,0.0278522934261269
"EMC1",1512.56251264343,0.169303200468179,0.065195833652618,2.59684079461696,0.00940855212120157,0.0228321462127893
"MRTO4",579.97604675368,-0.750208076498386,0.112933806188878,-6.64290084444413,3.07568764306426e-11,2.27252837292583e-10
"CAPZB",1163.00672436057,0.267455317795645,0.0806026307424213,3.31819588681096,0.000906009216299245,0.00270183552654786
"MICOS10",237.863697467693,-0.935518730720645,0.131297621619733,-7.12517652018188,1.03947383158737e-12,8.77804963403746e-12
"TMCO4",141.860805043489,-0.850521410287237,0.166375684999836,-5.11205354489195,3.18675464591269e-07,1.57424631233532e-06
"OTUD3",661.86876511643,1.17429921864799,0.092961041964707,12.6321649782477,1.40362494138469e-36,4.21578751144893e-35
"MUL1",325.118749454886,0.306778983603724,0.120002950271147,2.55642867871629,0.0105752747684833,0.0253730563976618
"CDA",495.34266820882,2.11200987956868,0.11779847800835,17.9290082119649,7.00175309547153e-72,5.0471437013397e-70
"PINK1",196.38948566233,0.931211041827236,0.149682130779846,6.22125725345848,4.93186746443778e-10,3.23778446545112e-09
"KIF17",25.117393705828,1.40126989736181,0.391318727930867,3.58089147629391,0.000342423870139563,0.00109898852427161
"EIF4G3",945.108621694511,0.383205398284926,0.0816524477814516,4.69312811430469,2.69058873218725e-06,1.18695470116882e-05
"ECE1",1469.06460244543,0.375280793220365,0.0692601690477685,5.41842156003887,6.01275084036041e-08,3.23740014622453e-07
"NBPF3",252.135264697678,0.485406685967681,0.13099384087913,3.70556877109646,0.000210916889728488,0.000699858823383737
"RAP1GAP",228.562542628683,0.784655563363477,0.129042753232145,6.08058603610155,1.19744078369308e-09,7.62781207597488e-09
"USP48",935.874144717543,-0.29900550575998,0.0808263894611612,-3.69935497247045,0.000216148111291162,0.00071616199918699
"HSPG2",1140.80258451343,0.312448817455449,0.0894654245213182,3.49239741640076,0.000478705431798449,0.00149666040708533
"CDC42",4425.42190263791,0.353575025651722,0.0601557355908088,5.8776610771882,4.16103752476197e-09,2.53074779729111e-08
"ZBTB40",792.503167688956,-0.545033806204568,0.082057042627405,-6.64213318873059,3.09175381011221e-11,2.28346292672263e-10
"EPHA8",14.2540070789767,2.17083063200802,0.548659855927217,3.95660555179382,7.60223056183095e-05,0.000271340457426729
"EPHB2",498.582311475322,1.01509289965017,0.0952082594362917,10.6618155363864,1.53569889460518e-26,3.03785178701206e-25
"HTR1D",81.9937633556913,-0.906738147005988,0.21579098988335,-4.20192774265573,2.64651615456115e-05,0.000101344810075109
"HNRNPR",2465.31027558318,-0.663118476448945,0.0641866737386774,-10.3310926992212,5.0976536785184e-25,9.26056622384879e-24
"ZNF436",376.955070307008,0.509898429754281,0.104329723880917,4.8873744776348,1.02189606628949e-06,4.73165185267288e-06
"ASAP3",146.600815969013,-0.639173392829019,0.161883646623463,-3.94835059723926,7.86915022773331e-05,0.000280367647793559
"E2F2",268.639104118568,-1.83639187523549,0.134663328810809,-13.6369113362367,2.41577481057512e-42,8.65500553904062e-41
"LOC101928163",9.09674165409226,-2.13791862632666,0.723867693545452,-2.95346600682687,0.00314227213869283,0.00843163880455382
"ID3",338.709626500859,-1.52632177796523,0.131584175177916,-11.5995846453533,4.14083056402044e-31,1.02784996686243e-29
"PITHD1",573.686674879144,0.628031371392953,0.0921269093910352,6.81702420654595,9.29456085604855e-12,7.20728404418464e-11
"GALE",789.621443106238,1.18927826442061,0.0928307234575068,12.8112570938327,1.41818235214275e-37,4.37620961780214e-36
"PNRC2",1016.70160462667,-0.614435051662952,0.0864920576805464,-7.10394767034371,1.2124277954712e-12,1.01529559954398e-11
"SRSF10",1909.05557517407,-0.458924665007814,0.0653371283313007,-7.02394911941607,2.15683379731301e-12,1.76513632431325e-11
"IL22RA1",50.9127861974005,-1.03235390127758,0.27906686744885,-3.69930658811296,0.000216189318630746,0.000716166858647919
"IFNLR1",339.022858428665,1.04621092859611,0.108939179530249,9.60362408737993,7.71818423863466e-22,1.19390041342863e-20
"NIPAL3",457.094337699898,0.468847957428036,0.0995274273980805,4.71074124675986,2.46817441298237e-06,1.09473224455711e-05
"SRRM1",2108.52658910001,-0.364104536476756,0.0773061924150124,-4.70990130418129,2.47836775558052e-06,1.09861903376827e-05
"RUNX3",404.169385688464,1.27978313265959,0.114993743867747,11.1291544184478,9.04898127941338e-29,1.99354146254656e-27
"MACO1",512.201569645346,0.729694756594136,0.0953463671996769,7.6530944809464,1.96199648347506e-14,1.8917677168916e-13
"SELENON",1083.70462404617,-0.243244060635964,0.0919897066856194,-2.64425303004026,0.00818714284744021,0.0201283084930041
"LOC646471",75.3013796640746,0.775842860845941,0.212376489468351,3.65314853253359,0.000259044282748979,0.00084615497905009
"MTFR1L",330.272466076934,0.460423877603046,0.112627916043504,4.08800849538228,4.35092223832017e-05,0.000160672068968786
"AUNIP",128.997203122571,-1.41907874033722,0.179356517198153,-7.91205562254215,2.53173222744947e-15,2.59967786158785e-14
"STMN1",2517.78432398164,-1.17208376604925,0.0792213678838173,-14.795045798353,1.57676982255494e-49,6.76546880291965e-48
"PAFAH2",193.417115336523,-0.811556758392236,0.145687509391598,-5.5705308010368,2.53964412487319e-08,1.42133312963788e-07
"PDIK1L",257.526717768641,-0.357577459373104,0.128564336298182,-2.7813114403964,0.0054139771237831,0.0138587047937067
"SH3BGRL3",778.038332193882,0.615779769015575,0.117621163446844,5.23528037787062,1.64734601027195e-07,8.38373974897227e-07
"UBXN11",101.414784250238,-0.533707873347309,0.195549208611396,-2.72927657001117,0.00634734452969542,0.016002447645445
"CRYBG2",35.9800831632296,0.876563381912112,0.310934371287427,2.81912668027883,0.0048154509342293,0.012446821756418
"HMGN2",2121.85254325938,-1.01273827794327,0.0768763543694665,-13.1735991677762,1.24517178214148e-39,4.05040445595154e-38
"LOC101928728",14.2056343123184,-1.55962293494975,0.536318254088955,-2.90801762397419,0.00363727838498353,0.00964118921605977
"PIGV",156.184155312127,-0.727979120558844,0.163255624497235,-4.45913654001657,8.22904888660812e-06,3.40831280132303e-05
"ZDHHC18",494.778446388099,0.612867653828482,0.0968142862514997,6.33034315035285,2.44616568717948e-10,1.66411294256933e-09
"SFN",2804.7467394438,0.858339668243249,0.0904822897276158,9.48627262668926,2.39443249527392e-21,3.60786521716817e-20
"NUDC",884.42574621181,-0.648163667976082,0.0943012947992834,-6.87332734248955,6.27214128927623e-12,4.95964274567999e-11
"TENT5B",173.953152018377,0.525756611071046,0.155798618491234,3.37459096982062,0.000739254782326646,0.00223225710997126
"SLC9A1",286.617917260188,0.723861690797212,0.117325746607603,6.16967470250306,6.84306299485265e-10,4.42637610302368e-09
"MAP3K6",167.276973495769,-0.46731014480579,0.148268622126305,-3.15178045161642,0.0016227823971173,0.00461337144320096
"GPR3",35.2391551363767,-1.18055353704074,0.321479105330615,-3.67225588682237,0.000240418769071416,0.000791051056679933
"WASF2",2870.6290072061,0.887516160770047,0.0636738610370489,13.9384693548526,3.69785746920676e-44,1.39412321030492e-42
"AHDC1",607.05620962549,0.881124907211652,0.0977862348108726,9.01072537372798,2.04698026293456e-19,2.7777583824054e-18
"IFI6",674.454528012133,-0.591621832607336,0.0882941726458366,-6.70057620881091,2.07599297317369e-11,1.56271801877874e-10
"STX12",676.367439200215,0.681221391525538,0.0856033591560851,7.95788153924464,1.75009785647972e-15,1.81883007333454e-14
"THEMIS2",86.1393821620038,-0.46580302169489,0.202832600930372,-2.29648991117946,0.0216478853561394,0.0477498827421037
"RPA2",648.935849467572,-0.641468565068482,0.101981513840249,-6.29004748912948,3.17368867795137e-10,2.12692613110307e-09
"SMPDL3B",133.374431174824,-0.424392833284102,0.167874759512627,-2.52803241247343,0.011470376203487,0.0272629450755789
"XKR8",116.204536004251,0.437261567506343,0.173404541063684,2.52162697022886,0.0116813509854163,0.0276767849208765
"DNAJC8",815.338109214911,-0.807100058399076,0.0891587773143653,-9.0523903838802,1.39872230615815e-19,1.91683457637081e-18
"ATP5IF1",269.180137426135,-0.852952823506784,0.165045314742916,-5.16799174114935,2.36622763371867e-07,1.18680178645266e-06
"SESN2",417.630512337265,0.503057474408961,0.120277480918383,4.18247431329495,2.88353605022601e-05,0.000109814461456304
"RCC1",1091.91742080256,-0.252550785469592,0.0831204200039662,-3.03837234529784,0.00237859856657759,0.00653525305203457
"TRNAU1AP",266.574175039366,0.697840841314594,0.121701051331018,5.73405762466684,9.80559923680707e-09,5.73164787046708e-08
"GMEB1",348.967125261044,0.320718759856158,0.10831028542347,2.96111083635518,0.00306531605448591,0.00825217517446826
"YTHDF2",1376.3801262161,-0.383393030139551,0.0725164713540757,-5.28697857163458,1.24353200150742e-07,6.42521264591083e-07
"TMEM200B",59.0305996411931,-1.02339072793077,0.252613068551401,-4.05121846545536,5.09516067417844e-05,0.000186171716361252
"MECR",180.150969082404,-0.77054454600066,0.145810711858061,-5.28455376276294,1.26011539191198e-07,6.50488097325861e-07
"PTPRU",753.49247641677,0.462095017884583,0.0848925877101299,5.44329051980875,5.23052358570353e-08,2.83166088837233e-07
"PUM1",2142.82758790019,0.216280378919822,0.0677815238848764,3.1908456246449,0.00141857055491697,0.00407590241871153
"SNRNP40",716.600924345939,-0.586597220069018,0.0889953633413884,-6.59132339084698,4.35923171485443e-11,3.18563320086747e-10
"TINAGL1",580.027651954896,0.584815743961084,0.0889519880255653,6.57451010305699,4.88136157098411e-11,3.54277152117216e-10
"PEF1",327.968202113728,-0.290891269598357,0.123740862994149,-2.35081009263781,0.0187325917521164,0.0421395625970403
"ADGRB2",125.557043354298,-0.447766896971909,0.1840642183311,-2.43266671291024,0.0149880899286866,0.0345132083573806
"TMEM39B",163.801412667594,0.459583191218994,0.151310674274541,3.03734811454953,0.00238669649872884,0.00655550336893652
"KPNA6",2120.28752857089,-0.572992420850312,0.0648650120526887,-8.83361311002117,1.01347753862416e-18,1.30736426081217e-17
"TXLNA",874.383654647802,-0.495330724416761,0.083359265654407,-5.94211957756821,2.81360049376457e-09,1.73702961624294e-08
"IQCC",70.5050001677335,-0.666101793829323,0.224737319562229,-2.96391269205684,0.00303754455096566,0.00818230050118865
"EIF3I",1884.97698347634,-0.195975360295687,0.0813420111493453,-2.40927606198319,0.0159842021448476,0.0365269219949656
"MTMR9LP",47.2334080891197,-1.04301294029229,0.276214202657082,-3.77610177267817,0.000159301922698643,0.000539417502621617
"LCK",8.27449123267191,2.43075959278177,0.6985953905574,3.47949560738197,0.000502358604631288,0.00156463954615631
"MARCKSL1",590.379062110752,-0.842330768442451,0.0992551708961002,-8.4865177384481,2.12921174828749e-17,2.53103726358106e-16
"ZBTB8B",48.1536693240421,-0.830511233260028,0.274289409425975,-3.02786474694046,0.00246288291978842,0.00674933289195667
"ZBTB8OS",213.532006450176,-0.523698909857237,0.132707557770608,-3.94626288551311,7.93804567534263e-05,0.000282598816901125
"RBBP4",2242.42444297348,-1.00166687104587,0.0695181839241107,-14.408703083201,4.56196433231238e-47,1.85998097811316e-45
"KIAA1522",951.810763459568,0.260967599385294,0.0798251366776185,3.26924087132148,0.00107836459738757,0.00316604894257437
"YARS1",1202.67727067929,-0.466813493093575,0.0823940941384811,-5.66561836712464,1.46495253521524e-08,8.41297311571508e-08
"RNF19B",540.012394412425,1.31802251577883,0.0937354632170714,14.0610871333357,6.58665444817202e-45,2.53628418398521e-43
"AK2",2234.00515029746,-0.322112491895856,0.0629515798276284,-5.11682935961022,3.10714485367281e-07,1.53618264493931e-06
"PHC2",1672.13544490134,0.781979681200499,0.0688822205448068,11.3524168503225,7.21406322053205e-30,1.6818193182045e-28
"GJB5",93.2498179279236,1.2586496433956,0.196800614018432,6.39555750206001,1.59962628241353e-10,1.10915218296938e-09
"GJB4",54.2767657555373,1.15902856165119,0.259684614071551,4.46321614314755,8.07385350498301e-06,3.34711097339082e-05
"GJB3",1069.73707955527,2.79152182461791,0.0930681679966798,29.9943781499761,1.16182638930111e-197,4.27291293093782e-195
"GJA4",2.66778738478978,4.1836420800636,1.51452184620836,2.76235175513476,0.00573866154983956,0.014613030915594
"SMIM12",263.071852120795,-0.306274739359249,0.122955998618734,-2.49092962360426,0.0127409353974189,0.0299147201014125
"TMEM35B",69.9619170719224,-1.12449746157712,0.233774014721647,-4.81019014417001,1.50786785154891e-06,6.8308915416699e-06
"ZMYM1",664.801019547029,-0.672663050521954,0.0895893923329475,-7.50828901732125,5.99051355909617e-14,5.57043575069515e-13
"KIAA0319L",548.911313706917,-0.426441192765048,0.0936606846736731,-4.55304372641337,5.2875277524325e-06,2.24785415490885e-05
"PSMB2",1881.21168887726,-0.260921256722371,0.0770367283785291,-3.38697219124239,0.000706685505419795,0.00214144602205652
"C1orf216",172.432868156843,-1.33084041072093,0.154795151564448,-8.59742955299762,8.15213908494969e-18,9.90625073835997e-17
"CLSPN",633.43277734541,-2.06981391147069,0.102540761425335,-20.1852793240455,1.31880139967114e-90,1.2777483883588e-88
"AGO1",1356.72047085317,0.274884900630077,0.0737616338055386,3.72666502147674,0.000194030053934366,0.000648482122023592
"AGO3",1459.80122411515,0.448099716875323,0.0906023461080821,4.94578491754256,7.5837657832262e-07,3.56926203132722e-06
"ADPRS",215.199206429499,0.54335161881055,0.135765940140529,4.00212025378483,6.27773757368231e-05,0.000226943046770971
"TRAPPC3",422.932939809114,-0.3562237316578,0.107854771675729,-3.30280919539477,0.00095721495314862,0.00283996882955075
"MAP7D1",730.741625666061,0.302095430509176,0.0989329770141517,3.05353623863925,0.00226161404597131,0.00624334355429673
"SH3D21",103.405905569993,1.39977690562385,0.193622131423685,7.22942617835795,4.85039077203505e-13,4.20437191451869e-12
"EVA1B",81.0523219784313,0.6274275301376,0.210385881656745,2.98227012761854,0.00286119423798911,0.00775540513583802
"STK40",401.204991217579,1.06448095003355,0.105568292628533,10.0833396423221,6.54625195812355e-24,1.13651258706498e-22
"MRPS15",465.058355608979,-0.294251040042904,0.105453929970406,-2.79032787232756,0.00526546896009164,0.0135167954596877
"ZC3H12A",181.053679767145,0.98269500977169,0.148779439920684,6.60504576637453,3.97394557991183e-11,2.91589874982049e-10
"MEAF6",686.052138308004,0.288103365346931,0.085372787612482,3.37465102644497,0.000739093490011007,0.00223214408974164
"GNL2",868.754163925376,0.24566185878308,0.0843383788111635,2.91281220063674,0.00358189946486312,0.00951074263390279
"C1orf109",315.982126086503,-0.330874326865662,0.114096471110621,-2.89995232670139,0.00373219419371362,0.00986475088954431
"CDCA8",590.56320924224,-1.18735540597251,0.104483243215863,-11.364074940892,6.31296727716527e-30,1.4755639857561e-28
"EPHA10",62.1358944136949,-1.04682481279504,0.256382953201616,-4.08305154349256,4.44481595049568e-05,0.000163803738740046
"MANEAL",168.90751780487,-0.44533866079575,0.146651528198621,-3.03671339989444,0.00239172743654387,0.00656531913693176
"YRDC",350.36620491675,0.342017778630892,0.111075776015329,3.0791392227923,0.00207599642111172,0.0057778427034524
"MTF1",675.308358738795,0.544648625803084,0.0851027886105409,6.39989164509732,1.55487254864635e-10,1.07978258956285e-09
"SF3A3",1093.49267750729,-0.494853654296122,0.0797567598516862,-6.20453558063718,5.48586614408211e-10,3.58581043824823e-09
"FHL3",170.00453424982,0.839324024531593,0.158753415550884,5.28696671891492,1.24361254696948e-07,6.42521264591083e-07
"UTP11",447.316668667092,-0.646404785198449,0.111335483946881,-5.8059188524914,6.40139616184328e-09,3.81732495806015e-08
"RRAGC",428.818029949072,0.587710265433578,0.103147782217153,5.69774989632151,1.21398963715816e-08,7.04810156289535e-08
"AKIRIN1",1235.81225664252,0.235283371107004,0.0746209040712375,3.15304905556207,0.0016157465213021,0.00459554420144967
"NDUFS5",349.029064843758,-0.69990917006035,0.148979517008722,-4.69802281624644,2.6269209203859e-06,1.16028779182045e-05
"MACF1",6370.63837577127,0.859336612865354,0.0682471207327364,12.5915438430086,2.35031078371196e-36,6.98926578106819e-35
"PABPC4",4262.0952363769,0.756846181764507,0.0579076952970876,13.0698722834955,4.89476370490946e-39,1.57515244153881e-37
"HEYL",122.666430209384,-0.615132049263168,0.17255135526716,-3.56492157543917,0.000363965001259785,0.00116109281071032
"CAP1",1983.53819310545,0.30354335344537,0.069172400637457,4.38821481758724,1.14284865371679e-05,4.6312740248775e-05
"PPT1",622.444297674883,-0.330697690038179,0.0937504400551668,-3.52742546961467,0.000419621878135259,0.00132550497210789
"RLF",2307.99675493688,1.92312845804031,0.0638928659223392,30.0992674264736,4.95348193079295e-199,1.8992914441451e-196
"ZMPSTE24",1163.36667737374,-0.278330616646708,0.0751769907690693,-3.70233782703129,0.00021362190839393,0.000708182562760673
"SMAP2",353.273252570426,0.799565423992001,0.110423286886058,7.24091309487145,4.45673927205991e-13,3.86873306463351e-12
"EXO5",6.34320648227149,-2.69697863024752,0.932205608178964,-2.89311564593136,0.00381440823430115,0.0100628679242192
"ZNF684",57.0865575989176,-0.929656206163085,0.249089405371144,-3.73221897887586,0.000189800390516454,0.000635170443360636
"RIMS3",154.387469963978,-1.1116003208749,0.15904828168151,-6.98907469557485,2.76705081730407e-12,2.24899523223329e-11
"KCNQ4",72.7478979737812,-1.07022278510368,0.231956784496655,-4.61388869235302,3.95204127187706e-06,1.70954718580165e-05
"CTPS1",721.426261903634,-1.15754409881415,0.0902309100955144,-12.828686949836,1.13267515456577e-37,3.51929982076374e-36
"SLFNL1-AS1",87.9543051244094,-0.58820959574502,0.239617295335229,-2.45478772691305,0.0140967802356505,0.0327664228849035
"SCMH1",247.999290458387,-0.767730301029719,0.130739504531052,-5.87221363415352,4.30014095895042e-09,2.61182474625027e-08
"FOXJ3",1458.10257857712,0.479648632746395,0.0741888742231147,6.46523670522221,1.01140363442838e-10,7.11417052928723e-10
"RIMKLA",550.4507050054,2.25381478190555,0.10714911425434,21.0343762297061,3.1792663874956e-98,3.60336852635586e-96
"PPIH",279.139197660034,-0.437640146323015,0.143573267781512,-3.04820077640785,0.00230216056681287,0.00634458412211879
"P3H1",299.557684311539,0.613359424876883,0.118828442074048,5.16172234669768,2.44688030910399e-07,1.22582665232502e-06
"C1orf50",174.534085126639,0.520022993167081,0.144697399680566,3.5938655035618,0.000325808064128871,0.00104939894971696
"TMEM269",47.6073586549744,2.44066269132977,0.295453074700672,8.26074561519606,1.44765309498869e-16,1.62745829225148e-15
"ZNF691",88.0542403057529,-0.544035461458027,0.209248739066333,-2.59994618789824,0.00932383800595198,0.0226387610758907
"SLC2A1",10931.1964738099,3.53090735863838,0.0563814698773824,62.625315840778,0,0
"SLC2A1-DT",47.6117836840095,1.8184578590567,0.284588750059695,6.38977422218994,1.66130862417835e-10,1.14882742579885e-09
"EBNA1BP2",505.308708143229,-0.248586801457616,0.104374150259111,-2.38168934396585,0.0172334287227612,0.0390842712072591
"C1orf210",37.1042870022751,-0.868180428632681,0.316224347800585,-2.74545725106584,0.0060426639464918,0.015324352234693
"CDC20",1284.7441961453,-0.935193532404615,0.0963467789055756,-9.70653656539104,2.82782880149534e-22,4.50577390201128e-21
"SZT2",428.378881999966,-0.333673949161955,0.113903592319205,-2.92944184084084,0.00339571352596489,0.00905238956381853
"PTPRF",3655.20290043405,0.678158980787588,0.0595893604677528,11.3805379930966,5.22762395530951e-30,1.22825308081659e-28
"KDM4A",934.360554020092,0.261337998295795,0.0753489574060192,3.46836913598645,0.000523627486005618,0.00162498552183696
"ARTN",84.0279026312664,1.78861482681954,0.215561412852293,8.29747218276558,1.06349991005789e-16,1.20993256812836e-15
"IPO13",376.158950262116,0.930922868049214,0.109845267094437,8.47485642917027,2.35369627909637e-17,2.79052372668392e-16
"DPH2",231.029280489867,-1.031064945032,0.141470048557934,-7.2882207615117,3.14075040515242e-13,2.75960326919804e-12
"ERI3",303.897217590862,-0.538661964171394,0.118038961750305,-4.56342512831363,5.03257623626447e-06,2.14655754683366e-05
"RNU5F-1",18.4167376736206,-2.04217341552228,0.486781965941944,-4.19525282036811,2.72567387846217e-05,0.000104198915918046
"RNU5D-1",12.3012084366918,-1.39178542833613,0.563141563984263,-2.47146635472822,0.0134560212598695,0.0313944794308789
"KIF2C",925.873699512673,-0.801325866298305,0.0900323495101271,-8.90042157800369,5.56349632773541e-19,7.30224088289292e-18
"RPS8",8940.44710753354,0.420445955278484,0.0641868228665331,6.55034688588246,5.74035857406159e-11,4.12797293947182e-10
"PLK3",453.272674433992,0.578474880852234,0.100403503459048,5.76150095288435,8.3369192686117e-09,4.90979157319122e-08
"DYNLT4",47.8185806842397,0.813676530846566,0.268736071880992,3.02779052008655,0.00246348791457228,0.00674996437714872
"BTBD19",122.514475279403,0.56709120566761,0.18462038431722,3.07166084484593,0.00212871441662384,0.00590996187058669
"PTCH2",30.3466057891816,0.756511309140129,0.330063081558262,2.29202037855479,0.0219044672749607,0.048267334630345
"HECTD3",304.648306670236,-0.338027162902156,0.128119707904974,-2.63836975926349,0.00833056931256769,0.020464175242882
"UROD",335.372331789217,-0.825453376142373,0.126085133242408,-6.54679385994999,5.8785416374382e-11,4.22228771814563e-10
"ZSWIM5",43.5210844726544,1.35940142037254,0.287397772379141,4.73003464542932,2.24481524902544e-06,9.99106337433626e-06
"MUTYH",144.704588815348,-1.48478572306643,0.171864306975014,-8.6392907823629,5.65630439589612e-18,6.94361454485313e-17
"TOE1",157.135810529298,-0.936033890043273,0.159323788972399,-5.87504161230708,4.22737145672215e-09,2.56849160558293e-08
"MMACHC",239.040753996435,-0.563794300655007,0.131432087764188,-4.28962447638018,1.78975480558487e-05,7.06222276142872e-05
"PRDX1",5828.79279675283,0.437441496910448,0.0641977299208427,6.81397142001475,9.49405741370352e-12,7.35376913457716e-11
"AKR1A1",649.504255570711,-0.241758103460626,0.0938261455747431,-2.57666028994059,0.00997599400472996,0.0240601429281636
"NASP",1013.77503382184,-1.03466398799817,0.0865184713048506,-11.9588796749829,5.83437433144053e-33,1.5576482937317e-31
"CCDC17",54.3924028301549,1.87232013333496,0.260737982033975,7.18084921394763,6.92797285735739e-13,5.91421122039022e-12
"GPBP1L1",1692.84471856138,0.211244909399626,0.0714682535218504,2.95578664637496,0.00311872745355362,0.00837539837398845
"TMEM69",358.61074028287,-0.957090756534261,0.118222750016317,-8.09565634704119,5.69564071001483e-16,6.14985867196987e-15
"IPP",231.992270840054,-1.03486662752821,0.135960585925111,-7.61151932736025,2.70892381809962e-14,2.59391690361175e-13
"MAST2",1103.34341531474,0.253325049070404,0.0729801910659247,3.47114806593984,0.000518238156136276,0.00160992411855401
"POMGNT1",630.476466812581,-0.428460427934289,0.0938596411808301,-4.56490588014093,4.99718488087282e-06,2.1324714359036e-05
"RAD54L",206.614014296497,-1.54862866884,0.147706495299958,-10.4844994507188,1.01783183807619e-25,1.90668893492422e-24
"LRRC41",671.302372403745,0.46195152178234,0.0853718989878397,5.41104891959987,6.26566511113621e-08,3.36653401812122e-07
"FAAH",126.527062449715,-0.761823791485489,0.16936198744823,-4.49819822596472,6.85317853242565e-06,2.87278740015917e-05
"DMBX1",42.639159030591,-1.41477242822718,0.301928759777503,-4.68578226621985,2.78892635388885e-06,1.22853194386289e-05
"MKNK1",375.457676111563,0.419383721076172,0.105619122631001,3.97071771313005,7.16564414130012e-05,0.000256468864092094
"MOB3C",171.70752889659,0.815603297035015,0.147520272582753,5.52875399940366,3.22513216490655e-08,1.78611268419732e-07
"ATPAF1",419.093935375631,-0.599834149384056,0.108276490579504,-5.53983737534987,3.02752659336364e-08,1.68029124542674e-07
"EFCAB14",1392.40164923894,-0.303189002722699,0.0720107538965742,-4.2103295177017,2.54998486719689e-05,9.80232024141534e-05
"STIL",1287.89631620478,-0.579408564601681,0.0699030122079821,-8.28874960177352,1.14445188100247e-16,1.30038886176201e-15
"CDKN2C",114.363975227873,-1.17321373737496,0.187742289070642,-6.24906483873497,4.12917487961558e-10,2.73271614049035e-09
"RNF11",1330.91444425409,0.651566048959605,0.07106010946054,9.16922382903763,4.7643703354467e-20,6.68161228132956e-19
"EPS15",1222.56174465199,0.429143923309628,0.0739185605419369,5.80563149719559,6.41238550546991e-09,3.82134917969819e-08
"OSBPL9",1122.66741977989,0.202102032254533,0.0769918692625581,2.62497889959424,0.00866543371168566,0.0211972011562763
"NRDC",2934.84319591818,0.480837576267446,0.0594925473017886,8.08231615681701,6.35480964773731e-16,6.82479288807355e-15
"BTF3L4",765.482769637835,-0.698517508164682,0.0862731468537766,-8.09658084396285,5.65254175635317e-16,6.10698171410315e-15
"ZFYVE9",630.821088307359,0.695284835615501,0.091634628762424,7.58757737119367,3.25941992775562e-14,3.09473163951971e-13
"ORC1",378.35705757096,-0.754443347547238,0.107047017587309,-7.04777549670547,1.81800640392378e-12,1.49599513265345e-11
"PRPF38A",605.41675186694,-0.610301241754757,0.0972589378274517,-6.27501446538004,3.49601788943317e-10,2.33599326605395e-09
"COA7",426.429262010421,-1.12094323987448,0.106137940576657,-10.5611926685622,4.5089605869682e-26,8.6811943095891e-25
"CPT2",195.727517872992,-1.18886181159239,0.145099049012323,-8.19345005832137,2.53842812768745e-16,2.80644253307089e-15
"MAGOH",223.160296868815,-0.663989463689507,0.153895309687695,-4.31455295835179,1.59926194311454e-05,6.35788649390407e-05
"NDC1",1466.93997117226,-0.451160753215505,0.0709792016067601,-6.35623877139436,2.0675357138471e-10,1.41508017847469e-09
"HSPB11",298.916572796174,-0.710548346726898,0.123588155466004,-5.74932398697665,8.96009760231432e-09,5.25960647854418e-08
"TMEM59",1137.41888644543,0.413565494106768,0.075579024738314,5.47196124240428,4.45082186895446e-08,2.42981705242134e-07
"TCEANC2",164.240372834381,-0.657450375095535,0.156783998171306,-4.19335125244854,2.74863335087305e-05,0.000104965292680829
"CYB5RL",112.478952788222,-2.62911639325582,0.224649728705089,-11.7031808068961,1.22763910656702e-31,3.12035040048578e-30
"MRPL37",771.023329179794,-0.284092680881909,0.0881037651015951,-3.22452372556738,0.00126182400398616,0.00366172791881395
"SSBP3",341.627049579408,-0.879362603782006,0.112733050974478,-7.80039745381406,6.17124980260877e-15,6.1579231834337e-14
"PARS2",108.251634771198,-0.618207299233025,0.188664517322518,-3.27675446345967,0.00105007643088244,0.00309206329427001
"PCSK9",1719.51188730277,0.818622254249988,0.0723035223191749,11.322024543096,1.02086685688626e-29,2.35859508050606e-28
"USP24",1985.36136801868,0.407788964291517,0.0678296381101948,6.01195842485597,1.83295336621742e-09,1.14837061179535e-08
"PRKAA2",572.156669007316,1.43769245735415,0.101596400520331,14.1510176540797,1.84074080683421e-45,7.18008443289161e-44
"OMA1",205.919502958021,-0.401377443041062,0.138048346488232,-2.90751358673664,0.00364314517986418,0.00965203165044581
"TACSTD2",18.3995128924573,1.23702608552571,0.434372706784277,2.84784487193863,0.00440163743316125,0.0114494671164837
"MYSM1",1810.03135404703,1.00617571978507,0.0769196261484581,13.0808711660026,4.2355784145964e-39,1.36790965249896e-37
"JUN",868.260904839349,1.96847719708288,0.0960069908034565,20.5034777218744,2.00443792975584e-93,2.05238499614375e-91
"HOOK1",580.395898468615,-0.758590623782915,0.092172909119004,-8.23008225555192,1.87084930426768e-16,2.08888322876133e-15
"NFIA",307.528868480015,-1.26995234882387,0.120214892719198,-10.5640184847169,4.3752153469504e-26,8.44172973954958e-25
"TM2D1",225.467138680678,0.338927728570257,0.135207601952254,2.50672095116326,0.012185687095225,0.0287394669733084
"PATJ",1747.4939187007,1.01844116494508,0.0760275416347155,13.3956871818679,6.40801755718e-41,2.19959779805601e-39
"USP1",995.088953144821,-0.560125738781148,0.0767839560497617,-7.29482782077736,2.99041254567606e-13,2.62879143832333e-12
"DOCK7",1635.41954380763,1.04561036204658,0.0681650664219495,15.3393874154561,4.17112531335502e-53,1.932335456863e-51
"ATG4C",161.418423830374,-0.723291009276149,0.158691105939727,-4.5578547391992,5.16787581360649e-06,2.19958172028821e-05
"ALG6",186.080141874845,-1.05501046518204,0.153852859395284,-6.8572691422749,7.01893204243901e-12,5.5090668265154e-11
"ITGB3BP",251.009442011635,-1.07568850077148,0.127578917586735,-8.43155374821371,3.41105558922871e-17,3.98383880579978e-16
"EFCAB7",119.30430861558,-0.887514472442069,0.178200162404054,-4.9804358226661,6.34412389301375e-07,3.01735172013726e-06
"PGM1",671.022464285724,1.35533738255693,0.0943463486536479,14.3655520526021,8.51256805337918e-47,3.44730312112239e-45
"JAK1",1412.8647633715,0.185056639964395,0.0708041075499081,2.61364271605221,0.00895826611619969,0.0218394093181865
"AK4",2471.83176923915,1.74759029353079,0.0654384785834759,26.705851532008,4.02504172638266e-157,1.00743440209919e-154
"DNAJC6",347.557766398604,0.334935193402194,0.11504913104245,2.91123618550941,0.00360001775331543,0.00955603475217224
"LEPROT",412.162957555046,-0.441643207355427,0.11027448938229,-4.00494447835869,6.2032049267269e-05,0.000224383693264845
"PDE4B",2029.51309934405,-0.368534023288959,0.0687300001299424,-5.36205474453951,8.22805937714549e-08,4.35983116834869e-07
"DNAI4",42.1860404271566,-0.702970379663208,0.291759010491585,-2.40942131822689,0.0159778408784475,0.0365216477004696
"MIER1",1074.77179487719,0.442819990928905,0.0819442763259622,5.40391606080494,6.52014655583513e-08,3.49597027916408e-07
"IL12RB2",63.0709033010064,1.82462467746847,0.28105393571638,6.4920801511556,8.46591940743334e-11,5.99231475417738e-10
"GADD45A",631.608785842613,0.953106591822654,0.0921311249667502,10.3451096702295,4.40411755624299e-25,8.02493452791254e-24
"GNG12",1558.43996526125,-0.266232707982119,0.0702523418306873,-3.78966310651618,0.00015085173388852,0.00051283132106171
"GNG12-AS1",37.4087707995747,0.749938268867343,0.298473716359387,2.51257724805609,0.0119852862332677,0.0283298587630794
"WLS",884.821827035994,0.453207556915924,0.0842311452605389,5.38052231765445,7.42700304442809e-08,3.95748142707388e-07
"DEPDC1",1776.6535592335,-1.17045301370142,0.0747451653267388,-15.6592471042768,2.87277905960093e-55,1.39167611379216e-53
"ANKRD13C",541.571874264523,0.430088275135278,0.0902316647835857,4.76648941551521,1.8746357332247e-06,8.39950535764354e-06
"ZRANB2",1232.64234224961,-0.601601171537713,0.0786052677333265,-7.65344599523131,1.95663831267393e-14,1.88761129725358e-13
"LRRIQ3",6.52554302314348,-3.21408480337554,1.02815816272962,-3.12606067809897,0.00177164992735626,0.00500108135038958
"FPGT",162.722031185704,-0.919064645120804,0.154840358453921,-5.93556262913397,2.92839508475285e-09,1.80542619987448e-08
"CRYZ",237.088682854827,-1.170617040414,0.132602515589029,-8.82801532998106,1.06549456183605e-18,1.37348193840111e-17
"SLC44A5",121.601851178313,-0.722138970760631,0.183897854159329,-3.92684827162241,8.6066235846334e-05,0.000304595372385464
"ACADM",532.821109241892,-0.807125101227363,0.0927726284921665,-8.70003485236504,3.31782260471734e-18,4.14635791675529e-17
"RABGGTB",2145.22764678146,0.380817366791938,0.0625193219233908,6.09119477109139,1.1207109814312e-09,7.15420920877491e-09
"MSH4",187.297214320289,2.05343379193804,0.15549137089992,13.2060948466376,8.09146182526065e-40,2.66088017432522e-38
"ASB17",7.20488672629043,2.19830034967522,0.755173138852208,2.9109885357104,0.00360287236758176,0.0095622036724876
"LOC101927342",4.7100227140519,2.08651864862708,0.908031546885973,2.29784819237024,0.0215704307917084,0.0476081730921467
"ST6GALNAC3",18.3526578201352,-1.0688543353316,0.438456162958208,-2.43776784461229,0.0147782615206794,0.0341128539598006
"ST6GALNAC5",32.3803668372498,-1.12989451068561,0.336551579995462,-3.35726996349517,0.000787162139985465,0.00236779317721216
"PIGK",344.751251637884,-0.61902327636809,0.109797965277965,-5.63783923318586,1.72197152962033e-08,9.82636128413172e-08
"ZZZ3",1370.68064798284,0.345829313899813,0.0702049640256706,4.92599517283935,8.39320694943719e-07,3.92969556861023e-06
"FUBP1",2221.19515202669,-0.334937054307476,0.0620767243851978,-5.39553363397733,6.8320192527016e-08,3.65340709059156e-07
"IFI44L",10.5332197445361,-1.99551837880035,0.664826170765032,-3.00156411788672,0.00268596467841492,0.00731174765403555
"IFI44",563.871249981787,0.271491055373568,0.0902788465869247,3.00724993326276,0.00263622920182095,0.00718721428835332
"TTLL7",572.959855554067,-0.233688092025184,0.0998166983344255,-2.34117232812326,0.0192232918595019,0.0430444195728948
"PRKACB",4835.1466385805,-0.23784696031927,0.0540511057289824,-4.40040878186393,1.08047140841643e-05,4.39529915374096e-05
"SAMD13",109.435957680925,-0.537121972932964,0.184265255017106,-2.9149389714469,0.00355758103118397,0.0094559244488151
"RPF1",665.589430880563,-0.503397393544449,0.096002335424356,-5.2435952867115,1.57477422254728e-07,8.0393785451911e-07
"SPATA1",40.5662066567165,-1.06064815696894,0.333411644846186,-3.18119709783458,0.00146667807970043,0.00420541060847756
"CTBS",328.876242940833,-0.311021154546209,0.112838819032173,-2.75633117409292,0.00584537796915855,0.0148637725952034
"SSX2IP",1065.16285604338,-0.42330948001901,0.0790167020640165,-5.35721523376236,8.45144208424129e-08,4.47155707380849e-07
"LPAR3",580.557532517008,0.679497060040653,0.0965240720972834,7.03966425448577,1.92703598285636e-12,1.58282203496146e-11
"MCOLN3",206.919778919436,-0.763602981869776,0.144061995347693,-5.30051648963228,1.15475534983643e-07,5.99534605571947e-07
"DNAI3",28.144732632152,-0.965243912613153,0.364748381902433,-2.64632815525786,0.00813708369573253,0.0200298299796197
"SYDE2",158.609823419473,0.815963250389874,0.158246702603122,5.15627331860612,2.51913114746977e-07,1.26007839725378e-06
"BCL10",806.138889309642,0.815661441592562,0.0823540605591416,9.90432573760955,3.98649939145483e-23,6.65808206982461e-22
"CCN1",200.918884948225,0.505917079242185,0.141453314233272,3.57656575234337,0.000348137779256351,0.00111534060799621
"ZNHIT6",364.826637582337,-0.323143786558512,0.107081602950312,-3.01773393052827,0.00254672396704768,0.00696320931727601
"ODF2L",500.241616755045,0.419837385247518,0.0925858127425288,4.53457579310818,5.7719372916691e-06,2.44456126752453e-05
"SH3GLB1",1026.65961652478,0.448909701303615,0.0765903129891267,5.86118118315231,4.59586174969948e-09,2.77926257017901e-08
"SELENOF",1496.68619890295,0.190989919498946,0.0683720955041821,2.79338987770623,0.00521587849171241,0.0134011044053535
"HS2ST1",1000.55913244511,0.38732947607072,0.0797251651923599,4.85830885563143,1.18392627788747e-06,5.42750838306031e-06
"PKN2",1770.46904887836,0.174576985966194,0.0701790191310274,2.48759512640454,0.0128610053668276,0.0301545898667188
"KYAT3",279.307304338241,-0.464734122234635,0.118506066328818,-3.92160618128307,8.79606716960065e-05,0.000310446389469983
"RBMXL1",445.763254224096,0.377799495793141,0.0978455807064923,3.86118098605217,0.000112840275832145,0.000391131873585514
"LRRC8B",517.049925729673,-0.470562196487411,0.0930816799662346,-5.05536853930986,4.29560439100261e-07,2.08824080739838e-06
"LRRC8D",205.127646604737,-0.475624164943365,0.143911280344785,-3.30498181799132,0.000949825615339277,0.00281990237463412
"GEMIN8P4",12.6789052911392,-1.33413110966288,0.560065880673636,-2.38209674200866,0.0172143744351967,0.0390459712645287
"ZNF326",758.980608955168,-0.550835076879117,0.0861582924287555,-6.39329147957063,1.62352349716253e-10,1.12399219909205e-09
"ZNF644",1563.42014225443,0.15660248389307,0.0673060117804338,2.32672356822953,0.0199799826394018,0.0445507630715985
"CDC7",409.091828952826,-1.22041353847881,0.107155223144287,-11.3892118617073,4.73250852277417e-30,1.11628973938368e-28
"BTBD8",124.355278890405,-0.998532898883512,0.178151790578563,-5.60495572702746,2.08308203289723e-08,1.17751635241032e-07
"GLMN",196.170450578408,-0.362659114182348,0.138902385280029,-2.61089191126,0.0090306431491149,0.0219920567824594
"RPAP2",603.963815937635,-0.52115040264033,0.0931512539567007,-5.59466867598557,2.21043478633352e-08,1.24715858749268e-07
"EVI5",634.482577878566,0.21249412857232,0.0930466913430951,2.28373653598043,0.0223870194528349,0.0491695889773965
"RPL5",5982.70406271001,0.492374100022633,0.0656559323238419,7.49930863206759,6.4155309857327e-14,5.95949916978809e-13
"CCDC18",268.304672879655,-1.12996082151611,0.127005652535255,-8.89693331721952,5.74109709759771e-19,7.52438623969515e-18
"CCDC18-AS1",188.492075972675,-0.505368580249658,0.159990156618824,-3.15874795631144,0.00158448457245634,0.00451303879883604
"DR1",1656.00570854818,-0.155607166232051,0.068216878741982,-2.28106546505311,0.0225445733340106,0.0494673999820048
"FNBP1L",1416.79356455031,0.72050093533157,0.0765056043724517,9.41762294725443,4.61415293651408e-21,6.83812911750988e-20
"BCAR3",1462.4379948528,2.33264156663602,0.0793787443939274,29.3862240382638,8.23681740009594e-190,2.8545324301371e-187
"BCAR3-AS1",42.2274928091791,1.92781123508216,0.306982612452435,6.27987109654579,3.38853857450466e-10,2.26754005388594e-09
"GCLM",1363.52486273205,1.78286440205773,0.0795998758861008,22.3978289188394,4.13230873456676e-111,5.72833351581751e-109
"ARHGAP29",13308.4809823064,0.478383016379978,0.0553054645198731,8.64983271604344,5.15749763587748e-18,6.35726846074885e-17
"F3",986.745469952868,2.31128131604533,0.0829827885755316,27.8525385290177,1.00352034675142e-170,2.9168451885173e-168
"CNN3",2190.58138746632,0.662954141902314,0.0626413422402765,10.5833323200417,3.56064682902643e-26,6.92194352814296e-25
"ALG14",92.6228243580081,-0.464826811536242,0.192313006652654,-2.41703262627363,0.015647614504035,0.0358408958887174
"TLCD4",324.430047571027,-0.347029582702152,0.124167795614969,-2.79484371115241,0.0051924811124395,0.0133447949411398
"FRRS1",362.597953630469,0.409601363269032,0.10490271474598,3.90458306308731,9.43879700283446e-05,0.000330734125584445
"SLC35A3",829.240353767708,0.563862237699202,0.0946142848008023,5.95958886003671,2.52873329473364e-09,1.56437702383779e-08
"SASS6",406.290291769017,-0.961449686221356,0.10402851571962,-9.24217441314528,2.41537987228746e-20,3.46281310091426e-19
"TRMT13",264.732704908626,-0.528074994655187,0.127497694028267,-4.14183957349149,3.44531304403747e-05,0.000129647079487574
"DBT",548.823327604666,-0.856290628274271,0.0943370005474156,-9.0769329457733,1.11677367029494e-19,1.5409937452056e-18
"CDC14A",179.140780675592,-0.536324312742497,0.153693407930551,-3.48957264962753,0.000483793535453857,0.00151151929653501
"EXTL2",395.514905486746,-0.298856094441749,0.103604682022537,-2.88458097267013,0.00391934952063528,0.0103125416427754
"SLC30A7",1106.35685171228,0.262599972353632,0.0796040872646328,3.29882524097858,0.000970903345696556,0.00287631911767181
"LOC102606465",44.0812106441433,-1.17606741271462,0.292522320973419,-4.02043648772186,5.80904093950793e-05,0.000210972847180315
"RNPC3",204.342763270947,0.335513332808713,0.137898484067788,2.43304583858791,0.014972405293211,0.0344814972254256
"AMY2B",60.9997683955516,1.40047513545244,0.262399315553278,5.33719050485893,9.43978433539263e-08,4.95526808937112e-07
"PRMT6",82.8754082496561,-1.41335943397685,0.217284142273555,-6.50465983936128,7.78693804967762e-11,5.52691652592519e-10
"SLC25A24",1049.63380203986,0.564291095954445,0.0749710296096544,7.52678866613536,5.20034360446024e-14,4.85823701897242e-13
"AKNAD1",8.8143994146912,2.36974917045124,0.67825881388805,3.49387154568165,0.000476070023329287,0.00148893750267565
"GPSM2",666.508878266139,-0.289988856700585,0.0898754077984529,-3.22656512837071,0.00125285715478886,0.00363863638782433
"CLCC1",210.082061316957,-0.42936248983197,0.13712682604583,-3.1311341639926,0.00174132589411167,0.00492164898647842
"WDR47",419.226296721953,0.783724402668113,0.108640902112809,7.21389814909966,5.43724310990032e-13,4.70175422665613e-12
"CFAP276",7.63137337711577,-2.0441458232106,0.776210671671718,-2.63349358339553,0.00845114325685965,0.0207377522646879
"PSRC1",217.732511406719,-1.22667041200628,0.150328207379005,-8.15994837824161,3.35167805681086e-16,3.68296282084076e-15
"SORT1",866.301467699523,-0.465092214295314,0.0801252324040533,-5.80456618147401,6.45328676961443e-09,3.84318178701988e-08
"PSMA5",1056.28190302501,-0.393187048404805,0.0834678611145287,-4.71064003743071,2.46940052930216e-06,1.09500656836994e-05
"ATXN7L2",86.5014022893573,0.479046544687007,0.198072375079797,2.41854294165966,0.0155828061836135,0.0357092764795141
"CYB561D1",134.588198537321,-0.864211224401958,0.177357439196641,-4.87270919289597,1.10078197428014e-06,5.06826570222338e-06
"GNAI3",2388.2897900448,0.405284996683972,0.0610423610408453,6.63940564836251,3.14950529342319e-11,2.32516324837277e-10
"GNAT2",102.988864648454,1.24220255110117,0.198085959654075,6.27102775618462,3.58672667115873e-10,2.39482776365141e-09
"AMPD2",450.025041601662,0.649076302883903,0.0976952106262156,6.64389071606884,3.05509131792669e-11,2.25823628549454e-10
"KCNC4",143.571836800243,0.68172542934119,0.158839716474816,4.29190787084588,1.77144450357251e-05,6.99763292391063e-05
"RBM15",690.319909524157,0.290837518146998,0.0817815311189373,3.55627382084623,0.000376152028348201,0.00119785045111556
"SLC16A4",60.7256182998221,-1.083413947616,0.257636104756548,-4.20521009134089,2.60839745345713e-05,0.000100012618103725
"LAMTOR5",840.075386555126,0.565560650199116,0.086353599289209,6.54935816056703,5.77848942206302e-11,4.15373585460701e-10
"DENND2D",293.019535604766,-0.412667198233873,0.12826866164591,-3.21720982302797,0.00129443894266953,0.00374611918834875
"OVGP1",70.8202730959857,0.99470430239494,0.225820049634892,4.40485379399743,1.05855247689941e-05,4.31294917164916e-05
"WDR77",451.33156622565,-0.90225850885345,0.108652018542145,-8.30411179616945,1.00568915839911e-16,1.14560836431797e-15
"C1orf162",8.56840899858181,2.34884751861389,0.69269939034899,3.39086124708513,0.000696733653232662,0.00211520167872402
"RAP1A",531.945320569094,0.238285372505988,0.0908355271197847,2.62326184546451,0.00870923095563273,0.021289887554457
"DDX20",368.340651189208,-0.45493402301882,0.109958517836518,-4.13732407429497,3.51379667327715e-05,0.000131976093891471
"KCND3",60.9054498456823,0.546488260486957,0.235416101244786,2.32137163769744,0.0202667949097683,0.0451065717017333
"WNT2B",118.430091895771,0.539836079000069,0.178964471625658,3.01644272796922,0.00255759528017174,0.00699081215591914
"ST7L",113.406556044011,-0.444812520793899,0.174942206960607,-2.54262552486296,0.0110023074182345,0.0262821556182403
"CAPZA1",3973.21412214748,0.296504316483773,0.058632173716409,5.05702411645011,4.25849403292853e-07,2.07131770492321e-06
"MOV10",876.503904367086,-0.419089307765543,0.0832119403694317,-5.03640830756901,4.74348172580069e-07,2.28806970504963e-06
"RHOC",1781.47418167523,0.664069387931514,0.0765955024257993,8.6698222075744,4.32795642864148e-18,5.36410610732794e-17
"LRIG2",576.158062876924,0.46477302663476,0.0988960074769043,4.69961364965416,2.60654134750938e-06,1.15185094711787e-05
"MAGI3",498.27029051525,0.30762355613943,0.0980286927974945,3.13809709545869,0.0017004853728987,0.00481225610945469
"RSBN1",957.141888381359,1.3008618491701,0.0796335493439223,16.3356005086741,5.50872119688287e-60,2.96336312504556e-58
"HIPK1",1406.86300672601,0.600005163386593,0.0724975825843999,8.27620924722672,1.27158467202998e-16,1.43759268347881e-15
"TRIM33",1952.23521715125,0.197325703467822,0.0718493186544888,2.7463823897444,0.00602564861654005,0.0152876550357128
"NRAS",2577.66588251742,0.487148351132902,0.0584057066065845,8.34076632980899,7.38106220852638e-17,8.45607896121131e-16
"CSDE1",7801.29885011117,0.366367532895123,0.0587361572377496,6.23751280513904,4.44582725881605e-10,2.93151310029726e-09
"SLC22A15",128.81442015729,0.417296028436667,0.167008160017803,2.49865652308357,0.0124665075535663,0.0293518333711547
"ATP1A1",4440.17785304939,0.324622115861017,0.0591621544887901,5.48698942197119,4.08841605349281e-08,2.24079518552293e-07
"ATP1A1-AS1",48.9672187131969,-0.761167221127497,0.27933215983159,-2.72495376682157,0.0064310491725177,0.0161976152533811
"CD58",346.277776736064,1.21924101098048,0.118248043065141,10.3108768599986,6.29245497745638e-25,1.13966161958534e-23
"IGSF3",700.541460915738,0.366547734838989,0.0834321715407737,4.39336203373126,1.11611030530337e-05,4.52903035619724e-05
"PTGFRN",1029.93860274783,-0.348145969135912,0.0794545431954773,-4.38169996496474,1.17756897956867e-05,4.76447475994768e-05
"TTF2",647.980564597923,-1.96399446626719,0.0968837886536282,-20.2716521882594,2.28843598038337e-91,2.2535467105185e-89
"TRIM45",59.0309492020013,-0.936668649529193,0.252779557788221,-3.70547625656476,0.000210993895556871,0.000699985455049773
"MAN1A2",1315.02264341789,-0.171494906277614,0.0692380393319072,-2.4768885417959,0.013253328278007,0.0309737036568493
"TENT5C",87.1601766300785,0.990046167323886,0.205444904864168,4.81903490368119,1.44254318132395e-06,6.54812863240275e-06
"GDAP2",779.081291180956,0.444797489735215,0.0858306864834382,5.18226648252478,2.19205722852955e-07,1.1018985583077e-06
"WDR3",973.531702923558,-0.355231573200505,0.0815632479923535,-4.35528969167348,1.328910520151e-05,5.33964247126893e-05
"TBX15",2.66394839874542,4.18751817027601,1.50371194641766,2.78478745896251,0.00535628199474525,0.0137266151631547
"HSD3BP4",25.1891681015494,3.82532342877956,0.850767919196248,4.49631837598377,6.91401855871923e-06,2.89626983837004e-05
"LINC00622",18.8284935964829,2.4185506925049,0.469887244652668,5.14708734920575,2.64562152212624e-07,1.31958885829607e-06
"ZNF697",255.119363601401,0.881164342054638,0.123734519270886,7.12141080150439,1.06827861864942e-12,9.01285064919535e-12
"PHGDH",571.041105996764,-0.428883312537636,0.101953975510137,-4.20663647878048,2.59199575048606e-05,9.94260438899731e-05
"NOTCH2",2106.00665226984,0.216406422715377,0.0618978592920958,3.49618589706237,0.000471959776777973,0.00147759499012096
"SEC22B",724.844623639765,-0.373136013290105,0.0836116747641033,-4.46272622026586,8.0923421401049e-06,3.35368314597138e-05
"RNVU1-19",18.666712146257,-1.58971004287471,0.488646013976634,-3.25329583666822,0.00114074666374298,0.00333723954988835
"FAM72B",40.1158411820978,-1.95033319162841,0.330873076264715,-5.89450557188292,3.75804917624123e-09,2.29727965417378e-08
"SRGAP2C",103.005220968034,-0.670335015116287,0.194746343696671,-3.44209294198804,0.0005772318869598,0.00177999586497306
"FAM72C",19.6175291414422,-2.48786146250783,0.511076571070315,-4.86788399886471,1.12799505393944e-06,5.18296758466154e-06
"SRGAP2D",41.456756715267,-1.00713590252882,0.301476673709789,-3.340676046792,0.000835746768649034,0.00250265744729549
"NBPF15",366.024050680732,0.46003231626594,0.112686346010522,4.08241399737094,4.45703079877025e-05,0.000164220306736125
"FAM72D",47.9301456612218,-1.74803242230712,0.298896495646102,-5.84828677408388,4.9666176310024e-09,2.99342529526068e-08
"LINC01145",114.53423642313,1.58778835929521,0.184879125302557,8.58825114353381,8.83030859909188e-18,1.07158916676252e-16
"RNVU1-14",32.1688564030891,-1.63876757254102,0.361038398353005,-4.53903955927345,5.65110345404231e-06,2.39451058888541e-05
"NBPF20",171.031020588287,0.433101126116419,0.165608260587137,2.6152145103205,0.00891714326928148,0.0217568154421502
"RNF115",611.812977410272,0.238371441414133,0.0867394177143745,2.74813282928725,0.00599357225047025,0.0152126993698203
"PIAS3",347.837346338072,0.464326637712243,0.118453528040071,3.9199055139596,8.85836915871449e-05,0.000312217231780156
"ITGA10",52.0809365749557,2.03529721373213,0.272399997712003,7.47172258013001,7.91517433277676e-14,7.27380707042172e-13
"PEX11B",173.941833556142,-0.876073700687434,0.153718317997847,-5.69921472013313,1.20360552597934e-08,6.99457439009146e-08
"RBM8A",1029.94649777807,-0.307153780440158,0.0760822060929272,-4.03713031224409,5.41090162348839e-05,0.000197268578104156
"POLR3GL",73.3916963684503,-1.30055137057747,0.236025304172494,-5.51022008058507,3.5838531839529e-08,1.9762735075892e-07
"LINC01719",38.8742658890226,0.678563947905079,0.292737696654952,2.31799305541745,0.020449698483273,0.0454631157620358
"NBPF12",432.208165850755,0.434817068162991,0.11796823997906,3.68588247345365,0.000227911516565124,0.000752508875049487
"PRKAB2",773.204001271223,0.805932414140424,0.0820179109976478,9.82629774810453,8.67494115131612e-23,1.43160361252626e-21
"LINC00624",2.65070075416317,-3.42513858149082,1.48341816953722,-2.30895013410773,0.0209463485173194,0.0463898422797852
"ACP6",190.643807823568,-0.558804798935235,0.149960338271765,-3.72635061627124,0.000194272121367023,0.000649170758233844
"RNVU1-7",17.9468008286972,-1.18233258739714,0.451043645399314,-2.62132633827578,0.00875883741709405,0.0213995402783964
"PDE4DIPP6",139.714433471998,0.545654411392804,0.165796310701894,3.29111310790205,0.000997917804558567,0.00295004539959809
"LINC01138",129.857803276738,0.713646738637622,0.182415911410542,3.91219566933227,9.14607585175072e-05,0.000321540056426843
"PDE4DIP",254.557209475859,-0.834111722979374,0.13108317764924,-6.36322477023967,1.97561249299484e-10,1.35628619947657e-09
"H2BC18",1550.95287583315,-2.78437530045487,0.0926694594564046,-30.0463099362822,2.43961971527665e-198,9.15924726854177e-196
"H3C13",600.11524968289,-2.80673498391876,0.117603718813433,-23.8660393756032,6.9019784908237e-126,1.1959668690686e-123
"H2BC21",1033.9514153409,-2.09854075220789,0.105375892629067,-19.9148087845382,3.02806262903804e-88,2.8273946444505e-86
"H2AC20",1188.44401479195,-1.47803800313032,0.0941133850558817,-15.7048649589291,1.40075641800074e-55,6.82244092129497e-54
"H2AC21",549.560097036745,-2.47251348982454,0.122443932483918,-20.1930258173412,1.12743633221668e-90,1.09824487258794e-88
"SF3B4",605.808316576043,-0.494118772852297,0.0992085150309948,-4.98060849613488,6.33846543790467e-07,3.0162525919324e-06
"MTMR11",320.796496238085,0.948542768018298,0.11267457844017,8.41842748514897,3.81571233364112e-17,4.4449225575014e-16
"VPS45",316.305229810343,-0.928725173826475,0.115475535265271,-8.04261414933474,8.79419017964986e-16,9.33883920020449e-15
"ANP32E",1714.0298010658,-0.908523294710725,0.0748923648110831,-12.1310536394796,7.23129806803042e-34,1.99563893543608e-32
"APH1A",707.631947888174,-0.344564304728378,0.0882323633652304,-3.90519183195947,9.41506689202923e-05,0.000330095175994667
"MRPS21",596.265877070052,-0.482373484534861,0.104101722899901,-4.63367436289875,3.59231918589226e-06,1.56256780229217e-05
"PRPF3",614.842848646675,-0.260331174654953,0.0931831062194144,-2.79375935421128,0.00520992328287663,0.0133877124598203
"TARS2",165.056429823541,-0.828108126042774,0.165525627134115,-5.00289979491701,5.64742999034391e-07,2.70311649019887e-06
"ECM1",88.0333425902288,0.80684472622504,0.199555295608553,4.0432138058002,5.27235017352269e-05,0.00019229512745811
"MCL1",2838.39918571942,0.419421831965957,0.084176384651509,4.98265438343981,6.27179150027468e-07,2.98531311744453e-06
"GOLPH3L",702.517159617126,0.605242347435399,0.0887534503549713,6.81936696561902,9.1442547432488e-12,7.0998972308525e-11
"CTSS",5.83596310213137,2.00591025951669,0.808289092514207,2.48167428967431,0.0130766742849472,0.0306243986080615
"CTSK",50.1180908940829,1.1131683185793,0.265097206197229,4.1990948699441,2.67984033757127e-05,0.00010255553774341
"SETDB1",727.731854944037,0.304982661087501,0.0816484651287039,3.73531407610359,0.000187481051656412,0.000627875122077719
"CERS2",2113.38914770646,0.184046195276972,0.0708765070658018,2.59671649882666,0.00941195711497752,0.0228362166373782
"ANXA9",22.0450714147511,-1.10981317479213,0.404316989777878,-2.74490858126402,0.00605277562369173,0.0153478358680947
"BNIPL",23.8412712803186,1.48040077168663,0.395159341804694,3.74633879317046,0.000179434221204579,0.000603055594988385
"CDC42SE1",706.749146930943,-0.244288239984748,0.091363568063802,-2.6738036305035,0.00749963515973946,0.0186466508296999
"GABPB2",300.861476568034,-0.4258339651478,0.11612435803713,-3.66705118844784,0.000245363691139305,0.000805703184770667
"SEMA6C",92.8138321599612,-0.71486573041506,0.204078147396067,-3.50290190074921,0.000460218922231913,0.00144311905299135
"SCNM1",21.1313261516052,-1.0840503932396,0.42889744063376,-2.52752823993948,0.0114868585607887,0.0272913220994031
"PIP5K1A",1487.25267305458,0.284596443630741,0.0717128083922539,3.9685580583326,7.23088414936536e-05,0.000258649788121701
"PSMD4",1294.1033605398,-0.296736278251772,0.0885144074834113,-3.35240653683847,0.000801122856934686,0.00240657359640273
"ZNF687",417.942066130603,-0.411649929312005,0.101624812966254,-4.05068326618911,5.10682945181154e-05,0.00018652244335447
"RFX5",513.202083060787,-1.02935416908922,0.095407340419223,-10.7890458382574,3.87794776791952e-27,7.82581150343535e-26
"POGZ",1377.01731749392,-0.22483338106843,0.0778053003719811,-2.88969234735319,0.00385619014832924,0.0101671401116373
"CELF3",17.4023709610232,1.09951426346666,0.451142614786725,2.43717668743496,0.0148024446469645,0.0341555512142057
"TDRKH",121.990826170466,-0.879385783469171,0.180144624496165,-4.88155439513484,1.05252880986467e-06,4.86224600937482e-06
"THEM4",236.354733355763,-0.546954348230933,0.129833809745159,-4.21272663341319,2.5230635083241e-05,9.71956551592744e-05
"S100A10",2450.69352142717,0.921998564046468,0.0842737085531598,10.9405243921937,7.377196404045e-28,1.544070341432e-26
"S100A11",807.755548586334,0.504582876631032,0.108753240752372,4.63970428044488,3.48908091103861e-06,1.52207037273849e-05
"S100A6",6141.86758760414,0.181901854544508,0.076238929936742,2.38594448656924,0.0170353223362493,0.03867391582534
"S100A16",1496.71530331604,0.874851896574047,0.0768799203964494,11.3794589284519,5.29270802305658e-30,1.24192566775394e-28
"S100A14",862.803540946624,0.642824677080724,0.104204178311305,6.16889540801635,6.87686956598248e-10,4.44664752237425e-09
"ILF2",3131.66899745266,-0.478205151571988,0.0725315439802828,-6.59306455274115,4.30839128007688e-11,3.15226831909715e-10
"INTS3",1085.59058497046,-0.203960678762558,0.0763606883221239,-2.67101676588037,0.00756218695596166,0.0187736838591246
"CRTC2",294.389441432518,0.30796301960246,0.120150062827434,2.56315321320117,0.0103726264113669,0.0249433013823382
"SLC39A1",473.829549974512,-0.242268950084105,0.100452663234123,-2.41177229437366,0.0158751927227374,0.0363146544879983
"CREB3L4",89.0631791099505,-1.36370205820952,0.217634272063291,-6.26602623419962,3.70377962269347e-10,2.46841022857097e-09
"JTB",573.502378919547,-0.352144388114831,0.0975796398438839,-3.60878958641599,0.000307628989841803,0.00099475722697634
"C1orf43",1991.59778756169,0.390376463748524,0.0793073345208986,4.92232485314021,8.55220949311165e-07,3.99790835993165e-06
"UBAP2L",1962.39990589254,-0.20585263395644,0.0762303172883767,-2.70040374064961,0.00692553748109717,0.0173325935434959
"ATP8B2",749.378067405838,-0.615651733869588,0.0860702527693246,-7.15289794163363,8.49647758104803e-13,7.21220077663997e-12
"IL6R",213.436873736714,0.998057895712029,0.13620867577547,7.32741794918595,2.34629228615438e-13,2.07980980269494e-12
"UBE2Q1",700.888118999811,0.374447626134747,0.0961581082347408,3.89408270408822,9.85710180028423e-05,0.000344453813346756
"ADAR",4874.32358644169,-0.239215179268605,0.0581336856636631,-4.11491507097283,3.87321998146231e-05,0.000144452188091747
"PMVK",110.608690299597,-0.463999618253931,0.180677420480028,-2.56811070814032,0.0102254493259137,0.0246222370794082
"PBXIP1",197.956325265788,-0.822504334100802,0.141225060919802,-5.82406783005661,5.7432248580789e-09,3.44070629378484e-08
"PYGO2",361.531684034185,-1.17825687585313,0.112475076085289,-10.4757153038924,1.1169001001911e-25,2.08576753425325e-24
"SHC1",1768.28348617242,-0.253846978757129,0.0738767456471686,-3.4360877233208,0.000590179842554104,0.00181681430520456
"CKS1B",683.284142038168,-0.332475342787066,0.0997101705588474,-3.33441755162623,0.000854782368886198,0.0025566859866719
"FLAD1",281.640233701245,-1.03702284527398,0.1253181126267,-8.27512339228316,1.28322661762786e-16,1.44893652106965e-15
"DCST1-AS1",9.87317691232758,-1.53393965740528,0.624478238246577,-2.45635406241267,0.014035479671523,0.0326365650529697
"ADAM15",810.321381723093,-0.317786088226835,0.0880195029868746,-3.61040539247561,0.000305718800904327,0.000989112838617035
"EFNA4",118.059313767219,0.645816156422462,0.176524664278548,3.65850380773642,0.000253691972429007,0.000830478298845255
"EFNA3",163.346223990401,1.13207719632762,0.165430774879518,6.84320796509659,7.74391022644572e-12,6.06225048613285e-11
"EFNA1",221.987924925978,0.414443111032261,0.135945339969256,3.04860108574511,0.00229909549139323,0.00633710612578731
"SLC50A1",342.638505654848,-0.452341542220267,0.112710203594787,-4.01331492441017,5.98719490381271e-05,0.000217049365040452
"DPM3",94.1167426468857,-0.690031609754582,0.200355327564248,-3.44403923840412,0.000573092524082019,0.00176783642185588
"MUC1",49.4958497637491,1.35240022593822,0.280612986371478,4.81944988870864,1.43954604315308e-06,6.5361701294184e-06
"MTX1",168.241426841804,-0.563529875567666,0.165520878477513,-3.40458485208092,0.000662647097283492,0.00202056909308728
"GBAP1",39.1201761000159,-0.820887806510849,0.305836761874356,-2.68407172989912,0.00727314999233968,0.0181310604526149
"GBA",312.107369700074,-1.23560089021795,0.12216885289984,-10.1138781357877,4.79478526003004e-24,8.36464909690236e-23
"FAM189B",457.300591618606,0.384956157670104,0.0963464009157761,3.99554268775046,6.45462249215879e-05,0.000232870374236624
"CLK2",439.334651144735,0.645050583014977,0.10219433310765,6.31199953460715,2.75453055864852e-10,1.86474061598065e-09
"HCN3",99.0173222669725,-1.042589733705,0.198215304367473,-5.25988513869816,1.44145413946813e-07,7.39437661467552e-07
"RUSC1-AS1",252.142682878905,0.823636104051541,0.136596797893804,6.02968822660009,1.6427628451549e-09,1.03402826519512e-08
"RUSC1",541.751423171004,-0.413910057564182,0.105568751522085,-3.92076302500929,8.82690330508119e-05,0.000311412733870141
"ASH1L",2099.8573145823,0.430247025415448,0.0699557475765772,6.15027414215646,7.73491339337504e-10,4.97646819928639e-09
"MSTO1",137.377671690314,-1.42891123216013,0.174719824449019,-8.17830052580591,2.87875066388805e-16,3.17296426384872e-15
"YY1AP1",623.974962936839,0.332678886385091,0.088547497770659,3.7570670517053,0.000171916444334873,0.000579410182038291
"ARHGEF2",1152.31181858346,0.835524555634754,0.0752722217536476,11.1000384493668,1.25389933693402e-28,2.74562818358298e-27
"SSR2",1555.25129453455,0.686864765852674,0.0693513211970125,9.90413382178309,3.99415994130959e-23,6.66469965762408e-22
"MEX3A",154.43166002655,-0.389208110994822,0.164110735959146,-2.37161882627662,0.0177103509172351,0.0400449477891459
"LMNA",5237.27492135256,0.283112283868112,0.0714858526754482,3.96039598427211,7.48255806102396e-05,0.000267227861311361
"TMEM79",48.4733615341091,-0.604514343116588,0.264111651420788,-2.28885904830251,0.0220875433100786,0.048600685957378
"GLMP",138.167583034718,-0.653411701618156,0.164492937344458,-3.97227815471416,7.11885240841792e-05,0.000254946023950913
"TSACC",17.9394397520092,-1.70073461973156,0.477052332077822,-3.5650902539852,0.000363731000312533,0.0011605517628598
"RHBG",41.1335331307736,-1.13477789613014,0.307458429127817,-3.6908335847198,0.000223520343632719,0.000739229237035277
"MEF2D",743.778521126312,0.821305567953548,0.0840138137835394,9.77583960263525,1.42966969905573e-22,2.32527776594615e-21
"IQGAP3",743.023773141201,-1.02602614545751,0.0909664272139362,-11.2791738323908,1.66300390396142e-29,3.80317174534122e-28
"NAXE",457.248453799658,-0.757454397051439,0.105024921232773,-7.21213963467436,5.50794483973416e-13,4.76060786363786e-12
"GPATCH4",155.407313420851,-1.18133836768697,0.166509715608737,-7.0947113408257,1.29621750550802e-12,1.08244372876552e-11
"BCAN",353.659252404822,-0.440733671597302,0.112993234634021,-3.90053150549069,9.59817338135656e-05,0.000335861519428013
"NES",241.321564148129,-0.755510228481773,0.141567574781179,-5.33674628282334,9.46293082280707e-08,4.96308138410379e-07
"CRABP2",1151.895304433,0.245460311443704,0.090933083428976,2.69935101931765,0.00694748543325492,0.0173817346928623
"MRPL24",234.415397369845,-1.29506072546873,0.156555720326181,-8.2722031668373,1.31505959866411e-16,1.48302184152228e-15
"SH2D2A",13.2342408761806,-1.54294674435679,0.539154788597507,-2.8617880745721,0.00421258480752278,0.0110139379133939
"PEAR1",217.817487373143,0.871752965826235,0.131032878054578,6.65293305595509,2.87308898232952e-11,2.12982050804444e-10
"ETV3",1099.72955967933,0.843104767470682,0.0769366542259643,10.9584277605115,6.05420024634191e-28,1.27605546946582e-26
"KIRREL1",846.627612146899,0.884537454307178,0.0777811675355752,11.372128785578,5.75662284819676e-30,1.3490260123193e-28
"DUSP23",49.5973813017115,-0.953360601551602,0.277629397080993,-3.43393247103972,0.000594892380557515,0.00182975859191449
"TAGLN2",925.361725535148,0.362937920108604,0.090724090479884,4.00045807225896,6.32199881007708e-05,0.00022840565468404
"IGSF9",74.6248014463664,-0.869061117612733,0.224754837871216,-3.86670705664944,0.000110314806416583,0.00038329267217368
"PIGM",177.431014130063,-1.37851489933865,0.153112670503586,-9.00327121723321,2.19090256163807e-19,2.96190960714776e-18
"KCNJ10",13.9233527285572,-1.52665358332725,0.538623810710614,-2.83435962720088,0.00459176259825592,0.011904496300269
"PEA15",757.394830586919,0.577939100064573,0.0940432357880936,6.14546166155784,7.97312702529654e-10,5.12789871958847e-09
"DCAF8",895.13141886182,-0.213250586486331,0.0805011988875137,-2.64903615639702,0.00807216951251808,0.0198890575314586
"PEX19",569.377003338936,0.253222276545718,0.0929514351968492,2.72424278344335,0.00644491101546532,0.0162257252598073
"COPA",3980.22398350354,0.494523612775219,0.058538419590791,8.44784700769432,2.96723865272101e-17,3.48582840682434e-16
"F11R",2043.58628363491,0.50987790994999,0.0628383581206075,8.11411891079914,4.89322077664547e-16,5.31529425050801e-15
"TSTD1",180.126850713522,-0.429385065804968,0.154638749042728,-2.77669774531302,0.0054914219449565,0.0140350184186727
"USF1",354.588544081382,0.311061854321052,0.108670116677987,2.86244152330117,0.00420390827223811,0.0109970432535931
"ARHGAP30",21.3885603625286,-1.10693366314017,0.412645159618561,-2.6825315585027,0.00730672575270335,0.0182097226924999
"NIT1",258.623317401739,-0.404902498196477,0.131610334319697,-3.07652510944103,0.00209428663021352,0.00582155473747924
"DEDD",395.393255765527,0.42376642498994,0.107608790631688,3.93802794829617,8.21540273303092e-05,0.000291608770242171
"PPOX",103.354097225347,-0.678228530778282,0.186419672278662,-3.63818111301289,0.000274570320293422,0.000893630439228419
"NDUFS2",698.250700691315,-0.249236206905447,0.0902237614796281,-2.76242314461388,0.00573740676145005,0.0146119004025002
"TOMM40L",108.268726462777,-0.737020313044876,0.181267503451978,-4.06592631888997,4.78420504548134e-05,0.000175592992107168
"NR1I3",11.1385663155994,1.65295488476493,0.573591511783958,2.88176315514848,0.00395456861635017,0.0103945859152927
"SDHC",1253.77496021435,-0.40605047761618,0.0714346217530354,-5.68422520693092,1.31407023105456e-08,7.59732423286308e-08
"ATF6",962.007890773861,-0.180735793433432,0.0773238768875682,-2.33738659659071,0.0194190914297312,0.0434290700738627
"SH2D1B",5.74146303833923,2.95380177117685,0.956928952595381,3.08675138646976,0.00202356762232793,0.00564412817241473
"UAP1",1206.21165083866,1.01700009723197,0.0768887274568414,13.226907647845,6.13604116712097e-40,2.02523073026899e-38
"DDR2",114.140926145643,2.42149423599137,0.228492337876266,10.5977043190948,3.0538449175472e-26,5.95598909730714e-25
"RGS5",89.5567118875158,-0.762973137887311,0.203486212211614,-3.74950779020774,0.000177181993018115,0.000596375923828809
"NUF2",386.577268107959,-1.03641223852121,0.112677196392114,-9.19806555103241,3.64451431738268e-20,5.14716242269227e-19
"TMCO1-AS1",23.1592647881063,-0.913064671127892,0.384822518378895,-2.3726903378063,0.0176590619449771,0.0399339886197054
"UCK2",777.145828343801,-0.683940412129892,0.0848881441142616,-8.05696035961502,7.82150003530555e-16,8.33537860060563e-15
"MPZL1",1186.88275416054,-0.226016408010659,0.075863191654587,-2.97926310614158,0.00288942556169493,0.0078230676152801
"MPC2",372.634155844027,0.264444099950296,0.104786969923972,2.5236353350246,0.011614834373602,0.027551787580187
"DCAF6",1009.31442470455,0.384550366765067,0.0752279880606991,5.11179916781485,3.19104973059768e-07,1.57593607002195e-06
"GPR161",522.486397065214,0.418724177694303,0.0930808984044328,4.49849738100897,6.84354394482113e-06,2.86941613377435e-05
"SFT2D2",1688.35163262353,-0.270670769798878,0.0762228772948167,-3.55104372079751,0.000383706670718476,0.00121996787456204
"ATP1B1",849.93566132203,0.417551200768264,0.0813188704498986,5.13473931029971,2.82535375888935e-07,1.40457103693641e-06
"BLZF1",579.948632987012,0.316931825018406,0.0999421810473733,3.17115177692768,0.00151835788299351,0.00433771835913538
"SELL",22.306074825273,-0.950458279416366,0.410487345991708,-2.31543868208684,0.0205889366403346,0.0457050045818514
"METTL18",50.7864425319602,-1.39768920888506,0.281775614187158,-4.9602915884577,7.03874426792998e-07,3.32839702052916e-06
"C1orf112",298.60212688552,-0.672425040388158,0.119438135917757,-5.6299023358099,1.80311692159479e-08,1.02634144169488e-07
"KIFAP3",340.660835445982,0.548332911991671,0.108657937255877,5.04641378107896,4.50179900979182e-07,2.17848872060844e-06
"FMO1",6.66191642588993,-2.40414362464889,0.868710696375249,-2.76748477333171,0.00564906842853746,0.0144093223143204
"FMO4",36.943434553438,-1.57149335373608,0.333535698831496,-4.71161965343328,2.45755733686872e-06,1.09029150092839e-05
"PRRC2C",4489.01541000983,-0.154044369484957,0.0581234451898208,-2.65029660547265,0.00804211338874161,0.0198360113785975
"METTL13",364.778650021996,-0.689544823217861,0.120999081310157,-5.69876081497141,1.206813988563e-08,7.01095902253183e-08
"DNM3",64.6821751690376,0.573665839757708,0.242642266371144,2.364245307865,0.0180668452042875,0.0407793859502086
"PIGC",80.1192745778218,-1.3294029566003,0.223977458176618,-5.93543192883276,2.93072903491468e-09,1.8062471935088e-08
"SUCO",892.406052069157,0.18777330325232,0.0810480723110754,2.31681393397756,0.0205138696709319,0.045572047009352
"TNFSF18",61.2085384612925,-1.6206140782947,0.256433461926475,-6.31982295180871,2.61863144741895e-10,1.7776550416909e-09
"CENPL",232.304344588324,-0.60937094454542,0.130387926230111,-4.67352278822188,2.96076836960754e-06,1.29978092055292e-05
"DARS2",394.616862521683,-1.45843265215665,0.109578668770909,-13.3094576573633,2.0395684752554e-40,6.85728796503312e-39
"GAS5",2939.44743231773,0.399363983955395,0.0661958897291923,6.03306316433234,1.60880493712215e-09,1.01336154393143e-08
"RC3H1",1996.46464214981,0.945385184474666,0.075484115920382,12.5242929979047,5.49790770154822e-36,1.61102105186342e-34
"CACYBP",1006.43614542972,-0.730351914988656,0.0856592801432845,-8.52624390220157,1.51176337447947e-17,1.81381409930056e-16
"MRPS14",143.078783579881,-0.865947581754908,0.169614890729074,-5.10537475826982,3.30139583236653e-07,1.62686503404641e-06
"KIAA0040",1495.82078681738,1.54250654308415,0.0763521208534621,20.202536954338,9.29948414765243e-91,9.10793499048068e-89
"COP1",572.775357882268,0.343013681989188,0.0887663261014933,3.86423204669972,0.000111439245673886,0.000386870862317299
"CRYZL2P",47.5941354360696,-1.05367117363492,0.288537473794257,-3.65176543545345,0.000260443718535184,0.000850263813717853
"RALGPS2",738.515935118493,0.248967550194476,0.0949835587828339,2.62116468770879,0.00876299187372798,0.0214067882006848
"TOR3A",225.168618222401,-0.400023100998224,0.137581099287934,-2.90754400908691,0.00364279083181643,0.00965203165044581
"ABL2",2040.23989353147,1.592441887352,0.0861274682463515,18.489361405552,2.51515265705047e-76,1.96214571570158e-74
"SOAT1",806.707609221974,-0.300612542199204,0.0803592717704409,-3.74085697364147,0.00018339386765896,0.000615674532243317
"AXDND1",67.157596246743,0.630862153863577,0.224827479738178,2.80598330149964,0.00501632918247655,0.0129215649224428
"TDRD5",16.1609800112158,1.54177354343296,0.489928006687181,3.14693898366456,0.00164989387812647,0.0046808465959882
"TOR1AIP2",3667.04490750455,0.276744575952912,0.0594116429232893,4.6580865691635,3.19162004017802e-06,1.397380581731e-05
"TOR1AIP1",1067.43314816813,1.10058380446183,0.0811717316018337,13.5587079731211,7.03645936425756e-42,2.48148794918367e-40
"CEP350",2126.02918461108,0.85918806278022,0.0650623738335129,13.2056058234024,8.14418353311544e-40,2.67333937067893e-38
"QSOX1",2662.22592425322,2.09571519357251,0.0652311170981584,32.127538003357,1.81922493823036e-226,9.10673683662479e-224
"XPR1",696.709094890153,-0.502198408415305,0.0914538707417397,-5.4912755943757,3.99041110571757e-08,2.18907758100872e-07
"STX6",806.662012489871,0.362743608314907,0.0843366426154467,4.30113882964163,1.69922554654672e-05,6.73005353281723e-05
"ZNF648",14.218016131075,-1.92701065401246,0.546464545574808,-3.52632328962074,0.000421372258458338,0.00133033452517129
"GLUL",2686.59414537131,0.732274490809871,0.0598529260329893,12.2345646127018,2.03191443473222e-34,5.68588975594864e-33
"TEDDM1",2.22473828466728,-4.24968531790207,1.55358877080218,-2.73539909515939,0.00623046852000843,0.0157540722883502
"DHX9",4036.45545738115,-0.311193308555503,0.0562226277751097,-5.53501892156792,3.11194757108111e-08,1.72502021465557e-07
"LAMC1",1798.08977026244,0.90637551908478,0.064833507297141,13.9800476153594,2.06349918040151e-44,7.82869868000329e-43
"LAMC1-AS1",12.8508316956716,1.51742157489132,0.547959021243259,2.76922455158866,0.00561898938609898,0.0143346273679062
"LAMC2",1708.88754484175,1.61012507500802,0.068065226859852,23.6556190185527,1.03317823764046e-123,1.7081564239008e-121
"NMNAT2",33.0355345559132,2.06837468212227,0.374220078996376,5.52716114984922,3.25453995555992e-08,1.80129190845041e-07
"SMG7",1503.2921600995,0.479627776045701,0.0675840318610124,7.09676180657678,1.27713891844829e-12,1.06750094848593e-11
"TSEN15",247.78482384902,-0.850959152603372,0.129046074052143,-6.59422736300782,4.27476179301068e-11,3.1289797835843e-10
"EDEM3",712.00227374578,0.437446840817138,0.0868810235223553,5.0350102137618,4.77823355278643e-07,2.30298333390651e-06
"NIBAN1",240.140626217417,-0.879827157384938,0.136760593483761,-6.43333825170484,1.24831425525857e-10,8.73626065786977e-10
"RNF2",859.429902910735,0.811950050554852,0.0774846501182093,10.4788503183037,1.08049216556722e-25,2.02196773786987e-24
"TRMT1L",491.578009764948,-0.587454722132791,0.105820461539492,-5.55142846276053,2.83344664307448e-08,1.57849456359292e-07
"ODR4",516.533391622124,0.469102179011322,0.0950263962535371,4.9365460283238,7.95182768009058e-07,3.73079631926353e-06
"PTGS2",31.345604999091,1.41870641812497,0.329703003974001,4.30298299082783,1.68513791681858e-05,6.67572442272754e-05
"PLA2G4A",97.2692062815663,-1.43559210886376,0.208999070175107,-6.86889232407095,6.47023183637736e-12,5.10508090732734e-11
"UCHL5",840.064203068314,-0.603895881825267,0.0834536930559193,-7.23629907451332,4.61093935441053e-13,3.9987361937359e-12
"RO60",2404.21196621355,-0.376313370711391,0.0790705659338884,-4.75920927423272,1.94352844689882e-06,8.6973742591417e-06
"CDC73",1146.55577529746,0.4075199964711,0.07753394688047,5.25602027069965,1.47206072160416e-07,7.53909550038625e-07
"LINC01031",28.9389365062218,1.48353215882441,0.358635620934406,4.13660013737382,3.52489568106431e-05,0.000132310237593126
"ASPM",1460.23400555489,-1.41797272419912,0.0711206752481634,-19.9375599184252,1.9221486327758e-88,1.81356233043208e-86
"ZBTB41",1356.90684699039,0.706667110395024,0.0818139023394415,8.6374942422756,5.74593530829971e-18,7.04884276316331e-17
"DENND1B",279.586710932341,0.43130774671051,0.120407310441492,3.58207275894673,0.000340878816888261,0.00109441959008433
"NEK7",1240.85511958768,0.792934947097702,0.0759961570063262,10.4338821636954,1.7364545246528e-25,3.21940812641648e-24
"LINC00862",4.61843053917852,2.28833296913229,0.949775595036642,2.40934067067075,0.015981372435138,0.0365250872103515
"ZNF281",752.168731890226,-0.394065562640059,0.0840366485895137,-4.68921082949078,2.74260704853618e-06,1.20871904186037e-05
"KIF14",724.817673125176,-1.3701008407021,0.0870940444506435,-15.731280472094,9.23249457676328e-56,4.52116262956117e-54
"CAMSAP2",1692.82013776536,0.677269893239775,0.07030489489395,9.63332488102556,5.78274408084697e-22,9.02258277757084e-21
"KIF21B",120.191691159911,-0.668592464671993,0.195580062025464,-3.41851034173894,0.000629649249846255,0.00192876238848876
"PKP1",4.33396259613292,2.87573767771971,1.05031653590767,2.7379723915653,0.006181926538914,0.0156445019179566
"TNNT2",22.627249212912,3.63938406434868,0.528691554784687,6.88375676027365,5.82943801805773e-12,4.62174670142623e-11
"LAD1",508.109919937409,0.317388076107499,0.105362751785205,3.01233662494441,0.00259244940382389,0.00707642088856563
"TNNI1",36.8400973652015,-0.895726891524982,0.322024929372649,-2.78154518431224,0.00541007990536072,0.0138506961179863
"PHLDA3",271.000387436805,0.564621760589422,0.121105688413662,4.66222328600152,3.12811530700532e-06,1.37090870494997e-05
"CSRP1",714.021972046025,0.66940988185615,0.0854364139015281,7.83518234540714,4.68162788392758e-15,4.72383068848035e-14
"IPO9",1656.97518122756,-0.722033701939126,0.0664465600923489,-10.8663819607159,1.66680259779072e-27,3.41722976277435e-26
"SHISA4",89.3727775723323,0.550710707618564,0.197415658872138,2.78959992720358,0.00527732082441828,0.013539663806498
"LMOD1",56.3265927757457,2.4872459536174,0.277906309063185,8.94994418083507,3.55662159034882e-19,4.73017547451484e-18
"RNPEP",764.812494921159,-0.338161867215032,0.0856700494312666,-3.94725892490982,7.90510509225193e-05,0.000281481720741893
"ELF3-AS1",36.0732034823774,1.22102958220777,0.34356728763317,3.55397509064214,0.00037945515148598,0.0012070893706847
"ELF3",1424.77872511518,2.05619496313415,0.0782710851461386,26.2701731973572,4.20496037078646e-152,9.97073563709773e-150
"GPR37L1",16.8465500448319,1.07301096929949,0.459352518728149,2.33592050887287,0.0194953848614399,0.0435780613480536
"ARL8A",282.258043212661,0.710183851273559,0.126189677755672,5.62790763796555,1.82408710068145e-08,1.03794990973731e-07
"UBE2T",322.571158937572,-1.78475563631088,0.128250730684454,-13.9161440000062,5.0544676095314e-44,1.89763668315345e-42
"PPP1R12B",415.688627936692,0.378152292383717,0.104368029773705,3.62325793831349,0.000290915453332836,0.00094444017015151
"KDM5B",1370.1275979561,0.896030201129207,0.0679885253753277,13.1791386293895,1.15704322678415e-39,3.77053815368484e-38
"KLHL12",561.768914478204,-0.274572921938724,0.111149922252845,-2.47029342327494,0.0135002266458715,0.0314813126792509
"TMEM183A",628.683301672888,0.366708149490709,0.0882759041791424,4.15411377431525,3.26550674409296e-05,0.0001231380980023
"PPFIA4",192.688787522801,2.37043568204806,0.157146959324306,15.0841969341333,2.05762928610736e-51,9.15568823825697e-50
"ADORA1",29.536669310502,-0.885660117983982,0.350404848010358,-2.52753385979923,0.0114866747211168,0.0272913220994031
"BTG2",674.70559094158,0.225906953658397,0.0955585349498318,2.36406882731091,0.0180754541342167,0.0407937080717243
"ATP2B4",2534.46852327634,0.947126576582314,0.0612253342307067,15.4695207218207,5.5720349954783e-54,2.64246428035564e-52
"ZBED6",1896.39403920164,0.459558386523117,0.0710594581216382,6.46723741878884,9.9810768528176e-11,7.0261322642432e-10
"SNRPE",798.28581247046,-0.608664173122935,0.0995010747616479,-6.11716179529692,9.52566405400999e-10,6.1002840055904e-09
"SOX13",357.905819059807,0.681807246533154,0.106746563570684,6.38715874054048,1.68996188352677e-10,1.16819344468876e-09
"PLEKHA6",181.663917752401,-0.877389939872833,0.152064092690798,-5.76986929884158,7.93330391559201e-09,4.68127275255021e-08
"PPP1R15B",2176.81185380178,0.530653122638784,0.0619482122204889,8.56607646319251,1.07070800793856e-17,1.29585151182409e-16
"MDM4",2197.0766468466,0.422800920845082,0.07422219616048,5.69642159241583,1.22348118388314e-08,7.10091929621837e-08
"CNTN2",37.0710868705648,1.4486394774968,0.326680117119108,4.43442805846865,9.2317039972044e-06,3.79654353568281e-05
"DSTYK",470.372052994734,0.631668138971811,0.100102034351781,6.31024277440743,2.78598092947934e-10,1.8839085302119e-09
"TMCC2",78.8117816612052,0.800824331852919,0.213098348373376,3.75800346631393,0.000171274509284683,0.000577354644934393
"KLHDC8A",3.77725356357073,3.12166393420147,1.16415686856312,2.68148049330708,0.00732971876075294,0.0182630903962213
"LEMD1-AS1",7.84403627401616,3.46481274917741,0.850677278419285,4.07300493039578,4.64104415050662e-05,0.000170686238033224
"LEMD1",52.1674057203702,2.26578831128958,0.280215435488486,8.08587973513929,6.17170651288787e-16,6.63210036188147e-15
"BLACAT1",321.972349495141,1.06097493025451,0.121321460795538,8.74515459422765,2.22710506264597e-18,2.81055044355344e-17
"SLC45A3",196.174372823675,1.42567984272292,0.140205491756487,10.1685021382692,2.74091048086144e-24,4.8142249293961e-23
"NUCKS1",4811.00569326793,-1.036218938078,0.065681938720312,-15.7763147414154,4.52868889554894e-56,2.24207424688702e-54
"RAB29",219.828375250517,-0.858867229423537,0.138796239842395,-6.18797188165034,6.09431955271314e-10,3.96053850196334e-09
"SLC41A1",831.081965436499,0.652699796390783,0.0805174818527387,8.10631159062486,5.21795293514491e-16,5.65100539929366e-15
"FAM72A",57.6415186896416,-1.7664905816104,0.271455860313949,-6.50746894750175,7.64275432408888e-11,5.42885595878619e-10
"SRGAP2",699.003663500727,-0.454815624360081,0.0875286670184017,-5.19619045797261,2.03413860039927e-07,1.02710035634058e-06
"RASSF5",186.056383027877,1.2225297431828,0.148524314780147,8.23117578419701,1.85384687578232e-16,2.07246740375144e-15
"EIF2D",433.83619066731,-0.449485555901088,0.102211485855898,-4.39760318654197,1.09452852883781e-05,4.4504735149337e-05
"MAPKAPK2",653.839379366153,0.570999100772759,0.0910337681988733,6.27238784101905,3.55552566782281e-10,2.37487502074999e-09
"C1orf116",255.312143298792,1.1649466635188,0.129466866595192,8.99802933488204,2.29805419678319e-19,3.10211495732059e-18
"YOD1",1200.0803464506,1.493158907731,0.0721976222233896,20.681552407792,5.07801753640886e-95,5.3829972955073e-93
"PFKFB2",451.1122497372,0.766425216510533,0.0981276242023393,7.81049396376053,5.69642874320483e-15,5.70307457673857e-14
"CD55",982.290299924514,1.64401222523489,0.0795181442515238,20.6746804859368,5.85531694926902e-95,6.17068226565948e-93
"CD46",2194.60365028803,0.493148989881329,0.072195653598993,6.83072962564339,8.44838298903713e-12,6.57092403303574e-11
"PLXNA2",94.4290671710073,0.545138922405204,0.189516638933244,2.87646997896172,0.004021504473952,0.0105535943097552
"CAMK1G",9.63832665214298,2.36921784261869,0.695833850247923,3.4048614360663,0.000661976339136274,0.00201886539305717
"LAMB3",2538.0637707374,2.16010296158578,0.0663203844262093,32.5707243749348,1.06561572865182e-232,5.81923062001042e-230
"C1orf74",171.274700789187,-0.393799349667108,0.149663501588858,-2.63123169968933,0.00850760123526749,0.0208563008288047
"IRF6",997.125117174233,1.38412648017558,0.0815052627526149,16.9820504030112,1.11520891769172e-64,6.67680395538953e-63
"UTP25",694.151368306741,0.26542120994792,0.09092073208819,2.91925948957902,0.00350864024413448,0.00933547997040418
"HHAT",62.9581647225011,-0.688759828744686,0.234648105775994,-2.93528825415795,0.00333237962617476,0.00889803129994004
"RCOR3",473.036809951352,0.272314238117067,0.099515466439877,2.73640116314571,0.00621152512560808,0.0157127869579707
"TRAF5",135.987621249599,-0.825820395896891,0.16814179584596,-4.91145221651759,9.0404319952127e-07,4.21411342435924e-06
"LINC00467",58.1474374060258,-1.33733943537584,0.256509868390517,-5.21359838421436,1.85212227650974e-07,9.38085878161382e-07
"SLC30A1",449.362812938147,1.75794842821045,0.12527380367588,14.0328494595628,9.8128191981251e-45,3.75449712886226e-43
"NEK2",480.564342063778,-0.821688702985024,0.106954371962891,-7.68260976998785,1.55879872851917e-14,1.51679869798293e-13
"NEK2-DT",3.09892620031624,-3.6641544686571,1.44683974660724,-2.53252267726909,0.0113245044387069,0.0269482232259258
"LPGAT1",1438.08368215587,-0.272405065243658,0.0702386242379843,-3.87828019410927,0.00010519751504158,0.00036668557419039
"INTS7",767.648355965362,0.420055342319455,0.0832352805097888,5.04660211086877,4.49736580630132e-07,2.17736567502028e-06
"DTL",796.122934894791,-1.34035533458221,0.0903489970539604,-14.8353095030118,8.66035727078132e-50,3.73369134872608e-48
"PPP2R5A",826.381441685102,0.289701295384209,0.0862353233037832,3.35942725423168,0.00078104211379561,0.00235134646386747
"ATF3",1043.19880571724,1.14910000656572,0.077757217638943,14.7780494397503,2.02959236978489e-49,8.68771593726688e-48
"NSL1",501.942753819772,-0.624368156941568,0.100803852170941,-6.19389183543083,5.8696514785541e-10,3.82280409450753e-09
"TATDN3",147.396397263189,-0.591866111076569,0.158535218272437,-3.73334150938922,0.000188956113016017,0.000632462502351717
"FLVCR1-DT",50.75239062742,-0.890274489553542,0.2804076706172,-3.17492915794341,0.00149873086021022,0.00428912638269784
"VASH2",141.386185621427,-0.389470647023431,0.168894850639795,-2.30599479823137,0.0211109229945958,0.0467256132750688
"ANGEL2",367.932532419762,-0.463303076030293,0.108485898964309,-4.27062945925087,1.9492203265512e-05,7.63130556262856e-05
"SMYD2",447.072102927404,0.667019867906174,0.0993642203896719,6.71287778729963,1.90822934099606e-11,1.44306340554301e-10
"PTPN14",1898.85889883015,0.482704323697979,0.0700323740677312,6.89258832252546,5.47862542842036e-12,4.35703039918638e-11
"CENPF",3211.26122163705,-1.00448212356609,0.0714912813502343,-14.0504143245824,7.6584660456004e-45,2.94271250762825e-43
"RRP15",390.567058883745,-1.13011613990824,0.117045072443363,-9.65539271595637,4.66368912487626e-22,7.3401171807332e-21
"LYPLAL1",232.017147792587,-0.459308555967704,0.138721095876762,-3.31102168033438,0.000929560063842129,0.00276657339562329
"EPRS1",3397.06812022377,0.230511167713562,0.0662618381676785,3.47879222925031,0.000503678935421918,0.001568209760753
"RAB3GAP2",829.088771273684,-0.337817232086202,0.0805827444665082,-4.19217829229687,2.76288720652705e-05,0.00010544258862521
"AURKAP1",49.4801838893575,0.654764206711839,0.256817205844649,2.54953403358773,0.0107866982185218,0.0258081636478998
"MARK1",122.810308661001,-0.679595546583379,0.172216122156472,-3.94617843018153,7.94084470518334e-05,0.000282642627754511
"C1orf115",246.206199596971,-0.831751501324948,0.133575296338162,-6.2268362798108,4.75948015993533e-10,3.12917154185314e-09
"MTARC1",126.058105827688,-1.16063715201784,0.177100434698701,-6.55355337773404,5.61838373018875e-11,4.04187198410106e-10
"DUSP10",84.1548644837104,1.01060519071582,0.20264990808417,4.9869511428353,6.13395689421321e-07,2.92356617801154e-06
"TAF1A-AS1",9.42317058522452,-1.78223296063286,0.660777662066761,-2.69717495452018,0.00699305188320578,0.0174933076051154
"MIA3",822.485599982505,-0.214500307233216,0.0781869915246502,-2.74342704650031,0.00608015567191679,0.0154107574351072
"DISP1",195.721117595044,0.42417780331667,0.148461314155926,2.85716050493238,0.00427449628222437,0.011159731057009
"CAPN2",6300.79089473029,0.954246813952973,0.0560175720889509,17.034776381199,4.53471706045522e-65,2.75151973557116e-63
"TP53BP2",699.789142678044,0.419801273008078,0.0874287409617405,4.80163923659597,1.57372025620362e-06,7.11669077466637e-06
"GTF2IP20",90.3749745560225,-1.09997305870623,0.203410712524659,-5.40764566946238,6.38586004228688e-08,3.42804837122585e-07
"FBXO28",1128.07818928903,0.350149556313575,0.0718666524285432,4.87221186017713,1.10355735414452e-06,5.07974638034184e-06
"DEGS1",459.014781213036,-0.66361104238269,0.101677505012257,-6.526625946444,6.72677558639374e-11,4.79901911490109e-10
"NVL",239.173340793655,-0.396856505358453,0.12886342200815,-3.07966759825263,0.00207231737616278,0.0057684941976876
"WDR26",1909.06095949582,0.511103636118775,0.0687554970706276,7.43364033269594,1.05648994369514e-13,9.63512412719135e-13
"LBR",1872.56235811221,-0.309637557472068,0.0653433316567591,-4.73862519129814,2.15173077137594e-06,9.58623985932404e-06
"SRP9",1614.01163367232,-0.823591584662107,0.077124093888224,-10.6787845813234,1.2793565523075e-26,2.539128241094e-25
"EPHX1",505.889914284269,0.418388319903273,0.11020441706972,3.79647505089185,0.00014676812597963,0.000499982683984671
"PYCR2",464.958577566461,-0.629456230706747,0.106868048481177,-5.89003205029627,3.86120726510819e-09,2.35714146763261e-08
"H3-3A",290.211757235252,-0.695923579710251,0.120180382031771,-5.79065874101047,7.0110899341565e-09,4.15913150791456e-08
"ACBD3",842.256852210006,0.541140967361459,0.0808314598593758,6.69468259391694,2.16140252042026e-11,1.62159179102804e-10
"LIN9",154.700616444565,-0.470796918716525,0.166430376088309,-2.82879201370498,0.00467240533022936,0.0120979046632275
"PARP1",2438.78391306677,-0.924327869714581,0.066094591843928,-13.9849243928646,1.92681504140327e-44,7.32555566690471e-43
"ITPKB",200.344224148842,0.456998895311173,0.13407306170212,3.40858103417166,0.000653016870872827,0.00199525551542883
"COQ8A",288.794571880233,-0.61288376585034,0.12476604437626,-4.91226414137208,9.00306521568882e-07,4.19778106732027e-06
"ZNF678",349.871644810106,-0.482545465995633,0.109092349051537,-4.42327505265903,9.72158458908227e-06,3.97984270513066e-05
"SNAP47",346.221628086865,0.468980721412273,0.109650015276376,4.27706936684135,1.89369808241665e-05,7.44141586202145e-05
"JMJD4",121.893832077705,-0.434153694471225,0.172995954632999,-2.50961761153466,0.0120861960461106,0.0285309587302802
"WNT9A",138.883279619229,1.36714539903093,0.163159680183806,8.37918655816675,5.32947427982598e-17,6.17636372969415e-16
"ARF1",3548.65685023519,0.327009736147722,0.0657586769069935,4.97287584739931,6.59669104568574e-07,3.12921740811536e-06
"GUK1",630.019260959769,0.768283945667331,0.0991838918395368,7.74605564893831,9.47909809533906e-15,9.36528655570752e-14
"GJC2",7.26778668357785,1.87366502335654,0.712097153388514,2.63119296916257,0.00850857090239658,0.0208563008288047
"IBA57",173.057856295897,0.346715589837336,0.14187414192424,2.44382510537036,0.0145324695656736,0.0336446086900056
"OBSCN-AS1",19.8040911407424,1.03851527858449,0.411393515477763,2.52438417114677,0.0115901192259707,0.0275040214078507
"OBSCN",492.241782992616,0.586119861892817,0.131741120404174,4.44902745699016,8.62599896482072e-06,3.56371222707552e-05
"TRIM11",425.051496815724,0.550156777394764,0.106749507194766,5.15371725689557,2.5537289694487e-07,1.27693534290885e-06
"TRIM17",62.370596034009,0.624121571813311,0.233566335993268,2.67213838483685,0.00753695594035185,0.018726524610655
"H2AW",362.325179735601,-2.38165759084148,0.133992598264472,-17.7745459203695,1.11295188417761e-70,7.80408790068665e-69
"H2BU1",600.800402385423,-2.33379633940766,0.110603382636717,-21.1005873760041,7.85542705555939e-99,9.01672936103412e-97
"RNF187",885.378049715326,0.256341106904288,0.0840092720374754,3.05134303258738,0.00227820132623923,0.00628335875423282
"RHOU",29.783943667632,-1.18964933610454,0.368818216280344,-3.2255709821021,0.00125721656089371,0.0036489450223652
"DUSP5P1",22.2818246745344,0.931530982879267,0.386895547303212,2.40770665202105,0.0160530740849103,0.0366564176487796
"CCSAP",612.189124729514,0.515988449990657,0.0972593475101662,5.30528389506955,1.1249777335457e-07,5.85254726796392e-07
"ABCB10",393.678297089128,-0.420966392699558,0.10287071748638,-4.09218874900227,4.27320600844282e-05,0.000157963990724406
"URB2",392.692891850814,-1.16732701383971,0.10997214911968,-10.614751309164,2.54471150277405e-26,4.9791798036364e-25
"GALNT2",766.222663813024,0.268888872367587,0.0826213730358401,3.2544711191249,0.00113603710536191,0.00332508115571333
"COG2",300.283150568283,-0.627151036244559,0.122133242168217,-5.1349741078745,2.82182870358536e-07,1.40320571377792e-06
"C1orf198",459.628603572759,-0.492034242756874,0.0999133501368611,-4.92460959504297,8.45289438903968e-07,3.95558581627847e-06
"TTC13",155.696126413471,-0.427541956766359,0.155103319878298,-2.75649777904064,0.00584240094648226,0.0148582991047921
"ARV1",38.3987576209845,-1.12689173808792,0.306619220720161,-3.67521558316264,0.000237648656282379,0.000782365077615045
"C1orf131",115.627882408947,-0.438175668489249,0.17714257814291,-2.47357621799853,0.0133768267272709,0.0312299254375112
"GNPAT",688.150057657942,0.299926883523136,0.0968406753056899,3.09711681146769,0.00195412854665426,0.00546397991299555
"EXOC8",443.653805003808,-0.284479460607809,0.100417331147849,-2.83297173262807,0.0046117463953675,0.0119520453017078
"SPRTN",339.996554598348,0.476512322390762,0.11025836770318,4.32177922018175,1.54776022408599e-05,6.16810857988804e-05
"EGLN1",2923.87177774288,2.72221918121215,0.0692299230163992,39.3214243581827,0,0
"TSNAX",597.177349713763,0.410003803006118,0.0905186401518307,4.52949582890774,5.91246014506892e-06,2.49879090699547e-05
"NTPCR",236.193297603279,-0.518984824103444,0.12809238604323,-4.05164459914341,5.08588789314426e-05,0.000185918940780643
"MAP3K21",620.206805766677,0.676232464748624,0.0869594464053105,7.7764117954105,7.46105630774094e-15,7.41211112027561e-14
"KCNK1",668.509601879539,1.45867234178123,0.0859677454366186,16.9676700764086,1.42473690074557e-64,8.50171645309138e-63
"TARBP1",277.955974091936,0.321293415601235,0.12522161694293,2.56579832975376,0.0102938658256568,0.0247704307710189
"IRF2BP2",1625.1432987493,1.9034469077205,0.0758349362509103,25.0998682378091,4.9898215925281e-139,9.99128610210543e-137
"TOMM20",4602.4743098964,0.659747279804082,0.057855080436913,11.4034459000276,4.01890369752979e-30,9.49209220618405e-29
"GGPS1",528.435179408217,0.5186947044076,0.0934532380426336,5.55031281175052,2.85158895021133e-08,1.58557496056027e-07
"TBCE",330.05964794661,0.572602758965291,0.112213923598443,5.1027781633797,3.34703261399718e-07,1.64710198626005e-06
"B3GALNT2",475.926155862526,-0.216163551159465,0.0948313904124109,-2.27945145820803,0.0226402423866398,0.0496410522021702
"GNG4",88.5396364780138,-0.461641812142082,0.201042895091069,-2.29623539758999,0.0216624256280092,0.0477761072380802
"LYST",566.448017608137,1.26930750688609,0.102057304736778,12.4372038842279,1.64150070153237e-35,4.77120711972821e-34
"GPR137B",201.202574108619,0.577869483884494,0.14049510288057,4.1130934248699,3.90392301256604e-05,0.00014547683335288
"LGALS8",951.64739790345,0.79548616050485,0.0766616030196612,10.3765917900365,3.16886646696416e-25,5.82715740828175e-24
"HEATR1",1829.99075355939,-0.231772577177629,0.0630145641162559,-3.6780795111116,0.000234996710302139,0.00077462515389699
"MTR",1243.92267410436,0.209341014235975,0.0754301800276575,2.77529516911159,0.0055151627903797,0.0140897006869057
"FH",374.036633686194,-0.851244448306628,0.12715477862432,-6.69455334291163,2.16331364306539e-11,1.62235019399423e-10
"EXO1",538.983933602085,-1.79178546822067,0.101030183022407,-17.7351501760941,2.24495686670437e-70,1.55601414211075e-68
"CEP170",1405.96262383996,0.541392539400764,0.0679248256952074,7.9704663774936,1.58076669554651e-15,1.64759957318934e-14
"ADSS2",641.176819548424,-0.929890085025905,0.08890312589432,-10.4595881828865,1.32429985899925e-25,2.46286973777352e-24
"DESI2",1421.37462810664,0.621008597613284,0.0697357492290306,8.90516850365697,5.3305014898557e-19,7.01174944151019e-18
"COX20",873.741475515912,0.318752907331629,0.0882198887926269,3.61316378533306,0.000302483499806329,0.000979348751349238
"HNRNPU",5370.74030806455,-1.02027373840714,0.0712999848462812,-14.309592640262,1.90626648655017e-46,7.65096399869055e-45
"SMYD3",192.097698622043,0.389999372552886,0.136446656448503,2.8582552530342,0.00425977577727701,0.0111254230843926
"TFB2M",224.5985556337,-0.962315759610036,0.135452208571118,-7.10446710143362,1.20787688232466e-12,1.0124255486685e-11
"ZNF695",97.6449671981963,-1.15819065487895,0.199948440219784,-5.79244656075266,6.9368401685698e-09,4.12026356881333e-08
"ZNF124",215.397523548623,-0.381460718347463,0.133511375177409,-2.85714020876934,0.00427476962912896,0.011159731057009
"ZNF496",649.419549588086,0.59877292128978,0.0962324599457104,6.22215125361627,4.90383930787238e-10,3.22173124925878e-09
"LOC107985115",60.1652375169213,-1.11123509709685,0.254450660257588,-4.36719282226233,1.25853613971073e-05,5.06930705715849e-05
"ZNF692",256.433698629209,0.321125405261453,0.125215420549991,2.56458353013514,0.0103299711793527,0.0248473585989209
"ZMYND11",611.565507534934,-0.400202668905813,0.0899778883120713,-4.44778907810978,8.67586576818962e-06,3.5818505614787e-05
"DIP2C",744.556101365783,0.714564640590259,0.0820208582429561,8.71198687623615,2.98594258873259e-18,3.74980288442857e-17
"GTPBP4",890.340386883873,-0.571621513973989,0.0842391028068264,-6.7857027784924,1.15522764404669e-11,8.88155178044596e-11
"IDI2-AS1",71.091963988371,1.85898186584133,0.240656415156298,7.72463042231387,1.12178332305796e-14,1.10347474152988e-13
"IDI1",3110.95412908725,0.97721970053488,0.0808947756956054,12.0801336320161,1.34500962630346e-33,3.66139251897503e-32
"WDR37",326.550521446396,0.815890187469924,0.114818485729632,7.10591314878631,1.19529567034723e-12,1.00234635995009e-11
"PFKP",4507.78688678551,1.76378774983788,0.0679369196591387,25.9621389766767,1.32624926936413e-148,3.06414590810397e-146
"PITRM1",884.908041299042,0.615009665451359,0.0816463932649073,7.53260053332567,4.97396024404142e-14,4.653984296878e-13
"PITRM1-AS1",92.5369171440189,1.44228672926985,0.206837430701238,6.97304508366828,3.10153176853487e-12,2.50864919213496e-11
"KLF6",4304.98370469829,1.52341478776707,0.0553624661131046,27.5171049037946,1.09601272075019e-166,3.0386531139445e-164
"MANCR",19.9715212383254,1.13969481413794,0.408073130556031,2.79286904429365,0.00522428371116587,0.0134207864232245
"LASTR",3.55981568451606,3.02688202797126,1.14911854862325,2.6340903047799,0.00843630469913451,0.020704160014041
"TASOR2",2188.00628721243,-0.305468648704896,0.0685626679783572,-4.45532033265277,8.37680234747172e-06,3.46473158374542e-05
"GDI2",2413.56114463388,0.268244886639074,0.0675722881013394,3.96974698025294,7.19489936949028e-05,0.00025746481639711
"IL15RA",80.0142904166797,0.858742040967628,0.213017647876638,4.03131876409103,5.54647578318887e-05,0.000201884548755497
"RBM17",620.923370977145,-0.413630535322472,0.090820966592692,-4.55435072803723,5.25476222176464e-06,2.23603471070651e-05
"PFKFB3",904.592065097299,1.70972079489398,0.0886082150062761,19.2952853725005,5.88392249950986e-83,5.17239840798377e-81
"PRKCQ-AS1",18.9478828043391,-0.987831103592063,0.43141167147906,-2.28976443823452,0.0220349756881104,0.0485027845212455
"LINP1",38.3926437067183,1.25917590401675,0.298888530080686,4.21286124187111,2.52155980233841e-05,9.71584973229433e-05
"LINC00706",4.27122456652402,2.45560340966472,0.998949939875142,2.45818465134664,0.0139641354737062,0.0324874367895249
"LINC00707",17.1994323261371,2.76872443647685,0.532706890752737,5.19746315382654,2.02026567679104e-07,1.02052489841205e-06
"ITIH5",4.60156435833976,2.26883783764782,0.941958136641555,2.40863977855438,0.0160120934139488,0.0365767442531082
"ITIH2",20.939511959605,1.70545745771327,0.430380031522972,3.96267794227866,7.41137295624449e-05,0.000264895581206826
"ATP5F1C",1896.52347359257,0.270613122535469,0.0724278482158312,3.7363131613279,0.000186738083747219,0.000625665023523713
"GATA3",9.50635247076801,-1.61939826403432,0.652047169726427,-2.48355999262102,0.0130076421980498,0.0304746125911409
"USP6NL",813.350408038901,0.325612891584624,0.0795415217485779,4.09362160072635,4.24687188030728e-05,0.00015715170052365
"PROSER2",224.450333999509,0.789117065007559,0.138774000352016,5.68634659954945,1.29785858084639e-08,7.50841396001052e-08
"DHTKD1",404.948906904449,-0.548197469229936,0.107433704535024,-5.10265816116601,3.34915638419114e-07,1.64769716624375e-06
"SEC61A2",133.29037239619,-0.748698097642821,0.188511052253126,-3.97164032927628,7.13794334334717e-05,0.000255578933022967
"NUDT5",926.504568470164,-0.467458577471635,0.080174371797432,-5.83052373210622,5.52536795999579e-09,3.31466897493622e-08
"CDC123",1180.29426224854,-0.296130583731707,0.0754565331337023,-3.92451881147242,8.69032687447672e-05,0.000307195724999892
"CAMK1D",307.945503685659,0.661435031570509,0.118248247361437,5.59361382793919,2.22391306426014e-08,1.25437049549396e-07
"OPTN",652.367341395905,0.736758644284822,0.0910686964926849,8.09014153775663,5.95954388849293e-16,6.40793200564029e-15
"MCM10",645.351094125833,-1.65360559988294,0.0955947541395269,-17.2980789036749,4.8633769344371e-67,3.08601815970039e-65
"PHYH",106.41798319532,-0.530133524827654,0.182423440664006,-2.90606033357343,0.00366010867974967,0.0096926992678573
"SEPHS1",489.43420747084,-0.78404126197811,0.101328903020168,-7.73758758468016,1.01320882776414e-14,9.99399906137801e-14
"FRMD4A",122.097728135628,0.867812395189533,0.168400727509694,5.15325799373152,2.55999382342198e-07,1.27971286246567e-06
"FAM107B",760.915830655951,1.44757178886658,0.0842638636054043,17.1790341307556,3.81205354511693e-66,2.36072223149664e-64
"SUV39H2",356.195053886747,-1.14585966941346,0.118206446787925,-9.69371553371581,3.2064674973958e-22,5.10006626395143e-21
"DCLRE1C",489.137285093645,-0.518001644770682,0.101137148512404,-5.1217742678117,3.0267409400964e-07,1.49911858835181e-06
"ACBD7",78.537518177078,-1.15460687257562,0.218934583227169,-5.27375280577571,1.33661915601396e-07,6.88402795385184e-07
"NMT2",263.061964528368,-1.3344954782025,0.130183124862868,-10.25090985954,1.17234723899265e-24,2.09800095271962e-23
"FAM171A1",401.116425214557,-0.482957801784692,0.101592126940996,-4.75389005355889,1.99539577881976e-06,8.91398793507953e-06
"PTER",364.118476599852,-1.11390647933833,0.117735589763523,-9.46108548464966,3.04762806168851e-21,4.56536203654935e-20
"C1QL3",29.342297478756,-1.40622720499844,0.36036700060161,-3.9022085891628,9.53189604319057e-05,0.000333801590739093
"TRDMT1",215.666694667278,-0.420447605824342,0.133381640353048,-3.15221498784583,0.00162036922230963,0.00460723789132877
"STAM",681.817777449077,0.31203674269193,0.0882895029092389,3.5342450960756,0.000408941673985086,0.00129426377008873
"TMEM236",56.1598983359445,3.85903412054639,0.366768522047889,10.5217157104952,6.86126328625941e-26,1.30566869780022e-24
"MRC1",8.09542067398273,2.99776540398053,0.784374311590312,3.82185566212971,0.000132451211244228,0.000454475110021368
"ARL5B",1756.82289404395,0.183343193682277,0.0791010316348682,2.31783568296039,0.020458253009055,0.0454709148342601
"NEBL",1381.09128203041,1.66670126477538,0.078080927046496,21.3458180866998,4.2643489313247e-101,5.02273412362107e-99
"LINC02643",1.9087447004757,-4.03707097304057,1.60122002178066,-2.52124687308811,0.0116939776833796,0.0277030592654376
"SKIDA1",29.9679113242557,-0.874063877746234,0.345501616987096,-2.52984019400082,0.0114114488336315,0.0271372023529788
"MLLT10",913.582235277078,0.350070039990415,0.0813531200395947,4.30309298303538,1.68430120836602e-05,6.67387688565613e-05
"COMMD3",93.7065630031295,-0.699928142343728,0.230986836607946,-3.0301646302543,0.00244420468138043,0.00670120379783306
"PIP4K2A",1710.79625095602,0.17409047925226,0.0636783830799356,2.73390232025401,0.00625886087773475,0.0158103352786176
"MSRB2",71.801277003074,-1.10200659547179,0.24166909839054,-4.55998140768058,5.11581499647896e-06,2.17948231800348e-05
"KIAA1217",459.997620363247,0.65927511304707,0.0978892637056413,6.73490726245065,1.64034523263152e-11,1.24728529271108e-10
"ARHGAP21",2117.71250653653,1.18173238411829,0.068075690862844,17.3590949888294,1.68356311122937e-67,1.07206681369133e-65
"THNSL1",116.77876406677,-1.23135528836602,0.18558505597238,-6.63499160486972,3.24521004783295e-11,2.38994402419279e-10
"PDSS1",185.897680270038,-0.394579565491319,0.150878128078369,-2.61522044657371,0.00891698827924123,0.0217568154421502
"ABI1",913.90783305454,0.685276050104372,0.0774606672811046,8.846761513395,9.00956471504108e-19,1.16975047355732e-17
"ANKRD26",322.917195696171,-0.362162191129451,0.110717355666429,-3.27105166980846,0.0010714833163197,0.00314749585623095
"YME1L1",3372.13524781489,0.418830889206175,0.0607349096773443,6.89604860583846,5.34689074799937e-12,4.25602112056964e-11
"MASTL",498.267188478659,-0.276723015878084,0.0942744159232345,-2.93529281691242,0.0033323306210365,0.00889803129994004
"ACBD5",681.151369363346,0.248553302807971,0.0866601785155,2.86813744289154,0.00412896122563381,0.0108104039295579
"ODAD2",269.502962344392,-0.537859258356293,0.122581781349514,-4.3877585431942,1.14524815233321e-05,4.63995435098849e-05
"MPP7",1461.68223886462,-0.605644769778786,0.0680371941165606,-8.90167176414126,5.50117479232718e-19,7.22570487846415e-18
"WAC",2453.26810858024,0.489963389031636,0.0618789341990106,7.91809677031365,2.41173637127133e-15,2.48070212024433e-14
"BAMBI",132.933913253836,0.571205366564759,0.164386999890125,3.47475996852882,0.000511310650560637,0.00159032261542168
"SVIL",648.524607412574,0.794519686031604,0.0873399625622841,9.09686313942503,9.29784087147452e-20,1.28889531034494e-18
"JCAD",995.111554219905,0.749468026417442,0.0829380516280667,9.03647977864744,1.61798279133653e-19,2.20891423353603e-18
"MTPAP",634.817544483039,-0.481878164590823,0.0875673557823718,-5.50294296642254,3.73503276832163e-08,2.05461005854469e-07
"MAP3K8",147.218729049823,1.68040327046653,0.163969798796822,10.2482486579663,1.20507166700607e-24,2.15228904966466e-23
"ZEB1",177.345412562555,0.989988742118656,0.147468607319509,6.71321686773457,1.90379834343364e-11,1.44092187933715e-10
"EPC1",597.714005396709,1.11801638743221,0.0903228997270042,12.3779948475011,3.43825758005233e-35,9.78844231439544e-34
"ITGB1",4911.79254765687,0.688853681083334,0.0617586590661976,11.1539611043849,6.84881104695711e-29,1.51624599357757e-27
"NRP1",43.1962525838299,1.54320617050161,0.28304411611996,5.4521754122865,4.97573379829773e-08,2.70164804998865e-07
"PARD3",837.232705216717,0.325844856945309,0.0883731768498439,3.6871465818068,0.00022678273691005,0.000749056396967742
"CCNY",1064.88187147046,0.224016355992554,0.077911081221146,2.87528234086107,0.00403666354429805,0.0105872091008289
"ZNF25",103.917816715837,0.552657847810276,0.181433030752416,3.04607074863031,0.00231853272688356,0.00638482247420058
"ZNF33A",852.447030337772,0.384527532655371,0.0814580291325714,4.72056022899302,2.35195951433385e-06,1.04550227942305e-05
"ZNF37BP",245.818081636819,-1.30550379519888,0.13943559799283,-9.36277259173093,7.76712197565462e-21,1.1407604329525e-19
"ZNF33B",499.368525405258,-0.493500094852551,0.10136439621366,-4.86857430504819,1.12406256681263e-06,5.17011883071612e-06
"BMS1",1407.75784721592,-0.625224482209291,0.0744891892179688,-8.3934929185465,4.71908096921771e-17,5.48307918415682e-16
"CSGALNACT2",523.688813697432,0.807971300027402,0.0922516146478432,8.75834318035204,1.98141137482012e-18,2.51280889413324e-17
"RASGEF1A",333.867063090164,0.289641466709989,0.115974623162353,2.4974555537423,0.0125088144991528,0.0294322164889976
"HNRNPF",2768.64634846523,-0.564754904665626,0.0614920677533993,-9.18419115340948,4.14631601238773e-20,5.83755944212807e-19
"ZNF239",42.6255014900505,-1.20125395819544,0.295236041630645,-4.0687917083588,4.72575695383326e-05,0.000173553833431892
"ZNF485",40.1199885084965,-0.875465967211378,0.300403764678693,-2.9142975892721,0.00356489901175411,0.00947397804023313
"DEPP1",129.854170856322,0.467574318560888,0.165815852483157,2.81984087503566,0.00480474690640699,0.0124209358772573
"ZNF22",203.224340354143,-0.352950374530474,0.139164235560824,-2.53621466110242,0.011205802139842,0.0267045438193721
"MARCHF8",450.619038513104,0.378576669303724,0.0996789444051792,3.79796025693119,0.000145891708114036,0.00049718503629407
"ZFAND4",150.212839321549,-0.594274618741933,0.155351768409562,-3.82534827138378,0.000130587343161136,0.00044842121019566
"TIMM23",470.475124452637,-0.502347861350622,0.102551526668455,-4.89849227671365,9.65748340382789e-07,4.48665914979073e-06
"NCOA4",2714.82643786536,0.426310734319472,0.0607286914556099,7.01992294089009,2.21990644845699e-12,1.81263860931778e-11
"GPRIN2",93.294535408199,1.0998356171886,0.19663162876421,5.59338100437273,2.22689868730318e-08,1.255661490735e-07
"ZNF488",26.421604641163,-1.53619020746483,0.389324866771047,-3.94577983216323,7.95406769164992e-05,0.000283057373363395
"FRMPD2",4.83787474322386,-2.24128461658396,0.982397193146476,-2.28144444245148,0.0225221607371893,0.049430259243075
"MAPK8",756.625319263035,0.281193521568375,0.0853605737355423,3.29418499973475,0.000987075099553879,0.00292134675136483
"ARHGAP22",79.4689091769098,0.659069984993017,0.209499251480114,3.14593002283627,0.00165559612440137,0.00469480688557626
"ERCC6",724.033339070009,0.8272502019327,0.0855511090838637,9.6696607535709,4.05720746689168e-22,6.41359085621534e-21
"PARG",535.021138856283,-0.278602520703292,0.0924525125169313,-3.01346619057291,0.00258281818225038,0.00705119928228059
"TIMM23B",59.5953349671905,-0.998765289583054,0.25509666103229,-3.91524250274931,9.031338693116e-05,0.000317754304155883
"SGMS1",432.1742295728,0.746738552529703,0.115491822034542,6.46572665817294,1.0081316803438e-10,7.09392464329391e-10
"SGMS1-AS1",23.0704166199571,-1.3382469376538,0.436015112845452,-3.06926732176861,0.00214584486464396,0.00595385224106986
"CSTF2T",334.692047446646,-1.42675237806274,0.12247212969823,-11.6496086218003,2.30515057611981e-31,5.79374038106766e-30
"LNCAROD",263.828304941173,-0.62235072140871,0.12695224255128,-4.90224283479926,9.47486087331649e-07,4.40636045930416e-06
"ZWINT",601.445864016341,-1.20269552181317,0.0959597895282338,-12.5333280504884,4.90598999505145e-36,1.43991605375932e-34
"IPMK",387.924006398924,0.456013227209331,0.127135298888035,3.58683411450451,0.000334717107069678,0.00107578687114369
"CISD1",332.33721825445,-0.274061173334125,0.115402961542666,-2.37481923921686,0.0175575460912588,0.0397393290769373
"UBE2D1",347.540640289973,0.304329659724521,0.110684540998558,2.74952271544846,0.00596821260274914,0.0151547357072203
"TFAM",908.832809482985,-0.298032510571345,0.0769214736819315,-3.87450339034978,0.000106842355979158,0.000371843587698032
"SLC16A9",137.237229353244,-0.895545326946785,0.177291221792301,-5.05126716310822,4.38888697454614e-07,2.13071476746487e-06
"CCDC6",2735.18852769557,0.432042347770401,0.0620165711065226,6.96656296956993,3.24777565466096e-12,2.62458139339216e-11
"ANK3",61.9696059036803,-0.866088542391084,0.247400716375374,-3.500751958523,0.000463947441378435,0.00145405162453579
"CDK1",1727.37625989375,-0.828420618571756,0.06605124084197,-12.5420901713835,4.39254920707257e-36,1.29555039706473e-34
"RHOBTB1",32.5188341452623,-1.04939326289288,0.345715798027946,-3.0354217796204,0.00240199519510892,0.00659049260217082
"ARID5B",517.76087655884,-1.29227512207307,0.108261515707771,-11.9366065921458,7.62718673393732e-33,2.01538903419772e-31
"RTKN2",387.386919328731,-1.20840793966953,0.125808470211111,-9.60513976238462,7.60546791692672e-22,1.17848785323247e-20
"ZNF365",92.7036037075185,0.724760194067167,0.193902558949193,3.73775466396537,0.000185670988873686,0.000622507328463756
"ADO",464.864978137886,-0.468135870116079,0.105379741365952,-4.44237064969049,8.89731214488576e-06,3.66655527470812e-05
"NRBF2",362.892614109941,0.596439531115044,0.105117564208353,5.67402351459404,1.39481973190536e-08,8.02555759535966e-08
"JMJD1C",3436.41883016393,0.840594292481055,0.0599598855675596,14.0192777975521,1.18817619419829e-44,4.52687593988318e-43
"LINC01515",71.3846016436229,-0.858203269305947,0.222521201274435,-3.85672585079894,0.000114915921130024,0.000397943853705642
"SIRT1",629.226876853548,0.330000350054634,0.0877784833871246,3.75946743804232,0.00017027543675122,0.000574201655257063
"HERC4",940.739739989615,0.434052872551329,0.0781478777328946,5.55425028987862,2.78805757388258e-08,1.55456638424932e-07
"PBLD",35.8053561284571,-0.791206190962308,0.308184563507389,-2.56731285291432,0.010249009648757,0.0246723754849386
"HNRNPH3",883.741206608091,-1.04611463534183,0.0929875220514448,-11.2500539025341,2.31450575621998e-29,5.27303517482178e-28
"RUFY2",383.555997694667,0.306525704719331,0.111862198485572,2.7402081209665,0.00614002908356815,0.0155508979351486
"DNA2",335.156897579147,-0.992945481653233,0.116677707635622,-8.51015589673864,1.73699651621637e-17,2.07575691105671e-16
"TET1",476.301348929205,1.286684335963,0.10382892413574,12.392349691314,2.87494406712958e-35,8.23678331220067e-34
"CCAR1",877.93111752852,-0.472121534686036,0.0798913560344551,-5.90954463812608,3.43054710838139e-09,2.10064184302212e-08
"STOX1",82.3578239833179,-0.487444443057582,0.207414917938466,-2.35009346435821,0.0187686975778626,0.0422067036034025
"DDX50",540.716130060587,0.636048905444529,0.093045801934621,6.83586891852951,8.15094490637258e-12,6.35329490301645e-11
"KIFBP",525.929251820196,-0.591448899972834,0.097853409722952,-6.04423393775829,1.50121559780208e-09,9.49575510284007e-09
"VPS26A",905.765633936886,-0.387905554343731,0.0784794340844888,-4.94276696651664,7.70215279676037e-07,3.61972584072958e-06
"HKDC1",75.9367829300188,2.14699453821723,0.235539640906858,9.11521529858425,7.85144238475614e-20,1.09090858300455e-18
"HK1",2398.78135986032,2.26286281536815,0.0724554557945096,31.2310893714593,4.03299874735758e-214,1.86355565195208e-211
"TACR2",29.1280211848206,2.71566410707821,0.409238471173951,6.63589642314907,3.22536278004282e-11,2.37629855515747e-10
"COL13A1",252.552381165086,1.56828333890623,0.131289187904455,11.9452588894642,6.87359871091578e-33,1.82697820603854e-31
"MACROH2A2",325.727599552882,-0.755590878777282,0.124300710116686,-6.07873340440274,1.21135562010094e-09,7.70827670545165e-09
"TYSND1",135.675297418242,-0.431590435226117,0.166562857720558,-2.59115652272366,0.00956539745148399,0.0231597511048224
"SAR1A",1836.60103577849,-0.327936929300637,0.0677990814228767,-4.83689339764395,1.3188411169074e-06,6.00627641339104e-06
"PPA1",2367.51157088109,0.256215221671199,0.0648693100382006,3.94971399449629,7.8244630426247e-05,0.000278940946570009
"LRRC20",168.91039754899,-1.63778085310886,0.172671068400572,-9.48497549867153,2.42440026651408e-21,3.64996802028824e-20
"EIF4EBP2",1348.81613693461,-0.911051350025719,0.0721290481082137,-12.6308522560687,1.42723992447712e-36,4.27958247570751e-35
"PRF1",50.4597712074324,-0.828066863406521,0.267107436571797,-3.10012657840749,0.0019343795711683,0.00541295873478633
"ADAMTS14",189.493185633348,-0.869900331944212,0.154468694402835,-5.63156395739075,1.78582725491954e-08,1.0174642099559e-07
"SGPL1",1828.89610686725,0.17864372965553,0.0648923013229771,2.75292640287786,0.00590651727566882,0.0150065343049243
"UNC5B",676.362678432605,1.56236280819882,0.0868232410465346,17.9947533559757,2.14173490540567e-72,1.56124088249747e-70
"VSIR",103.341636155528,0.631085760257728,0.184591802002065,3.41881791830965,0.000628937977204847,0.00192691113349346
"PSAP",6053.48233417578,0.778054802908139,0.0580052396475259,13.413526219977,5.03849921280599e-41,1.73280141820566e-39
"CHST3",500.498076420552,0.704320811471258,0.0981585218323377,7.1753404424151,7.21274737644244e-13,6.14566999862266e-12
"SPOCK2",58.060408332959,2.4105157439474,0.27387553620832,8.80150077411029,1.34998512250653e-18,1.73276936557623e-17
"ASCC1",514.493375797115,0.33409211952166,0.0948150490866964,3.52361911679416,0.000425695703237627,0.0013425730255592
"DDIT4",3495.89912977233,3.17133492739603,0.0792788813148009,40.002266364018,0,0
"MCU",563.934229843218,0.483587964963485,0.0977996252830018,4.94468116379926,7.62685864830678e-07,3.58766953017845e-06
"P4HA1",4966.95294852426,3.45516490063615,0.0838489579334499,41.2070106271146,0,0
"ECD",404.116061698749,-0.521817380850962,0.106566071331668,-4.8966558899117,9.74813209726857e-07,4.52588967365698e-06
"DNAJC9",230.36992218421,-0.853124288293557,0.131341667795692,-6.49545801124312,8.27811741024618e-11,5.86168777406862e-10
"MRPS16",889.913521462727,-0.738099192347137,0.0796526935754588,-9.26646870576826,1.9241074468037e-20,2.77616815843471e-19
"ANXA7",1122.3912649902,-0.305241135577022,0.0728419425978156,-4.19045847338749,2.78391363743369e-05,0.000106200058552482
"PPP3CB",498.576801327775,-0.388286325984407,0.0957696402482161,-4.05437803648468,5.02678685675713e-05,0.000184009193470689
"SEC24C",1207.14251646531,-0.340550436450659,0.0809180888499302,-4.20858229959237,2.569779317029e-05,9.8657846340391e-05
"FUT11",824.192737694694,2.72137249942498,0.0990929725924907,27.4628203012572,4.88383124794748e-166,1.33350792301912e-163
"ZSWIM8",481.538942626387,0.566213261201974,0.0974338034034719,5.81126099385953,6.20040085778483e-09,3.70482174595956e-08
"PLAU",1219.19140560185,0.877771676116325,0.0760106626142793,11.5480071601353,7.55519874056503e-31,1.84989451771362e-29
"VCL",3442.18860198417,0.25315637475005,0.0601262483108155,4.21041361904685,2.54903574048908e-05,9.80076233824488e-05
"AP3M1",796.381063683056,-1.2024769565151,0.0920285268938712,-13.0663501535976,5.12668904482406e-39,1.64684604771434e-37
"KAT6B",621.122342001262,0.354227411723681,0.0851084087796092,4.16207301726159,3.15371467121941e-05,0.000119202704425952
"SAMD8",903.82418104454,0.35727660997058,0.0945276513343799,3.77959893139372,0.000157081172887288,0.000532297821850663
"VDAC2",2597.14128209253,0.761315136263088,0.0665878945039383,11.4332363552667,2.8527434343856e-30,6.80917740808779e-29
"COMTD1",57.7900416180141,-0.816561215211693,0.25457688443924,-3.2075230121947,0.00133883348822292,0.00386528649331389
"ZNF503",248.659681482241,0.81763185938779,0.136240494611381,6.00138645796937,1.956397265897e-09,1.22290097567568e-08
"ZNF503-AS1",42.0356958824054,-0.721811949595001,0.294915082212128,-2.44752470501258,0.0143841263661098,0.0333268631066682
"KCNMA1",5.62759439274396,3.29191592719486,0.977697744281889,3.36700779606763,0.000759885401240936,0.00229263264955013
"POLR3A",1152.23406845744,0.248373754781347,0.0726205008995431,3.42016030879387,0.00062584243277033,0.0019180793334956
"ZMIZ1",876.997775984916,0.929383923646392,0.0830251092375118,11.1940102480044,4.36246648340873e-29,9.7781105096404e-28
"PPIF",717.10607771967,-0.243499969752781,0.105741796045944,-2.30277883351803,0.0212912900306925,0.0470670188472901
"EIF5AL1",189.92205681252,-0.55576545155035,0.180788730311377,-3.07411557453355,0.00211127624247459,0.00586516250433708
"BEND3P3",185.848177711225,1.44429773898408,0.163443998526739,8.83665201538616,9.86297477821491e-19,1.2750406634018e-17
"PLAC9",23.4547739326683,1.56341808930406,0.392546291995453,3.98276106839947,6.81192308459015e-05,0.000244878647331736
"ANXA11",1366.29907353005,0.396666334788592,0.0746607142486398,5.31291910050028,1.07882940134316e-07,5.62057954368461e-07
"LINC00857",78.9112252114436,-0.638377210127719,0.209481607830854,-3.04741412259533,0.00230819469874731,0.00635926871520031
"TSPAN14",946.504695735463,0.718538880846782,0.0756042753942218,9.50394507585873,2.02085840178066e-21,3.05519205188669e-20
"TSPAN14-AS1",14.3327491684218,1.29216459352769,0.487740428485345,2.64928744484121,0.0080661693833343,0.0198824290052069
"SH2D4B",15.599736537194,2.00861438255746,0.507380442307924,3.95879347146466,7.53293398592469e-05,0.000268920371157585
"CCSER2",1372.19213467362,0.788940504807049,0.070661391614652,11.1650858662605,6.04327777877147e-29,1.34266689662833e-27
"BMPR1A",804.072682882475,0.264210192562748,0.0829980865033744,3.18332872110258,0.00145592221855409,0.00417589914062761
"GLUD1",2442.68815068741,0.318460169473772,0.0668665488924355,4.76262308656098,1.91092565455376e-06,8.5557245268853e-06
"MINPP1",328.23610247698,-0.340743707291055,0.110391337439755,-3.08668882172945,0.00202399353966916,0.00564444252218785
"PAPSS2",547.709386361645,0.984411477527488,0.0946090246232533,10.405048370888,2.35136645858751e-25,4.34159579407844e-24
"KLLN",30.1503273613857,-1.51206583896596,0.356995714812366,-4.23552938096382,2.28013885817399e-05,8.84805821773332e-05
"ANKRD22",19.3435772227129,1.88376895934249,0.438885921336191,4.29216082759581,1.769427086578e-05,6.99119612524055e-05
"ACTA2-AS1",18.5272415673165,1.62257538227295,0.433894034293026,3.73956600928319,0.000184338238199147,0.000618614411654904
"FAS",359.053112415049,-0.316575990230549,0.10671781558242,-2.96647741993981,0.00301232479670989,0.00812894656506573
"LIPA",932.098671867932,0.28344942944631,0.0769365223992569,3.68419861734025,0.000229423299900373,0.000757361657355674
"IFIT2",2014.15755983139,-1.62959911713671,0.0702940660513961,-23.1825985986529,6.82192549926884e-119,1.05075144805405e-116
"IFIT3",1166.77845929482,-1.31527113242745,0.083482334585235,-15.7550832635683,6.33758400199289e-56,3.12903017260038e-54
"IFIT1",2237.99138896046,-1.34516474791737,0.0759035626156457,-17.7220238624227,2.835258367131e-70,1.95015996313236e-68
"IFIT5",590.306011632908,-0.5406316155598,0.0889109882403833,-6.08059393174358,1.19738181550149e-09,7.62781207597488e-09
"PANK1",220.611057207954,0.297556969461164,0.129955061816234,2.2896912617527,0.0220392203234708,0.0485062029127097
"FLJ37201",23.6071821251043,-1.5102616314346,0.407870927326123,-3.70279304125797,0.000213238831102156,0.000707172796336392
"KIF20B",770.193282960416,-1.56820316929572,0.0907118790787592,-17.2877376725285,5.81916668903651e-67,3.66668541619325e-65
"HTR7",172.123560045676,1.24930443683057,0.155890938696069,8.01396442461782,1.11068848011429e-15,1.16845984238993e-14
"RPP30",410.428122256378,-0.547937718785392,0.106154921351034,-5.16167985253805,2.44743593311438e-07,1.22582665232502e-06
"PCGF5",1045.64476520739,-0.215756374862144,0.0914247839183279,-2.35993311239198,0.0182782303745994,0.0411997485404197
"TNKS2",1034.04629078944,0.188579419317193,0.0753845589544234,2.50156559821762,0.012364553390837,0.0291308166631289
"BTAF1",2215.59223602324,0.465090640298811,0.0625191858503377,7.43916661698336,1.01322462751685e-13,9.25929057428054e-13
"CPEB3",206.312535448947,0.756755564009087,0.13882802013425,5.45102900176267,5.00792017983935e-08,2.71503398197608e-07
"MARCHF5",780.785366495047,0.257128760257022,0.0792733659312812,3.24357061462378,0.00118041546756174,0.00344322873760603
"KIF11",1149.47809688981,-1.14620734002212,0.0747343929694911,-15.3370796828447,4.32205768146901e-53,1.99712311481418e-51
"HHEX",112.217117671983,-0.464167677955787,0.178093900013074,-2.60630868278875,0.00915239377568726,0.0222554700083201
"MYOF",8763.09608308751,0.79686950185242,0.0583867801212841,13.6481152102774,2.07167698641632e-42,7.45183452539093e-41
"CEP55",992.383170904715,-0.875052860190948,0.0860718092149575,-10.1665442863595,2.79654762298107e-24,4.90716501594371e-23
"FRA10AC1",189.587554375099,-0.798058677238158,0.160275633478633,-4.97928886579352,6.38183306510166e-07,3.03288538149254e-06
"SLC35G1",162.68464951822,-0.77902534627007,0.154586842351728,-5.03940267113789,4.66987037343481e-07,2.25497679527515e-06
"PLCE1",286.29093531197,-0.480180218737635,0.127985732716945,-3.75182614924438,0.000175551185800899,0.000591328583050093
"NOC3L",661.010446599202,-0.717512785869009,0.0953317636783429,-7.52648181659532,5.21257349977833e-14,4.86713922484483e-13
"TBC1D12",319.556154404662,0.809607332207332,0.119102863187676,6.79754718349292,1.06415303059101e-11,8.20937575525714e-11
"HELLS",1000.24551688946,-1.62312359201624,0.0901061662650294,-18.0134574502054,1.52780666379841e-72,1.11921154017525e-70
"PDLIM1",465.864435384033,0.59377418290291,0.106391438829905,5.58103348759307,2.39093599768662e-08,1.34269422294517e-07
"SORBS1",79.0950014332289,-0.514073070568702,0.212400322398025,-2.42030268487711,0.0155075928083912,0.0355640531941993
"ALDH18A1",1165.49641935058,0.170712564605216,0.0732996892548259,2.32896709850618,0.0198608087661275,0.0443069614724416
"TCTN3",497.567268679711,-0.555828047151402,0.0978390252600263,-5.68104645027053,1.33873109962077e-08,7.72750581238497e-08
"ZNF518A",2356.7142882147,0.235435790233923,0.0731522138451776,3.21843698035181,0.00128891290431701,0.00373192471862095
"TLL2",26.1937516315159,1.29206703955688,0.365365620857296,3.53636731481513,0.000405670224292813,0.00128526426019353
"TM9SF3",2570.18550198917,0.247744316726781,0.0643373243997261,3.85070904079803,0.000117776353987558,0.000407457799042001
"PIK3AP1",342.564325311998,-0.559930129409275,0.112534134846319,-4.97564699079027,6.50300646884619e-07,3.08640188504285e-06
"RPL13AP5",179.768036087566,0.538755591173262,0.147532200446582,3.65178306527281,0.000260425835936687,0.000850263813717853
"LCOR",3479.50710055982,0.653803502369448,0.0678734197507759,9.63268838921253,5.81868549050222e-22,9.07080719933742e-21
"ARHGAP19",313.235243462952,-0.733555968305302,0.117499265843237,-6.24306852507473,4.290688087127e-10,2.83232564168922e-09
"FRAT1",9.71199151159672,-1.66909518887296,0.636302872671758,-2.62311433840402,0.00871300265934401,0.0212962187608895
"FRAT2",65.3581447036213,-0.66304742562952,0.259036241230499,-2.55967050201102,0.0104771447403145,0.0251637998884518
"PGAM1",3244.10002058295,1.62034335005141,0.071419923950467,22.6875535624371,5.94538931261446e-114,8.7821197379201e-112
"EXOSC1",190.696071652077,-0.365295732187993,0.142876515013551,-2.55672342059397,0.010566319266403,0.0253549453395272
"ZDHHC16",356.787086690328,-0.549229929421627,0.117515731817776,-4.6736715240244,2.95862392552189e-06,1.29943538850023e-05
"UBTD1",113.06866638819,0.767361268934453,0.187452595916165,4.09362839273586,4.24674741859293e-05,0.00015715170052365
"HOGA1",21.506407730827,-2.12737763263082,0.464869788760212,-4.57628713258491,4.73300828009521e-06,2.02405178489786e-05
"MORN4",67.5448517387782,-1.02962289769161,0.241060660956306,-4.27121909318184,1.94407296694766e-05,7.61611716029647e-05
"PI4K2A",1067.07326392473,1.25444414234443,0.0760341592892588,16.4984285230552,3.76565445076376e-61,2.11404544726522e-59
"AVPI1",180.91338146246,1.71105767837422,0.148770224456499,11.5013450078819,1.29875628256402e-30,3.14159556618606e-29
"MARVELD1",370.161672326442,-1.19456618004199,0.113004921507821,-10.5709217271507,4.06479733801237e-26,7.8680679729668e-25
"GOLGA7B",78.139676758602,1.56220076828407,0.238273172510273,6.55634351037449,5.51431278133086e-11,3.97867102956747e-10
"R3HCC1L",403.914006674514,0.786068421803864,0.102163596556349,7.69421250132187,1.42368274769907e-14,1.38907345946318e-13
"SLC25A28",250.210540119405,-0.363712117647677,0.130021606316677,-2.797320598869,0.00515283746261547,0.0132542512009411
"ENTPD7",794.681521630056,0.386314683924967,0.0851975836099878,4.53433850534324,5.77842939623117e-06,2.44616105589574e-05
"COX15",1515.18943823221,-0.401908660131993,0.0690115902317169,-5.82378494369604,5.75295964060728e-09,3.44432178350112e-08
"DNMBP",3177.12837619235,0.986138681502287,0.0628952420219459,15.6790664889754,2.10322538014246e-55,1.02162330392311e-53
"DNMBP-AS1",48.4646652117987,0.730355501080944,0.289388957444602,2.52378496930297,0.0116098919967523,0.0275436892671766
"CWF19L1",532.978002071088,-0.676938378756739,0.101123794379408,-6.69415524715105,2.16921034115093e-11,1.6260956554859e-10
"SCD",51266.4283204268,0.55364954157199,0.0679951789834537,8.1424823031456,3.87255118133565e-16,4.23723405214631e-15
"WNT8B",28.202091560428,0.998717734401131,0.342864151057582,2.91286718462847,0.00358126885431556,0.00951046949950202
"SEC31B",350.336612063639,0.43709819201158,0.125540787561779,3.48172255806887,0.000498199583779469,0.00155249086966796
"HIF1AN",1981.69519521555,-0.228793169084688,0.0660370679962361,-3.46461731307829,0.000530986489880352,0.00164527295978917
"TWNK",439.968537442175,-0.676151458888437,0.109888287319805,-6.15308032712034,7.59922905275731e-10,4.89616398854986e-09
"LZTS2",1065.0674206425,0.96900147644238,0.0816231029821646,11.8716569333822,1.6614403743453e-32,4.35819752344638e-31
"SFXN3",730.591606618712,0.516979250358562,0.0822704344855212,6.28390081554201,3.30181405398132e-10,2.21032656265964e-09
"KAZALD1",87.4862858034833,-0.502679533281925,0.207303234108223,-2.42485137988489,0.0153146548331834,0.0351752988463929
"POLL",417.549004119631,0.28774286810957,0.105687369174647,2.72258520915663,0.00647733271780759,0.016305072343569
"DPCD",291.12982758909,0.953339799843772,0.120787322523665,7.89271406903645,2.95684536221458e-15,3.01558066058115e-14
"NPM3",424.43480983439,-0.826175411868249,0.108441786765318,-7.61860751756331,2.56426849469796e-14,2.46063272326688e-13
"OGA",3263.30580553463,-0.454456392440356,0.0742351875070727,-6.12184609080509,9.24973489046457e-10,5.92779062806053e-09
"HPS6",290.480973708793,-0.462849836456898,0.120286515549991,-3.84789462343796,0.000119137274682721,0.000411770776190511
"LDB1",950.159252854154,-0.343486135731437,0.0875153851227405,-3.92486572789112,8.67781274852536e-05,0.000306813544322495
"PPRC1",914.173021689994,-0.689233078304766,0.0846710551882409,-8.14012624234411,3.94865958408799e-16,4.31265420393028e-15
"NOLC1",3049.92464478773,-0.820906861990621,0.0725785409657932,-11.3106002279313,1.1629124659039e-29,2.67990352276907e-28
"NFKB2",1328.39260313952,0.748838854831972,0.0704800448711461,10.6248351033406,2.28415484532733e-26,4.48396018166055e-25
"CUEDC2",376.995515279337,-0.532435700666021,0.122295444511658,-4.35368384155361,1.33868731619992e-05,5.37533068744177e-05
"C10orf95-AS1",86.7207671904903,-1.04158658781359,0.209748939793569,-4.96587295668194,6.83927182462471e-07,3.23917260319479e-06
"MFSD13A",285.843631106941,-1.40406653542103,0.132944948946134,-10.5612627373299,4.50559575620557e-26,8.6811943095891e-25
"ACTR1A",1137.23931854948,-0.700671927264201,0.0771634967225375,-9.08035479241769,1.08221500764944e-19,1.49445185079315e-18
"SUFU",485.926638342303,0.544949366490469,0.0980235256094813,5.55937325353413,2.70745128750535e-08,1.51102445500569e-07
"TRIM8",1257.02567411365,1.03000079170697,0.0776475543144207,13.2650770626484,3.69041294357579e-40,1.2270282593391e-38
"ARL3",240.308764459243,-0.672645555368783,0.127976560003369,-5.25600590726205,1.47217563208808e-07,7.53909550038625e-07
"SFXN2",186.675072429857,-1.81913798952604,0.165389395327633,-10.9991211100468,3.85874393928375e-28,8.19062715310158e-27
"WBP1L",875.506264382126,0.847970275241706,0.0826001806727239,10.2659615068096,1.00316597152878e-24,1.80239820268397e-23
"BORCS7",192.975524350361,-0.6386424010887,0.145229347798975,-4.39747482700743,1.09517581899331e-05,4.45210093256903e-05
"CNNM2",593.918008714612,0.24866560253336,0.0910234849377099,2.73188400448005,0.00629733076915077,0.015898544887859
"NT5C2",775.449440134729,0.221310389177133,0.0805750346685194,2.74663721942646,0.00602096932826565,0.0152779341403373
"TAF5",206.515113045449,-0.520238716080522,0.136113898653041,-3.82208371980166,0.000132328744889052,0.000454227868884877
"PDCD11",2845.33053242862,0.304053557841124,0.0609215149002,4.99090605903704,6.00967218348162e-07,2.86584552576137e-06
"SH3PXD2A",732.728726231233,1.4049634287691,0.095508570216387,14.710338827039,5.53296835278709e-49,2.3406014714924e-47
"STN1",668.76206193846,-0.488279755921258,0.0935724505459214,-5.21819994103532,1.80670375127336e-07,9.17143895822456e-07
"SLK",2240.96836160371,0.326738458026769,0.0668581212858267,4.88704216844386,1.02362175680424e-06,4.73720792998693e-06
"CFAP43",109.909506241189,-0.593885471586814,0.188346891096227,-3.15314719627306,0.00161520338934282,0.00459514544798342
"GSTO2",835.897786994941,-0.725300196183614,0.0827348173023312,-8.76656551416809,1.84198944864493e-18,2.34922093800639e-17
"ITPRIP",489.518631713211,1.05468452553748,0.120236913222031,8.77171990925853,1.75957653405148e-18,2.24888856171218e-17
"XPNPEP1",1053.93312172908,0.786668509737323,0.0834456665177351,9.42731411427014,4.20724077562946e-21,6.24536128645952e-20
"MXI1",1690.43467769339,2.18959065713636,0.0788349557361293,27.7743627391028,8.85211256903744e-170,2.53212572391466e-167
"DUSP5",5836.71709727566,2.08536712897251,0.0671590817448633,31.0511560729017,1.10058957736447e-211,4.95843119342128e-209
"SMC3",1137.30458882984,-0.543167589243343,0.0738691598599379,-7.35310365344934,1.93656642775615e-13,1.72510447823003e-12
"PDCD4",449.7843567953,-0.283548933040616,0.107637323454912,-2.63429936697925,0.00843111150341264,0.0206942332338599
"BBIP1",190.534923862004,-0.387825704713027,0.144384436730378,-2.68606307920325,0.00722994379594233,0.0180283405488691
"SHOC2",1337.59251582251,0.461684630785295,0.0687749050355844,6.71298100006706,1.90687952072721e-11,1.44264802027813e-10
"GPAM",547.468395134702,-0.282345933077682,0.091996787188111,-3.06908471162535,0.00214715698111999,0.00595657573226037
"VTI1A",1590.76408095291,0.177375064026485,0.0678874375431966,2.61278184072896,0.00898086090534134,0.0218856111393044
"CASP7",644.44713531153,0.195104769347598,0.0855795902417772,2.27980490203789,0.022619262149103,0.0496071222087118
"PLEKHS1",7.46987308234535,1.94895190860115,0.756697151426799,2.575603601687,0.0100065290795121,0.0241208748718415
"DCLRE1A",480.856092165354,-0.693235299704354,0.0974807201879007,-7.11151188017585,1.1477857905613e-12,9.65200547443082e-12
"NHLRC2",1614.84269367855,-1.04662813739596,0.0885511708839996,-11.819472593615,3.0962219120333e-32,8.03991571711126e-31
"CCDC186",838.173266755909,0.265970829312502,0.0834661557141555,3.18657097642505,0.00143970158128993,0.00413068973036553
"FHIP2A",843.985381632537,0.780916116883834,0.0809549709789021,9.64630222753524,5.09602297974428e-22,7.97182553107393e-21
"TRUB1",766.272480999153,-0.418499485465334,0.085120182109965,-4.91657178229111,8.8072912710601e-07,4.11181854911332e-06
"HSPA12A",458.454899140798,-0.284081035420604,0.102348295818776,-2.77563034291861,0.0055094810297885,0.0140791772033208
"SHTN1",1912.65241193602,-0.342210404013868,0.0755914231035535,-4.527106250468,5.97968786479423e-06,2.52661090296499e-05
"PDZD8",2362.33420047963,0.44468431218124,0.0628321018163644,7.07734262146588,1.46944919003992e-12,1.22144574970984e-11
"RAB11FIP2",502.47413465139,-0.470907499049661,0.099002464506322,-4.75652299564311,1.96955812737903e-06,8.80355790565713e-06
"CASC2",33.3290753866741,-1.97085634388789,0.365070223938637,-5.39856776766094,6.71749942348665e-08,3.59643663430341e-07
"FAM204A",909.117138723845,0.26919974948102,0.0819376920226342,3.2854202118197,0.00101830378558787,0.00300636509175605
"PRLHR",5.03968200189327,3.59461521827869,1.09810348432549,3.27347583318769,0.00106233474488028,0.00312407546303647
"NANOS1",41.1829696453825,-0.898311238244183,0.294831208502158,-3.0468661808494,0.00231240631371592,0.00636892467973018
"SFXN4",356.142114875994,-0.698474753623151,0.10929180695897,-6.39091596212121,1.64894992877005e-10,1.14115693803245e-09
"PRDX3",2747.06446615737,-0.485475239615335,0.0613381280137088,-7.91473843979773,2.47773435249812e-15,2.5456813435786e-14
"GRK5",253.064306780853,1.11709598748615,0.125703051080099,8.88678498960478,6.29025702471126e-19,8.23215118680622e-18
"RGS10",423.093640576272,0.486032369694083,0.113546302924819,4.28047727820688,1.86492928099836e-05,7.33476442009416e-05
"TIAL1",2343.61138775008,0.371622330687145,0.0612297900753674,6.06930597393388,1.28464189778719e-09,8.16021559394538e-09
"INPP5F",548.881702086092,-0.233169920689545,0.0945281212717383,-2.46667253672857,0.0136375009982789,0.0317890836230738
"MCMBP",2685.73397459731,-0.327511744975101,0.0586765708743986,-5.58164425927622,2.38255316419421e-08,1.33882103436058e-07
"SEC23IP",1586.6837264999,-0.429156002004163,0.0662857428409979,-6.47433344804773,9.5231388891218e-11,6.71163417758561e-10
"WDR11",1299.19736496712,0.207770378166695,0.0719685110731536,2.88696229876846,0.00388980837060477,0.0102467821439364
"FGFR2",256.293482033403,-0.327388862628248,0.12623129040539,-2.59356346256814,0.00949870069602065,0.0230222503251511
"NSMCE4A",374.474960563213,-1.23367992976261,0.112220833210878,-10.9933235609146,4.11488841048786e-28,8.71379601003546e-27
"TACC2",314.725693087915,-0.350064074567584,0.112108535176604,-3.12254614705411,0.001792939951852,0.00505405457098779
"PLEKHA1",1368.25662437549,0.827634535881684,0.0793266782926206,10.4332433135382,1.74817264918047e-25,3.23780260132387e-24
"HTRA1",35.8649390789202,2.444434523712,0.346422836247424,7.05621647288323,1.71097217220952e-12,1.41243378448867e-11
"DMBT1",14.6101300884657,1.60370075955434,0.494975462114641,3.23996012388773,0.00119546416498649,0.00348374186889094
"ACADSB",481.620801036378,-0.360677503357969,0.0960385486159776,-3.75554929302591,0.000172961713404712,0.000582824053340747
"BUB3",3486.21853407062,-0.343461891405804,0.0566733541910461,-6.06037698506413,1.35802879608311e-09,8.61120229916033e-09
"CHST15",2610.93383186236,1.38079055922207,0.0650645061941921,21.2218710321254,5.99887755512033e-100,7.01985535200153e-98
"OAT",1917.32821392483,0.218861284503971,0.0716052976638559,3.0564957013571,0.00223940691579276,0.0061858295569438
"ABRAXAS2",651.127452057733,0.248381345732203,0.0899711005597191,2.76067919795355,0.0057681304223336,0.0146756287365345
"ZRANB1",879.473658760238,0.947114338603973,0.0818571730626365,11.5703279647741,5.82595452914701e-31,1.43428314986008e-29
"CTBP2",1884.9984175616,0.263803954892446,0.0633441113370841,4.16461687320263,3.1187583622411e-05,0.000117999463459893
"EDRF1",798.027527758486,-0.946828112242954,0.0915339196472304,-10.3440136278661,4.45479947746092e-25,8.10908498821447e-24
"UROS",215.377271961296,-0.709095393718731,0.141123721188406,-5.02463645195452,5.04387078432532e-07,2.42517597130007e-06
"BCCIP",1006.74201634419,-0.595964544935518,0.0802352778069408,-7.4277121139844,1.1049211060596e-13,1.00564561880304e-12
"DHX32",819.969742584089,0.565977419050022,0.0816366348665721,6.93288521721972,4.12342773180783e-12,3.30994615389349e-11
"PTPRE",243.243746722776,0.35162142754123,0.132763651486324,2.64847662447315,0.00808554406859698,0.0199165650164279
"MKI67",6685.58480267646,-0.701811847361088,0.0639787260019928,-10.9694564305521,5.35936106087452e-28,1.13092559341943e-26
"MGMT",63.4751090651363,-0.651815728254384,0.243813421233668,-2.6734202118828,0.00750821345948637,0.0186654041596639
"BNIP3",2006.06479059623,2.98172690359734,0.075178493936433,39.6619664410746,0,0
"DPYSL4",126.598521038439,1.54750785359305,0.172655766799607,8.96296649847302,3.16058619380558e-19,4.22529108297999e-18
"LRRC27",44.2540249143066,0.707755610012298,0.272938055526388,2.59309977367327,0.00951151725621642,0.0230478758201259
"TUBGCP2",352.634961814567,0.27596389551419,0.110480341222062,2.49785520628969,0.0124947217133444,0.0294067363192084
"ZNF511",67.6364983148294,0.911051800016638,0.226064886429425,4.03004559622779,5.57660344957119e-05,0.000202940167133931
"FUOM",41.9984763501236,-1.14712431897649,0.313932219125127,-3.65405093549596,0.000258135023732105,0.000843490709460792
"CYP2E1",9.2410466543894,1.4488273095312,0.611928123280206,2.36764295415096,0.0179018026665149,0.0404423199013745
"ODF3",4.80925256375279,2.35986932020209,0.924107313900141,2.55367454050591,0.0106592839329807,0.0255474073355825
"PGGHG",213.542326506775,-0.410755769210962,0.137733709651077,-2.98224574253853,0.00286142216015687,0.00775540513583802
"IFITM1",32.8381261229167,-0.988396168361515,0.331278359100801,-2.98358205783302,0.00284895631032426,0.00772859275453161
"B4GALNT4",199.751169722545,0.772070037541536,0.140372176886307,5.50016431081542,3.79437491579649e-08,2.08534401822411e-07
"PKP3",990.411286159958,1.1058792978188,0.0953501870728609,11.598082098924,4.2141666345503e-31,1.04461481322188e-29
"ANO9",325.044360681528,0.382748812686446,0.11224100557709,3.41006222029581,0.000649480605748609,0.00198647148611604
"HRAS",269.113011695324,0.345952594516776,0.124494886302157,2.77884983706984,0.00545517366668583,0.0139562300748645
"LMNTD2",63.1313950872953,1.50202311094539,0.249412464969264,6.02224556471342,1.72013647607913e-09,1.08084307654889e-08
"LMNTD2-AS1",16.6970688527686,1.10687490259633,0.445035499035167,2.48716092310842,0.0128767137859386,0.0301874930579418
"RASSF7",242.252532941888,1.18423344024634,0.130678284491496,9.06220528417942,1.27839322956274e-19,1.75593935899011e-18
"LOC143666",22.9201570110693,1.64071419957829,0.394815130628689,4.15565177799968,3.24361530743668e-05,0.000122338198943735
"IRF7",131.036215622765,0.445765938091003,0.168111106001273,2.65161504610901,0.00801078167917428,0.0197729484509519
"CDHR5",72.3431501683114,1.29174938224623,0.236861028643258,5.45361721024932,4.93553875409601e-08,2.68224800625947e-07
"DRD4",9.74455336941231,1.66321225031724,0.60199670511881,2.76282616860667,0.00573032758704675,0.0145959340559957
"DEAF1",294.322638647864,0.510119491697086,0.12032626749897,4.23946908933623,2.24049040648665e-05,8.70169776191721e-05
"EPS8L2",863.925252134531,0.339337657789927,0.078412919448473,4.32757331542685,1.50761169508033e-05,6.01609175310953e-05
"TALDO1",912.037117781275,-0.330828770035042,0.0870034179665932,-3.8024801527001,0.000143254746107905,0.000489123489884532
"GATD1",332.491470262082,-0.99618583631046,0.116339930139825,-8.56271647329662,1.10238795179917e-17,1.33151027341641e-16
"PIDD1",179.440793041325,-0.78403198746884,0.146901415399944,-5.33713024707275,9.44292089167358e-08,4.95547109460832e-07
"RPLP2",3920.22545076239,0.297900944266464,0.077123470480645,3.8626496241663,0.000112163824122591,0.000389011600175753
"CD151",1651.20171815407,0.191381519830208,0.0839623729401533,2.27937245135533,0.0226449345033762,0.049645299840066
"POLR2L",523.608473714703,-0.600281599138337,0.107680968444409,-5.57463039021825,2.48055954593294e-08,1.38999264854656e-07
"TSPAN4",182.282215338902,-0.682244662967265,0.146679195916888,-4.65127081385039,3.29895766464501e-06,1.44227355833498e-05
"CHID1",365.864948671967,-0.529143460052996,0.119946341819578,-4.41150144327808,1.02656269958743e-05,4.19208846799571e-05
"MUC6",21.1206975668389,0.975369241861903,0.415256771915937,2.34883404155382,0.0188322984883501,0.0423268709227434
"LINC02688",5.74527252745868,2.43152794093171,0.892527645175423,2.72431666859328,0.00644346924695013,0.0162243620650116
"TOLLIP",354.597061548974,0.96333836595221,0.113351867215359,8.49865458433028,1.91800704834309e-17,2.28449471369404e-16
"BRSK2",191.755215902082,0.737834016491724,0.145307761958405,5.07773298925993,3.81964969106644e-07,1.86794863182383e-06
"DUSP8",142.88910431401,1.24617481711004,0.16621253583653,7.49747791788493,6.50574303145316e-14,6.04018522255628e-13
"IFITM10",37.6327840917886,2.81628484511763,0.374671467532594,7.51667818119252,5.61854904692109e-14,5.23536051574793e-13
"MRPL23",204.976399275304,-0.448263273430775,0.151503289909853,-2.95876923661195,0.00308870298956383,0.00830644927248617
"KCNQ1OT1",1631.17847274295,1.01241052029377,0.168400412494085,6.01192423046667,1.83334013103336e-09,1.14837061179535e-08
"CDKN1C",145.949608232212,0.922288998709706,0.163491028558451,5.64122084766243,1.68848618793486e-08,9.6413845350995e-08
"PHLDA2",655.439350994107,0.775389324479177,0.100410299562038,7.72220905486001,1.1433067182553e-14,1.12342041274148e-13
"NAP1L4",1723.50640889649,-0.31542697430433,0.0712426855484838,-4.4274997759548,9.53316715244391e-06,3.90892389656864e-05
"CARS1",854.739080193907,0.603708843862548,0.0825372200686151,7.31438305482873,2.58566577320255e-13,2.28525173609039e-12
"OSBPL5",386.534890406267,0.627821108520968,0.105241710219452,5.96551602222942,2.43862116309763e-09,1.51070443383233e-08
"ZNF195",454.778920978278,-0.496973219205538,0.105517429433586,-4.70986852004712,2.47876643432761e-06,1.09861903376827e-05
"PGAP2",249.257701164594,-0.743186858560868,0.128501414162157,-5.78349167132925,7.31658119744543e-09,4.327276329477e-08
"RHOG",257.334935283946,0.356346509192914,0.123021920573588,2.89660986864336,0.00377218530422996,0.00995439322997922
"RRM1",1568.80509982481,-1.01247274329273,0.07101041550483,-14.2580878607008,3.99244551701844e-46,1.58475464013633e-44
"HBE1",1098.32723998996,1.41025630576467,0.0748106251173258,18.8510161966025,2.88251689926699e-79,2.41608544379956e-77
"OR51B4",420.107272174347,-0.270288068125121,0.106335490584714,-2.5418424896417,0.011026985354863,0.0263341244473875
"OR51B5",2272.70008892728,0.502373381877581,0.0684614138563313,7.33805151806869,2.16725752335669e-13,1.92489639371172e-12
"TRIM6",50.8319890714443,-0.668560460075885,0.269515876196921,-2.48059769060656,0.0131162317068677,0.030693106296515
"TRIM22",16.9802990133728,-1.31344700019194,0.466105377069138,-2.817918575518,0.00483360659254287,0.0124883762586688
"FHIP1B",275.904696340691,0.366314423791054,0.116973525873074,3.13160111278972,0.00173855907951472,0.00491459971324468
"ARFIP2",710.52627910206,0.489052724790371,0.092982649551275,5.25961270355804,1.44359128337143e-07,7.40323236130806e-07
"TIMM10B",323.354714932625,-0.464667308240549,0.112876771945449,-4.11658927015662,3.8452043404767e-05,0.000143526154556194
"DNHD1",326.944737846162,0.836893080251498,0.142110942578148,5.88901223979485,3.88510675756746e-09,2.37092817061033e-08
"ZNF214",43.6071984328678,-0.872815282110161,0.290373274209312,-3.00583889645782,0.00264849279158802,0.00721519101998605
"NLRP14",20.3212099657515,1.49874678260921,0.4086983699023,3.66712199749533,0.000245295780774524,0.000805626984752634
"EIF3F",1714.37394108477,0.273755544725852,0.0638034855907441,4.29060485005172,1.78187130994147e-05,7.03573682656774e-05
"TRIM66",298.92144732611,-1.49111357941763,0.132680228269753,-11.2384007689981,2.64123665175806e-29,6.00223527129028e-28
"RPL27A",4324.05677520883,0.255132063264208,0.0846470166367597,3.01407035240285,0.00257768024715892,0.00703930530899393
"DENND2B",116.733737129251,-0.718296114476604,0.186542022323884,-3.85058607989926,0.000117835504604863,0.000407584189728262
"AKIP1",157.052293714357,-0.552536902366494,0.155730640306024,-3.54802947756917,0.000388124781056893,0.00123357966127448
"SCUBE2",17.636922273901,1.94594509652525,0.47152165192343,4.12694748711402,3.67610295989561e-05,0.000137584738193725
"DENND5A",1349.72265954212,0.949186995535349,0.0693288205430534,13.6910881809377,1.14777365694155e-42,4.14509600636145e-41
"IPO7",6593.67599977721,0.433104660767519,0.051960628199711,8.33524681616393,7.73366957101108e-17,8.8544129186271e-16
"ZNF143",400.491320028766,0.247342999420879,0.106107348440085,2.3310638052608,0.0197499954846217,0.0440761199539774
"SWAP70",606.426238138255,-0.233444033241922,0.0886949412514263,-2.63198813763426,0.00848868266663069,0.0208156960586953
"SBF2-AS1",99.5983684992934,0.425462239462944,0.184427689819141,2.30693254293959,0.0210585809887549,0.0466212147418123
"SBF2",687.667642636564,-0.226949634098325,0.0978228662655468,-2.32000597367751,0.0203405541864308,0.0452595538947611
"ADM",1812.48584656258,3.80418190121686,0.0918217522073322,41.4300730466031,0,0
"CAND1.11",13.1626373132682,1.62002513423577,0.509990471069567,3.17657922281999,0.00149023080869185,0.00426751142593928
"AMPD3",574.127591295308,1.15022128982645,0.0939681032529188,12.2405502506588,1.88748647310567e-34,5.28995236887049e-33
"RNF141",1661.15618826187,-0.775684126016418,0.0696757291319833,-11.132773717331,8.68889516487744e-29,1.91655544389543e-27
"IRAG1",132.263437094298,-1.83363765584543,0.184117246662356,-9.95907601859839,2.30192077130055e-23,3.90243783815683e-22
"CTR9",1704.16797902706,-0.275700997835717,0.0657816758850352,-4.19115192987104,2.7754172290172e-05,0.000105898356731143
"EIF4G2",13349.001622674,0.307209066740099,0.0538521403449662,5.70467700581961,1.16563908716144e-08,6.779900444221e-08
"ZBED5",482.395937097288,-0.327302618040244,0.0978857288115997,-3.34372152114434,0.000826626692345432,0.00247740555841627
"ZBED5-AS1",39.1150709587025,-0.779214919914532,0.298169291201008,-2.61333055720091,0.00896645325650756,0.021853456063771
"GALNT18",265.924216206843,0.952857500597077,0.120235367905345,7.92493520997261,2.28265317162513e-15,2.35464755614519e-14
"USP47",792.31299110577,0.274861550964155,0.0811164024935964,3.38848300115199,0.00070280385021931,0.0021311169754
"MICAL2",886.574844023871,0.590608729956847,0.0808494432361082,7.30504387311692,2.77176287119573e-13,2.44493092030437e-12
"BTBD10",443.160194469372,0.553399218626543,0.0973679700714969,5.68358586730507,1.31899451748609e-08,7.62334836421324e-08
"FAR1",1556.87563549721,-0.72871213954954,0.0831045030799726,-8.76862399199102,1.80862931351158e-18,2.30830799283231e-17
"SPON1",55.915890316288,1.45349342279244,0.305454473507332,4.75846173114747,1.95073866140641e-06,8.72747304300024e-06
"RRAS2",653.569874158996,0.404226545345798,0.0844212992464854,4.78820568924881,1.68279124609056e-06,7.57965444563415e-06
"COPB1",2720.64184557837,0.45913200156335,0.0623185374213718,7.36750284203386,1.73853730811958e-13,1.55407643004083e-12
"PDE3B",162.883954907795,-0.476087601808586,0.148757027878823,-3.20043771105997,0.00137219025333189,0.0039552528079485
"PLEKHA7",163.660400010844,-0.823149660496353,0.169420547796016,-4.8586176305334,1.18208171189977e-06,5.42140204444893e-06
"RPS13",4310.86006130892,0.397016076523457,0.0811711782927917,4.89109662904467,1.00275718153683e-06,4.64661536859738e-06
"PIK3C2A",2584.00232342613,0.76922982993909,0.0705586942325749,10.9019850537988,1.1276981513678e-27,2.33589061905736e-26
"NCR3LG1",128.257201071209,0.677787722862138,0.171050896614901,3.9624914939095,7.41716505317623e-05,0.000265050032566506
"KCNJ11",46.9782502413019,-1.00639994718934,0.284106246909094,-3.54233656647247,0.000396599097139029,0.00125807293250175
"SERGEF",152.622367260724,0.554199358385761,0.152179088182577,3.6417576488621,0.000270782932291222,0.000882259848638601
"SAAL1",238.595410931376,-0.649327535175066,0.128955727227126,-5.03527488958615,4.77163582968188e-07,2.30103423298628e-06
"HPS5",700.580701242416,0.583168237705228,0.0834435548629742,6.988775090693,2.77296529758151e-12,2.25198772544914e-11
"GTF2H1",662.740172427973,0.482772396612117,0.0865638784864177,5.57706522689908,2.44610168639641e-08,1.37239098662982e-07
"LDHA",24278.522190743,2.54914182534169,0.056150350986346,45.3985020674502,0,0
"SPTY2D1",769.972797270146,0.572729959396152,0.0870805660961624,6.57701235845998,4.79994895124203e-11,3.48789838912631e-10
"ZDHHC13",405.303610272639,-0.747286943599027,0.109331485397675,-6.83505708242134,8.19723819548764e-12,6.3838560726397e-11
"E2F8",314.501178757708,-1.04302770872105,0.116360526251882,-8.96375895089409,3.13794504460843e-19,4.20125614033346e-18
"NAV2",97.7255860637819,-0.56953393345536,0.192000220800232,-2.96631915880938,0.00301387547996397,0.00813191346375666
"HTATIP2",321.54802199301,-0.869205410418321,0.117041189041367,-7.42649162690159,1.11515952439457e-13,1.0139399489967e-12
"PRMT3",348.789327014248,-0.726415834695099,0.112936476332221,-6.43207454567851,1.25873975968594e-10,8.80580326447997e-10
"ANO5",67.5365511383499,-0.73484045148661,0.236348110812379,-3.10914459591323,0.00187629868341652,0.00526432797350914
"FANCF",74.4387785988221,-0.912978414972233,0.222169148392947,-4.10938432080346,3.96715378252386e-05,0.000147619405977416
"SVIP",274.951783697597,-1.03640895817723,0.132625498469997,-7.81455278308863,5.51585167693555e-15,5.52842953671054e-14
"CCDC34",112.022938120777,-1.29839698308601,0.188287534639672,-6.89582019102204,5.35549006101279e-12,4.2609839465568e-11
"LIN7C",1756.84510766391,-0.297615889778519,0.0769931528057467,-3.8654851624196,0.000110868589359896,0.000384963940049071
"BDNF-AS",67.8233062018966,-0.821035614181872,0.230071745082404,-3.568606887768,0.000358884437170663,0.00114650885343955
"BDNF",377.654107427174,-1.1313428485832,0.118609514126867,-9.53838194947066,1.45078111126528e-21,2.20628914819507e-20
"KIF18A",816.101435146772,-1.33789708015125,0.086350130829371,-15.4938628036934,3.81654005754075e-54,1.81471948224121e-52
"ARL14EP",314.668884539881,-0.469264098241986,0.114588259344314,-4.09521971035397,4.21768214883195e-05,0.000156199856153104
"RCN1",1935.89278047442,0.1864213480655,0.0672597041382807,2.77166470554542,0.00557704498336835,0.0142336677022066
"QSER1",2380.63263563776,-0.19118797997511,0.0647226864374343,-2.95395618598011,0.00313728543530695,0.00842076568806472
"DEPDC7",77.5365149594343,-0.932091134418922,0.223178619646751,-4.17643560971138,2.96112512252933e-05,0.000112531496906582
"LINC00294",150.537967808153,-0.548456444550967,0.15673410189148,-3.4992795947541,0.00046651711485664,0.00146134276496289
"CSTF3",708.094198664516,-0.812164795467125,0.0844972900892168,-9.61172594540721,7.13429329954502e-22,1.1083370650957e-20
"HIPK3",2449.73352879764,1.4568941687147,0.0628387015348112,23.1846638000248,6.50241823976794e-119,1.01017309567981e-116
"KIAA1549L",38.9742669197666,1.40141510977348,0.308604882344638,4.54113071421999,5.59533252360768e-06,2.37255264489256e-05
"C11orf91",25.4283006379167,3.30546735991116,0.467708910801253,7.06736023961659,1.57908648759794e-12,1.31007099784892e-11
"CD59",2765.11465416497,1.47307153683789,0.0754783518597123,19.5164772486793,7.95365808787701e-85,7.13098867669809e-83
"LMO2",70.3419352026726,1.87216903976765,0.236817801585963,7.90552495306426,2.66806816507554e-15,2.73033823979706e-14
"ABTB2",328.642346478786,1.48780268351344,0.120097865738313,12.3882524836476,3.02564823274995e-35,8.62740613961818e-34
"CAT",473.498804271221,-0.362377200030899,0.098783431187596,-3.66840061814336,0.000244072532124997,0.000801959830423676
"EHF",158.24133664063,0.482183152462018,0.150289968200373,3.20835221562593,0.00133497898333617,0.0038560115817761
"APIP",192.807270101581,-0.748205149541961,0.143557939450402,-5.21186882736261,1.86947721245835e-07,9.46609970376844e-07
"CD44",13680.1344861572,0.981745047973537,0.0502266197322799,19.546309371534,4.43465377414986e-85,4.01592440522385e-83
"FJX1",60.2552858533703,-0.821811747939091,0.24551870304255,-3.34724702336288,0.000816184447360268,0.0024485533420808
"TRIM44",967.299652136882,-0.284034161098477,0.0783332378041983,-3.62597243597217,0.000287876063029142,0.000935415530445037
"TRAF6",532.827187733148,0.983747135106817,0.0977281062480425,10.0661638997688,7.7959688889393e-24,1.34699094292977e-22
"API5",2186.06103961463,-0.371401889955831,0.0656148536252584,-5.66033252283078,1.51079965943436e-08,8.66521981625288e-08
"TTC17",1227.66868675903,0.87968509779838,0.0721554239379998,12.1915311391457,3.44879924490779e-34,9.60599863871457e-33
"HSD17B12",2486.70051157903,0.844502385635601,0.0798658914923753,10.5740056218646,3.93327664463945e-26,7.62167509817716e-25
"ALKBH3",205.589768288814,0.495217472962084,0.135236918944677,3.66185119290294,0.000250399299942567,0.000821191225525932
"ACCS",51.7481410887783,-1.12098949680592,0.274244690580209,-4.08755223094489,4.35948546757891e-05,0.000160922342505612
"TP53I11",387.739627663522,-0.406689382548489,0.118671642231725,-3.42701402711159,0.000610257545400651,0.00187382028039958
"SYT13",62.772628455767,-0.764164257029039,0.236178724606033,-3.2355338454119,0.00121415490205309,0.00353363783751594
"CRY2",160.581632268696,1.23229469671526,0.160720611146189,7.66730967439131,1.75641366753058e-14,1.7054057490608e-13
"LARGE2",279.4482339471,-0.528192629316606,0.123147476593182,-4.28910639445332,1.79393427581107e-05,7.07716497031331e-05
"MDK",917.85643087945,-0.678790472127266,0.109543388967712,-6.19654438778904,5.77162583225175e-10,3.76304157463853e-09
"HARBI1",31.8468260934939,-0.878837427269659,0.331277536441209,-2.65287358965139,0.00798097538761574,0.0197047756487496
"CKAP5",3562.03606733669,-0.274818265166614,0.0625408343998628,-4.39422127644681,1.11170535807091e-05,4.51420510540692e-05
"LRP4",159.216787301402,-0.530255372947482,0.157109425117518,-3.37507041700936,0.000737968055831776,0.00222911872848549
"ARFGAP2",532.777353944839,-0.613458582992091,0.0938438549399194,-6.53701388742863,6.27592233803996e-11,4.48981327724566e-10
"PACSIN3",183.273356933715,-1.06831113777961,0.154300780505288,-6.92356276022209,4.40423887480007e-12,3.52853086252054e-11
"ACP2",196.652104819787,-0.843052361450401,0.147465394643701,-5.71695049870747,1.08452693127853e-08,6.32295691639286e-08
"MADD",952.971887818245,0.381024329857792,0.0788388412472943,4.83295192863923,1.34523279160142e-06,6.12337462426097e-06
"PSMC3",959.910561771748,-0.630643001806626,0.0983612872110159,-6.41149602336638,1.4409851873349e-10,1.00573176068793e-09
"RAPSN",11.6950568203054,1.81484657685394,0.555014820579457,3.26990651341378,0.00107583032925953,0.00315912308352386
"CELF1",2850.49770181205,0.478299673530755,0.0591031380399009,8.0926273865163,5.83912822351145e-16,6.29347665764951e-15
"FNBP4",1162.94421680536,0.360503591327806,0.0740947926382529,4.86543761702477,1.14203829596191e-06,5.24615654640062e-06
"NUP160",1496.37501685245,-0.213627028991414,0.0711575671833003,-3.00216881278579,0.00268063478274787,0.00729834105150314
"PTPRJ",729.985260729235,0.205926964222547,0.0852457069475642,2.41568721283778,0.0157055463942543,0.035963106934035
"TNKS1BP1",574.493242827339,0.266170739178383,0.110044120650897,2.41876383403328,0.0155733474156551,0.0356921396130637
"SSRP1",2434.40528757611,-0.370069646176161,0.0794792891383415,-4.6561771020878,3.22134859620663e-06,1.40971158456143e-05
"SLC43A3",325.124839868559,-1.32732823476478,0.120917314358169,-10.9771560988619,4.92174661146854e-28,1.03979830815093e-26
"RTN4RL2",87.4996108302974,-0.888904877540329,0.210484388425179,-4.22313922752665,2.40922886384739e-05,9.31089713819295e-05
"SLC43A1",41.42632638977,-1.11577334158673,0.332800590008738,-3.35267837583291,0.000800336505778758,0.00240461223251734
"TIMM10",107.223334470812,-0.63989648372711,0.203679018724866,-3.14169072363559,0.00167975366858284,0.00475732215331312
"UBE2L6",169.15268956144,-1.18705355811221,0.157056026815009,-7.55815349582479,4.08831428340912e-14,3.84527722866992e-13
"ZDHHC5",1520.60877585661,0.2223083782204,0.0672130320523979,3.30751896517766,0.000941263382011116,0.00279863181112396
"TMX2",738.440958434834,-0.396657361243043,0.0895584624454261,-4.42903272803229,9.46566595301907e-06,3.88478173854149e-05
"SELENOH",295.404017583741,-0.456298944656234,0.1166700775924,-3.91101946679393,9.19073633712377e-05,0.000322921153307287
"ZFP91",1600.5093319408,0.423401253684802,0.0652271352621212,6.49118272607443,8.51651077935316e-11,6.0233924942984e-10
"FAM111B",334.058020230648,-2.39056338896059,0.13113632954765,-18.2296042386329,3.00487643749703e-74,2.2657271246918e-72
"FAM111A-DT",44.7438898672611,-1.13741343789017,0.292153784541194,-3.89320110871196,9.89300724107054e-05,0.000345507526145993
"FAM111A",830.404814634068,-2.11798664754788,0.0883009253747338,-23.9860073782864,3.89245163367212e-127,6.81027872722381e-125
"DTX4",185.816037603026,0.371759371968659,0.15050834472545,2.47002498530433,0.013510361549598,0.031500870162415
"OSBP",1663.79906293457,0.278506703740874,0.069651018991178,3.9986019985745,6.37177214249925e-05,0.000230111634829617
"PATL1",1046.08907356109,0.284128324470892,0.0792465162350972,3.58537306079148,0.000336596696579611,0.00108144215886275
"MRPL16",361.267116871267,-0.541243425815565,0.123248318367129,-4.39148730778885,1.12577908427524e-05,4.5672365776056e-05
"PRPF19",1182.32350300138,-0.487334132232954,0.0736268390848608,-6.61897398136654,3.61700501039663e-11,2.65723796544467e-10
"CD5",13.6269824005554,1.19983466640515,0.510423738266486,2.35066392186237,0.0187399513260803,0.042150856571055
"VWCE",36.6695647558382,0.796009548608037,0.308167103434107,2.5830451717188,0.00979324997109309,0.023663737963136
"TKFC",489.966562345526,-0.554514427455158,0.0999038446005333,-5.55048136207761,2.84884083686958e-08,1.58456545007984e-07
"CYB561A3",125.634804446567,-1.07737159530026,0.180422069237887,-5.97139584891771,2.35232211937687e-09,1.45874731291434e-08
"TMEM138",154.72320469679,-0.831440486193754,0.158468653829106,-5.24671893212639,1.54831832118518e-07,7.91104181062605e-07
"SYT7",516.841524888305,0.680421420075443,0.0931632288845909,7.30354055158756,2.80292346998237e-13,2.47120762488025e-12
"FEN1",916.916662872777,-1.37698491335449,0.0902198382558599,-15.2625513409747,1.3583175471665e-52,6.21275140037755e-51
"FADS1",1851.16953635714,-0.641918967718608,0.0732666061985466,-8.7614126138047,1.92818613762066e-18,2.45221188327889e-17
"FADS2",136.781020772314,-0.388163854842939,0.162402575246824,-2.39013361858946,0.016842244063679,0.0382645083549621
"FADS3",374.980956588102,0.6856712297284,0.118870328561504,5.76822860697009,8.01090902130549e-09,4.72397223406238e-08
"BEST1",81.1373687253017,0.922960396846507,0.206626439365596,4.46680686014949,7.93957481343449e-06,3.29599349718735e-05
"FTH1",2536.72669421002,0.813699713190035,0.0677099926203843,12.0174243372324,2.87803244376581e-33,7.76422495046462e-32
"INCENP",610.084076952174,-0.984675279959109,0.0995662018770355,-9.88965393271891,4.6162090893455e-23,7.68132077553973e-22
"ASRGL1",123.270618055409,-1.29452580146508,0.19643276440029,-6.59017249702346,4.39315856228355e-11,3.2065253321552e-10
"AHNAK",32832.216385409,0.949280343543406,0.071835729502316,13.2145987814156,7.22706440559285e-40,2.38096759877859e-38
"EEF1G",9691.51520596945,0.410975879746406,0.0767765386753529,5.35288366520669,8.65635056705155e-08,4.57466550055238e-07
"TUT1",260.678465966952,-0.407064633509955,0.12207760101947,-3.33447438441252,0.000854607713929174,0.0025565879171178
"B3GAT3",196.048670919352,-0.841685795847932,0.14552068157067,-5.78395996200154,7.29623148994364e-09,4.31665750755989e-08
"INTS5",336.679764966865,-0.627446917905701,0.113229124747435,-5.54139157487319,3.00077353932347e-08,1.666469644134e-07
"LBHD1",241.491822343697,1.68815379113285,0.149034944348449,11.3272346865571,9.61939249355989e-30,2.22530259469118e-28
"CSKMT",182.597204632716,0.62301569022572,0.154655107740189,4.02841974849189,5.6153021953101e-05,0.000204183536847626
"BSCL2",37.8378300279047,1.17288360724536,0.299274581075399,3.9190886276769,8.88844284215177e-05,0.000313154698843435
"GNG3",95.0142890476702,1.82006759310941,0.205046288196545,8.87637425245564,6.90751466887618e-19,9.0203131773781e-18
"POLR2G",444.812914186109,-0.769844179150446,0.108289063742707,-7.10915906503338,1.16752127925334e-12,9.80881164262211e-12
"TAF6L",115.863426139303,-0.479353089275649,0.178258338428654,-2.6890920980255,0.00716466492571211,0.017882884574274
"TMEM179B",133.161616982007,-0.566602379376398,0.169377696117951,-3.34520065134095,0.000822230630582901,0.0024646404181195
"TMEM223",110.188784090626,-0.543608107941083,0.188732829079821,-2.88030498240014,0.00397290651769971,0.0104366980110009
"NXF1",702.262118973941,0.282497231972769,0.0916196251687823,3.08337030906152,0.00204670298236699,0.00570424287739493
"STX5",401.446481468408,0.374428547175724,0.106556423389891,3.51389935269962,0.000441580092199474,0.00138829637849384
"SNHG1",2136.2340024621,-0.532298008875013,0.0681680898216705,-7.80860972146232,5.78222451295094e-15,5.77933821119739e-14
"PLAAT4",24.4655655350928,-1.57895005391597,0.408427150488464,-3.86592823720853,0.000110667478062044,0.000384339684362325
"RTN3",2168.78511635393,0.205924851918291,0.0653788021461273,3.14971894801668,0.00163427598484557,0.00464095066691575
"MARK2",713.48394254479,0.379336795060684,0.0870440091642519,4.35798854743554,1.31263250796464e-05,5.27894452712135e-05
"RCOR2",191.805799172872,1.69125488417739,0.144585013073771,11.6973042241554,1.31566931483773e-31,3.33469433511826e-30
"NAA40",292.363621659266,-1.0371661428211,0.119962554266436,-8.64574907697917,5.34534625336025e-18,6.57083798306993e-17
"COX8A",962.415927317937,-0.36681696157521,0.085553255791918,-4.28758623128709,1.80625147276821e-05,7.11952270139017e-05
"OTUB1",458.899899754169,-0.435311497997713,0.104637549938887,-4.16018435305445,3.17990814743718e-05,0.000120136529821731
"STIP1",2284.16975239974,-0.517119311910675,0.0751940557071544,-6.87713020726814,6.10702880544609e-12,4.83332306117453e-11
"PLCB3",1121.42858223322,-0.30569412202054,0.0798242301084042,-3.82959060933499,0.000128356616198839,0.000441181495426145
"TRMT112",824.706587490784,-0.344511960454406,0.0937184843972686,-3.67603000272641,0.000236891675034206,0.000780158054786446
"PYGM",27.5290337523704,1.86044905930962,0.401400312406517,4.63489688923175,3.57115440903487e-06,1.55486285588832e-05
"SF1",2469.9771176892,-0.182771027556342,0.0693048026860599,-2.63720579920365,0.00835921005069612,0.0205289349037333
"MAP4K2",344.896732800769,-0.271985151194798,0.109721770251357,-2.47886222188831,0.0131802207441409,0.03082283389958
"EHD1",614.968605508756,0.415522864680511,0.0992383824433683,4.1871184762371,2.82518369809303e-05,0.000107660468224433
"PPP2R5B",306.243681280368,2.13703369172703,0.127806800892198,16.7208135780628,9.24484958041092e-63,5.35695930188377e-61
"GPHA2",4.00376716936543,2.39209960497286,1.01941243645783,2.34654740262414,0.0189482557940547,0.0425516713435798
"MAJIN",4.04523400091546,2.37536373407415,0.993161819210702,2.39171873921002,0.0167696879002912,0.0381118131452655
"SAC3D1",92.3869327105624,-1.69796934691185,0.226006780554581,-7.51291329731492,5.78258280155672e-14,5.38542246340329e-13
"CDCA5",771.44826775351,-0.999425134378404,0.0976970245461613,-10.2298420962266,1.45756841734373e-24,2.58531894182592e-23
"ZNHIT2",48.3958609719389,-0.954465340370381,0.27708830078077,-3.44462518872475,0.000571851754754108,0.00176431098654747
"MRPL49",795.707906830215,-0.35203289220859,0.0875760686975594,-4.01973846787211,5.82627822876087e-05,0.000211556236067902
"SYVN1",645.360019516134,0.241186704701623,0.0881695776599238,2.7354866735542,0.00622881083990715,0.0157520909550894
"CAPN1",2261.32498849166,0.248019531793575,0.0646294813609999,3.83756029865404,0.000124262727488805,0.000427926354304558
"SLC22A20P",28.501207273415,1.69596646344269,0.35559819691148,4.7693336979008,1.84836259587934e-06,8.29003044806909e-06
"POLA2",326.292584514172,-1.43314960917681,0.119560684267783,-11.9867966460191,4.16710444118216e-33,1.11417491297543e-31
"CDC42EP2",320.835028175782,1.06167247206118,0.117831848403321,9.01006380233657,2.05936647820909e-19,2.79246375498916e-18
"DPF2",1010.61790598218,0.418506248310617,0.0873259369828486,4.79246215695132,1.6474685444113e-06,7.43340777136606e-06
"FRMD8",593.257359679961,1.01715949275498,0.104394804759786,9.7433918775506,1.96871108602575e-22,3.17052211628865e-21
"NEAT1",7988.49661508975,0.847288858432135,0.24448910249064,3.46554856556264,0.000529150948268388,0.00164014950786801
"LOC101927789",159.12665998235,1.05614752387642,0.151292987927777,6.98080947664666,2.93484095761718e-12,2.38023262363723e-11
"MALAT1",2548.56784605935,0.479111048766828,0.0760731203477557,6.29803334708305,3.01445671692479e-10,2.02699718267543e-09
"LTBP3",1080.10889771998,0.554019374810517,0.0786974806762624,7.03986163279591,1.92430826405761e-12,1.58130229031382e-11
"ZNRD2-DT",23.3175499581241,0.96383784948967,0.375770573046161,2.56496362042503,0.0103186623275528,0.0248234700046496
"ZNRD2",119.353205582275,-0.474286154322201,0.180457077510718,-2.62824911532789,0.00858256380911416,0.0210173097437215
"MAP3K11",517.116085743779,0.580503701407163,0.0980100377562694,5.92290049770978,3.16312250837517e-09,1.94084544512867e-08
"PCNX3",718.069412832544,-0.217459290102332,0.0820369461109314,-2.65074823492675,0.00803136843526418,0.0198183336398597
"SIPA1",328.835684761262,-0.3753453658975,0.111062296187857,-3.37959306426205,0.000725932256937883,0.00219644479554694
"RELA",910.416666773,1.06366299501081,0.0909343140890359,11.6970475410344,1.31965405514142e-31,3.34009631007073e-30
"KAT5",336.820236231211,0.403265067621534,0.117266105943426,3.43888853797265,0.000584107676061129,0.0017993681295431
"RNASEH2C",127.438218928023,-0.575412591059588,0.171196824095999,-3.36111720587133,0.000776278767931738,0.00233817811748251
"OVOL1",150.240853344751,0.91959737486876,0.16348811681546,5.62485759076162,1.85661075597287e-08,1.05578991585317e-07
"EFEMP2",44.9370071359906,1.52276471535031,0.285325134848821,5.33694557318669,9.45253987730883e-08,4.95907485091652e-07
"FOSL1",904.065281360414,1.10542212401253,0.104385747957598,10.5897801724959,3.32371463100986e-26,6.46832196170937e-25
"C11orf68",371.589834549241,0.274289829543655,0.114507337269988,2.39539086387913,0.0166026560168728,0.037767794001523
"DRAP1",291.284150908627,-0.381014890876007,0.155469316725385,-2.45074011323416,0.014256284302441,0.0330859625775002
"SART1",295.060388125909,-0.624451482151932,0.128652659225307,-4.85377827331454,1.21131166203789e-06,5.54458914442081e-06
"EIF1AD",685.792048324098,0.201186365177833,0.084562574938429,2.37914189964436,0.0173529944873846,0.0393109130932946
"BANF1",893.233361076306,-0.565049167126924,0.0823929226867084,-6.85798183510824,6.98401369849208e-12,5.4888316991071e-11
"CATSPER1",103.150482439329,1.17428628626136,0.192484542789303,6.10067836744044,1.05619246449098e-09,6.7495192916993e-09
"GAL3ST3",16.6506394390977,1.98833643873486,0.481895695353117,4.12607221419122,3.69011438843296e-05,0.000138051798617294
"SF3B2",1974.72400597734,-0.239249921470975,0.0814123643884263,-2.93874183937824,0.00329547444658373,0.00880862429574093
"PACS1",650.486643823938,0.255780276641237,0.0879910405286225,2.90689000953494,0.00365041528096396,0.00966987120068374
"CNIH2",10.6407134411155,1.45320281705942,0.574376197194422,2.53005403802888,0.0114044960690559,0.0271242475465826
"RIN1",419.936277579466,1.32041622587785,0.106716534227172,12.373117581452,3.65359942118057e-35,1.03524394919961e-33
"B4GAT1",67.57155688775,-0.547743627700561,0.230736940972766,-2.37388788024719,0.0176018944711901,0.0398247005982821
"MRPL11",406.954019910711,-0.767853581450886,0.127049083952076,-6.04375535474565,1.50567767136956e-09,9.51729825175408e-09
"PELI3",104.920589443383,-0.625287022217717,0.184406442553125,-3.39080898454825,0.000696866522054385,0.00211524871045007
"ZDHHC24",128.792443048836,-0.629749161984587,0.171344337438604,-3.67534271280041,0.000237530343376128,0.000782118457515293
"ACTN3",2.46426480666551,4.06130753575937,1.55487737547383,2.61197931092266,0.00900197016231278,0.0219311213052641
"RBM14",618.940180737383,-0.294842804601892,0.0889391855987109,-3.3151057390182,0.000916084653654986,0.00273027635730904
"SPTBN2",263.150815622676,-0.808687062347612,0.127021071935933,-6.3665583199888,1.93316815987067e-10,1.32917296486186e-09
"RCE1",184.310767301445,0.397300757700335,0.14990998808597,2.6502620857557,0.00804293519468463,0.0198360113785975
"PC",238.8312995732,0.818963680961302,0.127003125508175,6.44837422452715,1.13056329498941e-10,7.93993809002497e-10
"LRFN4",284.792620752855,0.398246579127567,0.125698559233809,3.16826685647842,0.0015335069025355,0.0043773244694318
"RHOD",199.209282044468,0.69138721786029,0.154462352308691,4.47608888202454,7.60228459083846e-06,3.16472096584661e-05
"KDM2A",1996.66106488989,1.04723950840866,0.0677974651527946,15.4465879520497,7.95441977855001e-54,3.73298434451171e-52
"POLD4",202.39377510343,0.435581316107262,0.145744451207927,2.98866483421615,0.00280199314981595,0.0076103569785732
"CLCF1",148.481506266644,1.32889274141023,0.165797375918968,8.01516148277104,1.0999240611356e-15,1.15848810670512e-14
"RAD9A",99.8298619791847,-0.804612640765442,0.192527247199231,-4.17921438378441,2.92517838233454e-05,0.000111235787356089
"RPS6KB2",241.621126470518,-0.592729763765863,0.132555435516996,-4.4715613618867,7.76505720045665e-06,3.22800682374693e-05
"AIP",284.535897475005,0.351652222202001,0.133565247339805,2.63281227119925,0.00846811385341152,0.0207709105420347
"PITPNM1",463.281343503191,0.25921351543812,0.100820198307792,2.57104746656789,0.0101391429053042,0.0244242072311838
"CDK2AP2",330.9484031978,-0.435733591267055,0.120875085461314,-3.60482550729208,0.000312362727183054,0.00100879725924119
"GSTP1",1832.06061438171,-0.266265709036217,0.0846703570533829,-3.14473350889901,0.00166238184691692,0.00471330762480961
"NDUFV1",664.857187796359,-0.326208495561297,0.0883656126047787,-3.69157736754779,0.000222867580466219,0.000737476435472225
"NUDT8",20.6534391438426,-1.11393085194301,0.4427575432579,-2.51589356049471,0.0118731033994443,0.0280720541014676
"FAM86C2P",30.1934083359943,-2.30911233494323,0.401815796731947,-5.74669376794973,9.10053303298964e-09,5.33682739302006e-08
"ALDH3B1",176.912442714131,-0.810675698706906,0.148647144261291,-5.45369171224645,4.93347033093329e-08,2.68193269483405e-07
"NDUFS8",311.256842321205,-0.726866679717821,0.127738139788212,-5.69028702721797,1.26826004617301e-08,7.3483140915105e-08
"KMT5B",740.243585880212,0.411811516000768,0.0887804657095303,4.6385374610235,3.5088334244914e-06,1.52994645881344e-05
"LRP5",695.881909439384,-0.380974560167699,0.0891115665660618,-4.27525376164572,1.90919709748627e-05,7.49578232980392e-05
"CPT1A",1451.82329902134,-0.671932609511363,0.074085705696552,-9.06966604682873,1.19382348208155e-19,1.6447930405651e-18
"SMIM38",53.3919642397622,2.16197728901399,0.280864280452965,7.69758719594833,1.38659468424004e-14,1.35361987024322e-13
"MYEOV",1033.17413243374,0.480891368798738,0.0886940176571397,5.42191436921594,5.89641283791455e-08,3.176659364785e-07
"CCND1",10877.2129678432,0.397926374863897,0.0504668493832297,7.88490622511754,3.14771805320481e-15,3.2066154345282e-14
"ANO1",1111.93786664068,0.509365301266478,0.0723535649942152,7.03994753136494,1.9231223505061e-12,1.5810487170835e-11
"FADD",305.011253132409,0.359309663066472,0.11702705790429,3.0703127080263,0.00213834754643977,0.00593487773515958
"PPFIA1",1030.08647036548,0.504717855412531,0.0735476548578135,6.86246021560143,6.76845926238217e-12,5.33338016473061e-11
"CTTN",1941.27739282072,-0.467671535423217,0.065964330954589,-7.08976394750628,1.34340946257025e-12,1.12081397800826e-11
"SHANK2",310.938579694124,0.563898918908162,0.120756944447997,4.66970178390859,3.01637288971766e-06,1.32290230824049e-05
"DHCR7",3183.04526535543,1.51462301188942,0.0586158251548072,25.839830931139,3.16570819101839e-147,7.13115341379281e-145
"ALG1L9P",15.3611066534138,-1.71505649304413,0.51492082149676,-3.3307188628707,0.000866220385812692,0.00258960809103028
"XNDC1N",33.4414286002096,-2.03974830184931,0.385389430786778,-5.29269393217435,1.20527545797638e-07,6.23966361051204e-07
"IL18BP",86.5071749458577,0.507387155203531,0.201572082665036,2.51714993711051,0.0118308470215948,0.0279794874246928
"LAMTOR1",290.138799539314,-0.522385411750856,0.116368825033494,-4.48904946492759,7.15416851103698e-06,2.98853200596656e-05
"ANAPC15",68.8695706072832,-0.756844185504905,0.227290128547931,-3.32985946349756,0.000868898277348752,0.00259718292521179
"CLPB",837.542386090459,0.331965796726965,0.0802538920694871,4.13644482736781,3.5272811432265e-05,0.000132372206335037
"LINC01537",5.88938663102032,2.24747951758688,0.823247189165747,2.73001784538664,0.00633308972475229,0.0159720725196526
"PDE2A",101.588897080633,1.58761360307317,0.205972104101295,7.70790593221496,1.27898962032078e-14,1.25264521455439e-13
"STARD10",215.422440749028,0.371687897491633,0.138894349064628,2.67604765776818,0.00744960511325586,0.018529928743407
"FCHSD2",357.96403497397,0.526147844657423,0.105890940901764,4.96877107877938,6.73785575621938e-07,3.19281878997711e-06
"RELT",236.268502019765,0.786051902099597,0.131708774796275,5.96810579489065,2.40023726538557e-09,1.48743726820885e-08
"FAM168A",1042.66248249214,0.298967095220704,0.0762686823086847,3.91991950261688,8.85785500417407e-05,0.000312217231780156
"PLEKHB1",233.820523405962,-0.372789151403307,0.135598427294606,-2.74921441819803,0.00597382938716182,0.0151668610011332
"RAB6A",2970.11783345268,0.914077834348783,0.0655007010226033,13.9552374261361,2.92326613263921e-44,1.10672644908175e-42
"COA4",323.973143171325,-0.670083221839233,0.126612072816486,-5.29241174978995,1.20713726016402e-07,6.24750734216423e-07
"PAAF1",112.062638440562,-0.707389791587766,0.189642443233479,-3.73012380312387,0.000191385706516072,0.000640119119733877
"UCP2",147.319858171199,-1.02730440086381,0.165471367252804,-6.20835143819364,5.35433058220144e-10,3.50364529491112e-09
"C2CD3",590.865605628159,-0.788925214084051,0.0922334354112403,-8.5535707367559,1.19338106527294e-17,1.43756150917671e-16
"PPME1",1040.84078928347,0.688942028033879,0.0784028062244834,8.78721134115144,1.5331818886109e-18,1.96371505434662e-17
"PGM2L1",465.017346013461,0.811889511297216,0.109328622111594,7.4261386964934,1.11813752551788e-13,1.0161349645667e-12
"LOC100287896",84.7699573258289,0.484394427291824,0.202437647666222,2.39280802200632,0.0167199870712755,0.038010708592337
"POLD3",273.689160492443,-1.00105232714373,0.122090365586633,-8.19927372920672,2.41843669963882e-16,2.67871221660671e-15
"RNF169",992.111444855842,0.764233075797205,0.0771566069503194,9.90495961401321,3.96130068017146e-23,6.6221335396447e-22
"XRRA1",279.978708175381,0.273737378777226,0.11833318010786,2.31327661884617,0.0207074353506932,0.0459492544131374
"NEU3",330.725258660765,-0.732419991795812,0.115080495688549,-6.36441464223458,1.96035902304849e-10,1.34735430794649e-09
"ARRB1",649.357819943036,0.996784669396026,0.0899154724679784,11.0857969383524,1.47035202849621e-28,3.21568129921482e-27
"RPS3",10955.6537729856,0.43699836282059,0.0685628418445636,6.37369092447033,1.84532296874463e-10,1.27168509444539e-09
"KLHL35",35.0670750892693,0.86067468980187,0.311484724773504,2.76313610700399,0.00572488883381436,0.0145841421648528
"GDPD5",340.766319639373,0.745970799307232,0.110678939113497,6.73995256263044,1.58438350659343e-11,1.20728013413616e-10
"DGAT2",32.8873481706762,-0.911088844752991,0.34085717640502,-2.67293431918359,0.00751909707154863,0.0186898825277762
"THAP12",1147.61495529394,0.326237371366835,0.074910432636613,4.35503253531317,1.33047155509414e-05,5.34472311510287e-05
"GVQW3",147.080197016205,-0.667643743192658,0.162487411317722,-4.10889519242307,3.9755643522335e-05,0.000147901827398018
"TSKU",294.372178469963,0.552104120979694,0.123054390536102,4.48666738809062,7.23458826405553e-06,3.02085965313347e-05
"ACER3",778.349273296824,0.536309963962189,0.0827303654843634,6.48262534345452,9.01401418709912e-11,6.3652644853336e-10
"CLNS1A",836.551915502632,-0.221046613507219,0.0897884637272196,-2.46185984625782,0.0138218666766286,0.0321647545686369
"NDUFC2",405.759116185729,-0.250456431097733,0.102835195131563,-2.43551277145252,0.0148706996356157,0.0342867039577061
"ALG8",286.86578681256,-0.990789901893823,0.128520806197762,-7.70917901315716,1.26629687914258e-14,1.24088831207332e-13
"GAB2",157.997906205175,0.450169688471726,0.150522229432294,2.99071897997774,0.00278321495125247,0.0075627739198614
"PRCP",660.519583475694,0.301033806880121,0.0856200646038475,3.51592594881776,0.000438223191978815,0.00137870463384257
"DDIAS",263.080497106568,-1.46139933304619,0.134475385433391,-10.867411372991,1.64810719269629e-27,3.38274939858541e-26
"RAB30",279.796573550448,1.18158802904959,0.128077195529648,9.22559261360514,2.81997180944795e-20,4.01728948443174e-19
"PCF11",1128.2569755887,0.416258214344736,0.0780962322684824,5.3300678183002,9.81760980719477e-08,5.13565011133402e-07
"TMEM126B",294.138374471166,-1.06453699896172,0.120460274396656,-8.83724534327704,9.81075363436868e-19,1.26920022429977e-17
"SYTL2",275.867946138399,1.47463392286852,0.122765094546177,12.0118338874724,3.07939494473542e-33,8.28265317896673e-32
"PICALM",1987.87444259018,0.747543354475679,0.0633778591707475,11.7950237552472,4.14083767014304e-32,1.06450835454562e-30
"EED",299.409323217082,-0.318549338483194,0.114436623387303,-2.78363105319078,0.00537541414987168,0.0137697709161105
"HIKESHI",278.263341534634,-0.532088117182612,0.125516577748124,-4.23918598426384,2.24331749677807e-05,8.71080038988097e-05
"PRSS23",246.09090108431,0.404134919848295,0.128281350013524,3.15037937943193,0.00163058572371177,0.00463263208686896
"FZD4",346.326739289497,-0.281747977795725,0.111857622567034,-2.51880892271672,0.0117752538339716,0.0278662966962577
"TMEM135",1200.58710280515,0.525646499069245,0.0731909747537438,7.18184859318816,6.87750634618439e-13,5.87391193671038e-12
"CTSC",347.499456706459,-0.390734646461195,0.116771114233521,-3.34615841448422,0.00081939568207206,0.00245655125380479
"CHORDC1",1037.32347417281,-0.778966663566052,0.0782566421600196,-9.9540006070439,2.42244504099329e-23,4.10290245147934e-22
"SMCO4",68.6154688989004,-0.616708280475862,0.229296570674115,-2.68956608754674,0.0071544979129617,0.0178599815610864
"CEP295",841.404357613252,-0.569433950068209,0.0805562644286788,-7.06877303840674,1.56309552823584e-12,1.29749168651949e-11
"SCARNA9",139.245891437652,-0.441477668608473,0.19220066648917,-2.29696221492213,0.0216209253184517,0.0476962535394563
"TAF1D",2862.73987897411,0.35163830687016,0.0658057798353268,5.34357783997247,9.11296688517213e-08,4.80049038987685e-07
"PANX1",638.463066205112,0.691011622636691,0.0874030110947763,7.90603909386355,2.65707764713195e-15,2.72063615221391e-14
"FUT4",182.175325244206,0.377904530404069,0.141134179117001,2.67762587892183,0.00741459855632966,0.0184530424780578
"PIWIL4",24.1261054130375,1.76918957744631,0.393093743267096,4.50068109134009,6.77360680758734e-06,2.84075327622833e-05
"AMOTL1",1373.11315069905,0.344847278696806,0.0720748125187373,4.78457406472138,1.71350305680194e-06,7.71012199416424e-06
"SRSF8",441.570437456594,-0.465195976984143,0.100202331452147,-4.64256639783181,3.44108003344262e-06,1.50222149425071e-05
"ENDOD1",1139.39329410654,-0.395323587348206,0.0841393796947391,-4.69843715014842,2.62159836371659e-06,1.15822074313647e-05
"SESN3",280.326966736309,-0.649829361791641,0.130373071111105,-4.98438332589289,6.21597401913243e-07,2.9595262298226e-06
"CEP57",611.583231192196,-0.216529091830833,0.0899340702591247,-2.40764252309445,0.0160558938560442,0.0366582114759626
"MTMR2",858.446694444164,0.35463463465852,0.0767974983500708,4.61778888997096,3.87850524662611e-06,1.68136981114864e-05
"ARHGAP42",826.148341877254,0.733903197651828,0.0819463126322125,8.95590264013095,3.36967262847737e-19,4.48816485127795e-18
"CEP126",100.77185008787,-0.505402633454946,0.187396995373669,-2.69696230959934,0.00699751899823298,0.0175020527227143
"YAP1",2843.37824973862,0.452716869295452,0.0623066252230733,7.26595073436593,3.70423582859477e-13,3.23577478754757e-12
"BIRC3",1059.8098421072,0.941340064439576,0.0794904218891764,11.8421822663361,2.36225193482002e-32,6.15175464124156e-31
"BIRC2",1539.87123804887,0.896312920633046,0.077089478302083,11.6269164142057,3.00767056865043e-31,7.51750781104707e-30
"TMEM123",4138.41061780406,0.216949339399717,0.0655876307326223,3.30777826514488,0.000940392349032,0.00279650338645308
"MMP1",7.04755203550672,3.66211110951294,0.924564683827911,3.96090308614315,7.46668348983305e-05,0.000266713782299864
"DYNC2H1",124.153636467296,-0.410273153354543,0.169928414787246,-2.41438816379364,0.0157616608378172,0.0360778470669763
"CASP4",226.846691931777,0.3406290344448,0.130217204770867,2.61585275958103,0.00890049294743681,0.0217220725089056
"MSANTD4",489.216563574659,-0.514484407817134,0.0978376726897968,-5.25855116615819,1.45194788955486e-07,7.44185236566215e-07
"KBTBD3",76.3046225792358,-1.02385309727662,0.233293801052238,-4.38868539437686,1.14037896778428e-05,4.6233451920001e-05
"AASDHPPT",924.583010869127,-0.630776521207777,0.0842480569209571,-7.48713435372856,7.03936336985339e-14,6.5087925750707e-13
"GUCY1A2",23.1403113550542,1.70677844726635,0.409594112983615,4.16699945913195,3.08635229827825e-05,0.000116846963796791
"SLC35F2",1144.96356633135,0.665448520860745,0.0736888974653445,9.03051265183744,1.70869424236306e-19,2.32746628432537e-18
"CUL5",1115.1894512281,0.295217093123462,0.0777280079323363,3.79807872318629,0.000145822013986297,0.000497135549384611
"ACAT1",642.873219991608,-0.483870237836567,0.086183249352869,-5.61443484052692,1.97205722503075e-08,1.1165077993176e-07
"NPAT",760.564000294743,-0.607198412359214,0.0811174858601116,-7.48541952355793,7.13189490829021e-14,6.58084373488468e-13
"POGLUT3",582.708403593407,-1.26448122612748,0.0954477300441808,-13.2478920718405,4.64055013017381e-40,1.53726753485041e-38
"EXPH5",754.261546440615,-0.474955718184094,0.0993770738791621,-4.77932886977149,1.75881301175481e-06,7.91202428478119e-06
"ZC3H12C",772.06738014742,0.903123637938587,0.0962291593975255,9.38513485509893,6.28359795461193e-21,9.25893039575319e-20
"RDX",1669.48097722069,-0.33627560919156,0.0692610541601234,-4.85519045687826,1.202710915655e-06,5.51081958073194e-06
"SIK2",985.036632081122,0.416670383547309,0.07694625479855,5.41508335445536,6.12601608561117e-08,3.29543092175519e-07
"PPP2R1B",505.0034067178,-0.705171878480959,0.102628747460986,-6.87109504818839,6.37109239989077e-12,5.03347023842313e-11
"ALG9",496.318581629826,0.602559088410755,0.0938334580032021,6.42158033214754,1.3486680933599e-10,9.42394250113953e-10
"FDXACB1",47.9408607956281,-0.681860397230378,0.271008045995507,-2.5160153261342,0.0118690021425772,0.0280660395763526
"C11orf1",120.767208448187,-0.555815969969302,0.185628262550929,-2.99424216081756,0.00275127485080167,0.00748275340873785
"PIH1D2",18.4503359296511,-1.47649637073826,0.463155745874856,-3.18790468193221,0.00143307768818689,0.0041123396526777
"TIMM8B",266.695667932603,-0.700767188964645,0.136255647001767,-5.14303226607229,2.70339170220614e-07,1.3472848967217e-06
"SDHD",1006.56536730192,-0.454644793169659,0.0848666805955529,-5.35716479045938,8.45380109342741e-08,4.47155707380849e-07
"IL18",842.93601182268,0.8635510308274,0.0837395085071891,10.3123489285021,6.19679176698508e-25,1.12346463212111e-23
"BCO2",46.3255830115071,0.665895049152041,0.281386842266256,2.36647543214531,0.0179583661231806,0.0405650182885232
"PLET1",7.67989898477684,1.55617612509906,0.676668347486992,2.29976196001834,0.0214617096707073,0.0473914311941938
"TTC12",98.9633047452439,-0.666053086659971,0.196388301748535,-3.39151100513521,0.000695083716036844,0.00211054821342881
"USP28",617.120591697347,0.774258604586912,0.0941692307062379,8.22199139549331,2.00151551725335e-16,2.22787591948256e-15
"RBM7",724.126748898789,0.438378168957698,0.0850939671061801,5.15169504802485,2.5814255433408e-07,1.28971083217479e-06
"REXO2",473.344287551596,-0.507454505236131,0.0998872489929693,-5.08027311145438,3.76892630034034e-07,1.84514590759123e-06
"BUD13",230.727315592582,-0.514398273716624,0.134023353138132,-3.83812419009139,0.000123977778747824,0.000427108306406909
"ZPR1",638.609678061778,0.344771732998518,0.098575894098878,3.49752580131497,0.000469595286410272,0.00147047378912242
"SIDT2",359.29276684083,1.05383583026135,0.107277992145309,9.82341120659603,8.92705361580354e-23,1.47051584287382e-21
"LOC100652768",51.1078181269707,2.19332543703072,0.301699016008737,7.26991246457099,3.59720523343192e-13,3.14991426198623e-12
"TAGLN",52.4452502451593,1.64629666996825,0.261205156484121,6.30269590435262,2.92512456327214e-10,1.97355558797182e-09
"BACE1",363.791922007903,0.30847608865429,0.105715946388543,2.91797121619225,0.00352316870464016,0.00937136874189231
"TMPRSS13",19.4374953809368,1.3501648132208,0.447628178952803,3.01626411540806,0.00255910245010071,0.00699387098169015
"IL10RA",31.3120020815078,1.10186071175912,0.324586356873067,3.39466120010096,0.000687135750661577,0.00208852645685146
"MPZL3",230.530690367263,0.809480133720564,0.127266148285999,6.36052983941541,2.01058991043904e-10,1.37872301278622e-09
"MPZL2",415.007639836726,1.31843999852583,0.103549681076296,12.7324390072664,3.90448718587102e-37,1.1925892131624e-35
"UBE4A",2490.58231279467,0.286568376822315,0.0597000137827095,4.80013920709197,1.58555379048845e-06,7.1684056343182e-06
"ATP5MG",519.083248325209,-0.495028511072303,0.131085745637321,-3.77637178371715,0.000159129414509716,0.000538934632377296
"KMT2A",3276.94695254154,0.377630134907002,0.0712461488950641,5.30035855640702,1.1557547524135e-07,5.99880656487431e-07
"ARCN1",3427.33692938805,0.513268052364969,0.0640403897563406,8.014755286747,1.10356516576149e-15,1.16164415024461e-14
"PHLDB1",369.48839406094,-0.313649933908422,0.10581132724115,-2.96423778140119,0.00303433722445498,0.00817732781843924
"DDX6",5617.76551750374,0.303466515013976,0.0570178537989858,5.32230687047315,1.02459538587324e-07,5.34575374893505e-07
"CENATAC",182.479727546381,-0.37965573706157,0.140601552947215,-2.70022435103616,0.00692927312699448,0.0173385769260716
"RPL23AP64",47.0379629250288,-1.00501535630735,0.276057402459388,-3.64060281431941,0.000272000463182866,0.000885906442620355
"RPS25",4489.48712901904,0.486304514165824,0.0776200864638984,6.26518902928571,3.72373412461598e-10,2.48079159555285e-09
"TRAPPC4",272.252229601014,-0.650005231639332,0.122033457218559,-5.32645101150569,1.00150274817629e-07,5.23132783329998e-07
"SLC37A4",378.408497802179,-0.6043592122098,0.106360316799648,-5.68218702609018,1.32983120045552e-08,7.67859277904804e-08
"HYOU1",3073.31145369364,-0.323508697872534,0.0716174403638276,-4.51717760686588,6.2669339112402e-06,2.63746884667117e-05
"HMBS",265.423942307828,-0.638128039190045,0.13262330576079,-4.81158296823805,1.49739548891808e-06,6.78515567155967e-06
"H2AX",879.928027343859,-1.96214209588206,0.0938729557255476,-20.9021020028248,5.12383385476127e-97,5.66482269304619e-95
"DPAGT1",219.911495617708,-0.894960690906668,0.145305579872283,-6.15916258476307,7.31306172238171e-10,4.72022511816049e-09
"C2CD2L",142.824758036041,-0.393372034818027,0.16190860086573,-2.42959319464597,0.01511577825614,0.0347761317444017
"CBL",2200.97773840797,0.479068714373418,0.070436710567399,6.80140668856206,1.036024949701e-11,8.00609160315685e-11
"RNF26",316.456681765571,-1.80414202822175,0.140756474238217,-12.8174710114464,1.30900778120146e-37,4.05320089777173e-36
"USP2-AS1",12.6696873775671,-1.58137609563466,0.563014848647143,-2.8087644569846,0.00497320178020794,0.0128251387065151
"THY1",6.83936830839948,-2.45422835013422,0.851862863065442,-2.88101343131997,0.00396398748028824,0.0104163048093138
"TRIM29",39.2090476300677,2.23514517429668,0.320344778827925,6.97731107862788,3.00883007846319e-12,2.43694952107798e-11
"TLCD5",213.477226323163,-0.446329947117328,0.144363594852116,-3.09170707181781,0.0019900912620586,0.00555763747614411
"ARHGEF12",4147.5368018397,0.19284734431204,0.059407276525781,3.24619062832058,0.00116960493308072,0.00341335230753808
"SC5D",2086.57220299388,1.14794090913094,0.066929167225069,17.1515791503972,6.11674417974793e-66,3.77499475559032e-64
"UBASH3B",1003.54252469998,0.634858034169895,0.0754507099139104,8.41420889073505,3.95555291740476e-17,4.60484619667644e-16
"HSPA8",18175.184266751,-0.463636292531578,0.0700353002310339,-6.62003719555888,3.59108497735492e-11,2.64034852618984e-10
"CLMP",61.0669420226808,-0.958227180003502,0.251350486670079,-3.81231479874263,0.000137671379059166,0.000471220498010491
"SPA17",74.5796625073054,-1.21796894170091,0.226381404276939,-5.38016338219605,7.44182681870046e-08,3.96420813182976e-07
"NRGN",102.265135234227,-1.78015823015206,0.211772029448222,-8.40601204413217,4.24187602280618e-17,4.9349804910904e-16
"VSIG2",13.0510797200758,-2.74896042511245,0.659224548023028,-4.16999098919541,3.04611682665243e-05,0.000115469228719191
"CCDC15",113.173504006068,-0.6751312160219,0.18008533191607,-3.74895172659898,0.00017757525849435,0.000597489370899367
"TMEM218",139.800057932573,-1.28938069619421,0.168580220084541,-7.64846964577221,2.03385210620236e-14,1.95686325712081e-13
"EI24",2259.37938224602,0.47358685263985,0.0678671394433232,6.97814666308943,2.9909933949529e-12,2.4235922648582e-11
"CHEK1",794.279375806434,-0.711414388338286,0.0830713058888161,-8.56390038324971,1.09112119724983e-17,1.31878572070015e-16
"HYLS1",167.185228600656,-1.57953626170384,0.170879488992995,-9.24356849971968,2.38410483090177e-20,3.42069690745867e-19
"CDON",333.634897955024,0.437304234730044,0.109716970105535,3.98574836973174,6.72677710203103e-05,0.000242107549741764
"RPUSD4",321.926624680168,-0.323993435448133,0.119564362282781,-2.70978265816245,0.0067327310332485,0.0168984047284361
"FAM118B",157.784424741509,-0.475433964809189,0.156565261616046,-3.03665040317259,0.00239222729658078,0.00656569115316512
"SRPRA",1044.18722452095,-0.204159354230492,0.0796944754947853,-2.56177549275484,0.0104138612241195,0.0250357781643354
"FOXRED1",183.952484401153,-1.43413028740092,0.151477505898334,-9.46761222992047,2.8631350559598e-21,4.29255880561162e-20
"DCPS",259.287787383589,0.28202029969939,0.122112887365135,2.30950480153753,0.0209155855482902,0.0463330998359849
"ETS1",829.282849355601,2.29744220563018,0.090056368761308,25.5111574809272,1.48238513058171e-143,3.07058188944977e-141
"LOC399975",120.075022596828,1.13900718984845,0.182163593323227,6.25266096847036,4.03517488110471e-10,2.67246918531378e-09
"NFRKB",532.27003849604,0.615967118063922,0.093953788084028,6.55606474869357,5.52462511332169e-11,3.98396435242778e-10
"PRDM10",286.125779771768,1.68509748609122,0.126095375646488,13.3636739448356,9.85760755418101e-41,3.36446866920258e-39
"APLP2",3360.19851603379,0.228522134884651,0.0656861769921012,3.47899886017313,0.000503290727506371,0.00156727185076764
"ST14",1395.11457187372,0.351539739799659,0.0795182454756337,4.42086891752886,9.8304797007178e-06,4.02168160469093e-05
"SNX19",1017.91633159802,-0.919222977960411,0.083015701020683,-11.0728809930954,1.69850675896211e-28,3.68780606063327e-27
"IGSF9B",227.786398424311,-0.857032191981936,0.134455094237273,-6.37411469489975,1.84022838507551e-10,1.26865936218232e-09
"NCAPD3",1183.41236625318,-1.27330568999805,0.0755587343391479,-16.8518663147899,1.01655363274895e-63,5.96720293673249e-62
"VPS26B",399.816463427023,0.579765168104008,0.1038467924045,5.58288951136526,2.365550372614e-08,1.33051133785509e-07
"THYN1",208.629747510867,-0.553151700997198,0.141535658809466,-3.9082144079454,9.29807737285812e-05,0.000326374468905875
"GLB1L2",355.12042831625,-0.574500642096187,0.114929833551102,-4.99870768403006,5.77158206916681e-07,2.75887746600677e-06
"IQSEC3",5.03571413565398,1.9620238276473,0.856483451522293,2.29079011878169,0.0219755554161501,0.0483897219152544
"SLC6A12",35.4273171389439,2.55396093317942,0.383091459287659,6.66671331678445,2.61595367739229e-11,1.94240219284246e-10
"SLC6A13",39.0887585428565,2.33204505604513,0.331520824532545,7.03438482132572,2.00142048929268e-12,1.64092805448332e-11
"KDM5A",1287.23618625388,0.263771564948102,0.0810553445408059,3.25421557878038,0.00113705956758066,0.0033275333659258
"CCDC77",158.948942016119,-0.835204988656908,0.156582991707961,-5.33394450793627,9.61019030791633e-08,5.03445463776047e-07
"WNK1",2284.86077315101,0.496550894164443,0.067365134284807,7.37103695310871,1.6930590217454e-13,1.51417452262401e-12
"ERC1",1224.80084386236,0.360130549200817,0.0686849103150011,5.24322660609433,1.5779254773578e-07,8.05318465801896e-07
"FBXL14",142.268136459266,0.462796787272103,0.157106949123579,2.9457435832967,0.00322179361121469,0.00862959908854041
"ADIPOR2",1950.56186263013,0.582009270254663,0.0662381587128922,8.78661607695603,1.5413241278677e-18,1.97274162701022e-17
"FKBP4",1739.09182524437,-0.476040733617953,0.0796418943583644,-5.97726532565781,2.26914462686203e-09,1.41056417111696e-08
"ITFG2",135.83041385918,-0.405406689230208,0.167926556741234,-2.41419044788085,0.0157702169289766,0.0360928472538847
"FOXM1",742.698841916309,-1.15042672161057,0.0952654189338608,-12.0760159823499,1.41406827143558e-33,3.84357832873916e-32
"RHNO1",246.014462584564,-1.40442186037478,0.135741992561639,-10.3462593547612,4.3515691178525e-25,7.94525096989056e-24
"TULP3",489.098044496155,0.253914206891176,0.0977731344765674,2.5969731690665,0.00940492702668698,0.0228264228886096
"TEAD4",144.256098956149,-0.549469340209678,0.162176998007147,-3.38808429655026,0.000703826294864152,0.00213349935403648
"TSPAN9",155.091283482884,-0.752653228589995,0.159983056947585,-4.70458086593874,2.54388022650261e-06,1.12581693422897e-05
"CRACR2A",188.761562009141,0.504389275547597,0.139679404326131,3.611049731927,0.000304960171753227,0.000987012797263813
"TIGAR",373.754615619675,-0.818701863454483,0.114849525963875,-7.12847403229161,1.01487740083434e-12,8.57837975630188e-12
"C12orf4",236.776527970655,-0.703520191657206,0.135349694128241,-5.19779668649001,2.01664517892494e-07,1.01912402606299e-06
"RAD51AP1",342.659003267546,-1.27775536748492,0.116646467790613,-10.9540853802668,6.35167471428022e-28,1.33719077133229e-26
"AKAP3",52.2301247491991,-0.658926476898894,0.273905883563939,-2.40566748083408,0.0161429506188312,0.0368103395042336
"VWF",21.8217422174782,1.13193210996757,0.390449531009186,2.89904845587059,0.00374297043795187,0.00988888290020974
"CD9",2426.45220460312,0.749075547822091,0.0731002800587586,10.2472322571128,1.21780764531724e-24,2.17073309359664e-23
"TNFRSF1A",771.191406756421,0.375687082820917,0.0841366258667971,4.46520262668597,7.99930085320781e-06,3.31849449069194e-05
"SCNN1A",981.155459179623,0.177083726929091,0.075618514034983,2.34180384511613,0.0191907980257011,0.0429771804673989
"LTBR",726.699282383481,0.223578095435181,0.0824173302548758,2.71275585782463,0.00667262474467899,0.0167592154040223
"CD27-AS1",18.8411188635016,1.96359953353609,0.460264905684037,4.26623778890511,1.98796893298185e-05,7.77456339871224e-05
"TAPBPL",48.8729478168955,1.05159728046084,0.262829321903695,4.00106530292753,6.30579509152061e-05,0.000227865918075582
"MRPL51",576.454227008815,-0.710442362263449,0.117513460976407,-6.04562538079008,1.48831554480484e-09,9.4207707878216e-09
"NCAPD2",3250.6028875962,-1.06199405749042,0.0769086194063808,-13.8085180268145,2.2644218520214e-43,8.39653213894603e-42
"SCARNA10",1682.81630118894,0.29821371921825,0.1013768362879,2.94163568461883,0.00326483777324307,0.0087345073502989
"GAPDH",35227.9264391697,1.0200557019235,0.0719408034384725,14.1790979968122,1.23422759019426e-45,4.86696179494328e-44
"CHD4",5395.35045021706,-0.295706394742805,0.0563728189452631,-5.24554918975989,1.55817479069578e-07,7.95914623104555e-07
"LPAR5",148.499557812687,1.01712683458839,0.161450920017979,6.29991352464966,2.97811747056977e-10,2.00705515845691e-09
"ZNF384",751.818000470018,0.495133980932203,0.0908032261832834,5.45282366876251,4.95762232882653e-08,2.69343720192291e-07
"COPS7A",473.084275535319,-0.454585355933905,0.115955716820587,-3.92033586957395,8.84256429532365e-05,0.000311852122689223
"CDCA3",237.453743353325,-1.66723394798186,0.158787650716209,-10.4997708604027,8.65900587421843e-26,1.63225883744027e-24
"USP5",998.108992381847,-0.557639488740469,0.0802302519415788,-6.95048906423135,3.64022019150129e-12,2.93317631948649e-11
"TPI1",5546.1168465707,0.569238908530145,0.0785344493895582,7.24827019167757,4.22127897129413e-13,3.67318533759978e-12
"DSTNP2",92.9008110898816,1.39309629485513,0.19917547961907,6.99431625579353,2.66555668664194e-12,2.1706279733382e-11
"ENO2",3825.37923654629,3.3459865068979,0.0739366270739669,45.254789666704,0,0
"C12orf57",423.71053865586,-0.348394032913025,0.12019301394686,-2.89862132142771,0.00374807270860109,0.00989568724678451
"PTPN6",290.51902923794,-0.377747653368405,0.124059586369784,-3.04488886689058,0.00232766302769095,0.00640898631352463
"PHB2",2169.34928512819,-0.219243778669513,0.08509944892338,-2.57632430577678,0.00998569391292242,0.0240738715725451
"EMG1",576.882530806091,-0.838547244302298,0.101528337849221,-8.25924330158563,1.46598840221654e-16,1.64601725833921e-15
"C1S",33.1574455437326,1.70951393858356,0.351818211828516,4.85908313187838,1.17930611561082e-06,5.41183486361665e-06
"C1RL-AS1",304.191413767099,0.650691930564645,0.116706240525584,5.57546818091534,2.46865028855882e-08,1.38418005134158e-07
"RBP5",99.3498352673405,0.47316690052332,0.190690739582489,2.4813312988313,0.0130892653112713,0.0306459205111629
"CLSTN3",360.538976550536,0.480798455247156,0.109044354283972,4.40920081011316,1.03752787111885e-05,4.23513376201711e-05
"PEX5",416.701646350759,0.266825962463876,0.104397062323327,2.55587615710385,0.0105920808980683,0.0254013381380295
"CD163L1",167.30013645831,0.627063927015032,0.146502979529913,4.28021279176099,1.86714702858521e-05,7.34188448661011e-05
"SLC2A14",3.36051076757404,2.93109123792987,1.18896625492518,2.46524342115523,0.0136920198069041,0.0318914164327542
"SLC2A3",5675.23633819499,5.09412378342394,0.0745644021470304,68.3184420010376,0,0
"FOXJ2",639.969657590149,0.288168749458119,0.0890213441987107,3.23707479427493,0.00120761756169399,0.0035157473472193
"NECAP1",577.706292121113,0.277958372094434,0.0911123600861904,3.05072080046539,0.00228292753860398,0.00629543032489401
"LOC642846",112.080212608173,-0.980722709091802,0.194462698291262,-5.04324334543017,4.57706556854619e-07,2.21372245332182e-06
"DDX12P",169.517953730841,-1.12014458664569,0.16792497207352,-6.67050631489924,2.54922404912394e-11,1.89519664147123e-10
"LOC408186",69.2696729873454,-0.623970703838836,0.231599992421012,-2.69417411164918,0.00705632932460915,0.0176369085657117
"GABARAPL1",449.562443030816,0.338855630693985,0.102882990320057,3.29360207785412,0.000989124187205757,0.00292645000453701
"KLRK1-AS1",40.6718555832496,-0.862508407664256,0.311263007833072,-2.77099554382901,0.00558851916231016,0.0142609322888688
"KLRC2",68.2665502507697,-1.0735967169835,0.233425842935465,-4.59930530177121,4.23902160435443e-06,1.82274894612434e-05
"MAGOHB",284.332661629281,-0.663110590234974,0.122484738089285,-5.41382216739197,6.16934392234226e-08,3.31675855681772e-07
"YBX3",2340.10381613133,0.311155502953732,0.0696720096177038,4.4660044207289,7.9693963586487e-06,3.30684991432669e-05
"SMIM10L1",201.01049640843,-0.526554983839484,0.142322743421348,-3.69972480280691,0.000215833382697857,0.00071525071526261
"LOC440084",1.68596556416223,4.55896541382004,1.69577172460106,2.68843108284081,0.00717886526883039,0.0179108861981991
"ETV6",442.308430569776,0.408722487594122,0.099513278208286,4.10721558924676,4.00457416059964e-05,0.000148919585117965
"BORCS5",115.621891403546,-0.682111742602452,0.180490706837786,-3.77920699936917,0.000157328598267379,0.000533036034851748
"DUSP16",605.406274864766,1.14742768841496,0.0990198865636004,11.5878509684816,4.74898480500234e-31,1.17395686105552e-29
"GPR19",12.5827318465099,-1.69779316583937,0.562007743897464,-3.02094265474948,0.00251989079286095,0.00689716767590328
"CDKN1B",690.575711862296,0.22983680228964,0.0887447395489836,2.58986395653096,0.00960138677091949,0.0232344019066389
"DDX47",1030.68000041691,0.190369711373314,0.0729250002455596,2.61048626304126,0.00904136030981035,0.0220151809408313
"RPL13AP20",45.8652547287295,1.53514031686325,0.294272717818946,5.21672660734987,1.82112745301313e-07,9.24205514805678e-07
"GPRC5A",11679.5844063601,2.13118723201048,0.0689522629850934,30.9081550009637,9.28120398781424e-210,3.88968783870699e-207
"GPRC5D",41.421098693245,1.28084344897089,0.307349690853891,4.16738160826646,3.08118447589283e-05,0.000116682056299768
"FAM234B",396.734441279404,0.754402228041475,0.10503084103698,7.1826733994814,6.83612736445854e-13,5.84411058989124e-12
"EMP1",2267.36361628687,2.56951994723031,0.0657914428338527,39.0555342237938,0,0
"LINC01559",6.74199289515909,2.450347869141,0.794655649396815,3.08353419622819,0.00204557599509348,0.00570374826049507
"ATF7IP",640.279093345302,-2.15560774406174,0.10530758796935,-20.469633628767,4.01628288679809e-93,4.066147972078e-91
"H4-16",263.180348649423,-1.241150478088,0.129304896452906,-9.59863479369501,8.10102776278814e-22,1.25204649496745e-20
"H2AJ",29.395559993298,-0.968585834972709,0.35037491849389,-2.76442685776779,0.0057022889586512,0.0145327321911827
"EPS8",1467.34902048339,0.406664732758901,0.0723466332335301,5.62105953771496,1.89789846550681e-08,1.07655109370155e-07
"DERA",259.057330385656,-1.0378698106867,0.130124495752193,-7.97597565844328,1.51181738607959e-15,1.57755999505155e-14
"LMO3",11.0607254536208,-1.45467732648748,0.617764167792389,-2.35474539043895,0.0185354009375977,0.0417272280195438
"PDE3A",16.8711802846271,1.23900114826589,0.453414190084712,2.73260337978042,0.00628359485069298,0.0158661430298919
"SLCO1C1",23.7054868027075,3.20078855820783,0.504903718761097,6.3394038096248,2.30655966806998e-10,1.57210710205329e-09
"SLCO1B3",218.414964973699,2.4764869487283,0.147467122668445,16.7934852454961,2.7236971264603e-63,1.58847074161622e-61
"SLCO1B3-SLCO1B7",29.6569492068009,1.85032859334627,0.356514078560223,5.19005757309445,2.1022906839343e-07,1.05913839572771e-06
"SLCO1B1",25.8789676843759,1.79284828008887,0.377597604568574,4.74803933710675,2.05398093333114e-06,9.16888540984903e-06
"PYROXD1",231.152309688225,0.531966756714375,0.128862180867179,4.12818371638987,3.65639934580645e-05,0.000136875722083045
"LDHB",6374.97637588816,-0.258553649126305,0.0667608498685368,-3.87283339914695,0.000107577367207084,0.000374257091590513
"C2CD5",542.255258381397,-0.71408591614965,0.0959315669323946,-7.44370116098369,9.79028349542572e-14,8.95587303914045e-13
"ETFRF1",52.1620262620824,-1.03187692600442,0.262587270366344,-3.92965327132887,8.50684383872882e-05,0.000301360001607494
"KRAS",1217.73103219487,-0.648633299078377,0.0953731684789291,-6.80100398700375,1.03892546500219e-11,8.02506463986477e-11
"RASSF8",453.766709553201,0.344774830466347,0.0963492220381642,3.57838727882806,0.000345720914064786,0.00110858302355187
"ITPR2",452.092540046624,0.526726402088039,0.106483140352709,4.94657088759157,7.5532229401951e-07,3.5576746106967e-06
"INTS13",929.346565946542,1.1499179179965,0.0840474971535767,13.6817627762942,1.30490448277023e-42,4.70313673680046e-41
"FGFR1OP2",618.407543828645,0.759141297490307,0.0855338417422529,8.8753326405927,6.97247073333239e-19,9.09854417707335e-18
"TM7SF3",796.550280081304,-0.82979298343359,0.0879601422985546,-9.43373852917499,3.95727124651784e-21,5.88885096065218e-20
"MED21",455.715396983731,-0.751777457915866,0.0992215439253447,-7.57675629882872,3.54301402014317e-14,3.35163546755906e-13
"ARNTL2",504.614140855969,-0.837653582384877,0.0960905962186303,-8.7173315115977,2.84835229145521e-18,3.582006744195e-17
"PPFIBP1",2959.07478625162,0.148622335563511,0.0614122160892336,2.42007771462861,0.0155171904415361,0.0355770087718731
"MRPS35",877.423259682983,0.199284033335955,0.0815688231478132,2.44313973949124,0.014560098357084,0.0336955865536163
"CCDC91",211.089910927243,-0.424169512099307,0.132636491612717,-3.19798501107698,0.00138391473406705,0.00398522330179326
"FAR2",149.146913086921,-0.535357397122823,0.158277632087354,-3.38239453081631,0.000718568642845751,0.00217489511466632
"TMTC1",105.40401514301,0.419560639361094,0.179107413547944,2.34250850397538,0.0191545974592949,0.0429174438410983
"CAPRIN2",809.766356094933,1.06603179541866,0.11137058220032,9.5719333989043,1.0492487028692e-21,1.60786657095289e-20
"DDX11",502.499121945301,-0.961709296909415,0.0976386916019451,-9.849674152027,6.87665548044501e-23,1.13796334630945e-21
"DENND5B",803.485588915296,-0.562408282079754,0.0790856642303544,-7.11138090010367,1.14887579833787e-12,9.6566654672793e-12
"RESF1",1554.79024463273,0.227316064275635,0.0741058350549459,3.06745162654318,0.00215892400457821,0.00598461305745331
"BICD1",660.39040438272,0.925607710186142,0.0957101092146921,9.67095030797494,4.00640325259403e-22,6.34209468195114e-21
"PKP2",535.095883916169,0.896641298984097,0.0942959013953114,9.50880457916361,1.92866038810252e-21,2.91825263257729e-20
"ALG10",165.63363917074,-1.15085352437396,0.156759189224695,-7.34153787134196,2.1115338631819e-13,1.87725464964978e-12
"ALG10B",246.515575595379,-0.97882611646723,0.143180435925464,-6.8363118895432,8.1257935157499e-12,6.33917424014411e-11
"CPNE8",318.267612606421,-0.313895021284664,0.112189355528059,-2.79790377444639,0.00514354335998246,0.0132360124075745
"CNTN1",95.4067992051569,0.508707661191903,0.187739370107069,2.70964827943006,0.00673545909633606,0.016900544190347
"PRICKLE1",85.8454131213273,1.357287479107,0.203282461203169,6.67685481115102,2.44124581960317e-11,1.81867262980855e-10
"PUS7L",720.553738802623,-0.481167773587589,0.0864527699248648,-5.5656721468354,2.61143830221076e-08,1.46015295203661e-07
"TWF1",2711.2046760202,0.631627311116533,0.0595175461088422,10.6124555263325,2.60803336965744e-26,5.09754548314497e-25
"PLEKHA8P1",56.143592390059,1.43978827148804,0.253959244442445,5.6693674398387,1.43325692334447e-08,8.23882711821077e-08
"ANO6",2709.01048640305,1.60653322713263,0.0621857112423556,25.8344432352235,3.63928535266568e-147,8.09673596794916e-145
"LINC00938",66.145326663165,0.558148454690193,0.233652974433497,2.38879242193878,0.016903850093661,0.0383996322372197
"ARID2",1555.73757516004,0.574766878387875,0.074367280070139,7.7287602537808,1.08598976836417e-14,1.07001758423678e-13
"SLC38A1",5932.20948574369,0.296003122825278,0.0521061454271391,5.68077182449014,1.34088262973356e-08,7.73744664438955e-08
"SLC38A2",22217.8350406105,1.04356173676767,0.0565685667268081,18.4477316140506,5.43802696999567e-76,4.22408120802983e-74
"AMIGO2",32.2860144616267,0.874081950328059,0.327119764125787,2.67205484408441,0.00753883259932999,0.0187286052209162
"SLC48A1",194.45134230016,-0.357602966813072,0.141292572405649,-2.53093960088998,0.0113757435555026,0.0270630065496649
"HDAC7",458.967255118562,0.545155882689437,0.0963628124321615,5.65732639936408,1.53749200926649e-08,8.81270467525175e-08
"VDR",184.884640708967,-0.53974317576069,0.142425175393349,-3.78966130299667,0.000150852829085407,0.00051283132106171
"TMEM106C",748.779193246163,-0.525092175310728,0.0836393474135065,-6.27805203590019,3.4284118351176e-10,2.29251983972743e-09
"PFKM",1004.18180963359,-0.520257022849762,0.0794950741498296,-6.5445189958462,5.9687177868553e-11,4.28193723076908e-10
"KANSL2",381.264368863618,-0.473545445598354,0.11151415686984,-4.24650518723896,2.17130755654003e-05,8.45304244467659e-05
"ADCY6",304.599310877178,-0.315301063928618,0.121233209540318,-2.60078129684227,0.00930117293065176,0.022589816358932
"CACNB3",257.825583869871,0.777479248060527,0.123452268501834,6.29781256752668,3.01875214968744e-10,2.02912840318975e-09
"DDX23",848.142017771807,-0.248694575077725,0.0908221591843191,-2.73825878300264,0.00617654524030609,0.0156330789010612
"ARF3",2486.40150515011,-0.274296768070762,0.063520557827975,-4.31823613409704,1.57281108784384e-05,6.25963529461879e-05
"WNT10B",69.7625563458259,-0.53336271667429,0.226269717946595,-2.35719884001525,0.0184133842537296,0.0414732655463644
"PRKAG1",525.913422151551,0.493978104090951,0.0993510515705986,4.97204706222895,6.62496169718347e-07,3.14180091434061e-06
"KMT2D",2448.80471682362,0.367755380030531,0.0738943145010181,4.97677504032416,6.46523864241095e-07,3.07009395454249e-06
"LMBR1L",214.462965948651,0.326154388863217,0.134115134498565,2.43189845860913,0.0150199174154264,0.0345688290860024
"TUBA1B",6539.38778100152,-1.31316920524343,0.0788322979139454,-16.6577562749333,2.65810764852016e-62,1.53040760172466e-60
"TUBA1A",1763.45254051223,0.256058348530565,0.0725800187825966,3.52794547074385,0.000418798420049947,0.00132359984702212
"TUBA1C",3349.89675358604,-0.618327899889634,0.0738453236096245,-8.37328445005345,5.60341304448551e-17,6.47717167893992e-16
"TROAP-AS1",20.0332031611432,-1.17325304912187,0.441003742573822,-2.6604151753326,0.00780443828684436,0.0193059412995501
"TROAP",309.053912603495,-1.5225741041103,0.135797474934013,-11.2120943695761,3.55676272711449e-29,8.02208023846435e-28
"DNAJC22",675.4824764891,-0.239839065031706,0.0837333377973272,-2.86431989146576,0.00417905737521723,0.0109367982803935
"SPATS2",2268.17576426439,1.00636738624656,0.0692728193068874,14.5275938862576,8.10165082668909e-48,3.33332989835078e-46
"LOC100335030",111.956724775191,0.558077435272161,0.210933175010457,2.64575468152173,0.00815089038598271,0.0200555974393493
"TMBIM6",8276.38282701836,0.489520516924967,0.0594739261392009,8.23084246665045,1.85901316760799e-16,2.07695451292397e-15
"NCKAP5L",183.39929365186,0.493658124519699,0.146953775947782,3.35927485589151,0.000781472999096996,0.00235185786852488
"RACGAP1",1604.46853380107,-0.712113413565091,0.0792792737100914,-8.9823402793667,2.65067592204263e-19,3.57276221324834e-18
"COX14",101.492146437483,-0.596861298366036,0.185176515929415,-3.22320190208971,0.00126766167019252,0.0036763004439233
"LARP4",2148.2844152471,-0.543100725487302,0.068172751864119,-7.96653663871166,1.63183122260335e-15,1.69983991112919e-14
"DIP2B",2036.32763753011,0.963140325916769,0.0637171606809977,15.1158701301643,1.27278653009169e-51,5.70569304944834e-50
"ATF1",461.361331922041,0.449794238675658,0.104112025546581,4.32029092042222,1.55823634083804e-05,6.20711253276797e-05
"METTL7A",31.6517949398194,-2.61274046865564,0.417430613520598,-6.25910123510074,3.87202468173636e-10,2.57387520433681e-09
"SLC11A2",461.194129567737,-1.04655566895195,0.107522286611161,-9.73338367269536,2.17243776761091e-22,3.49549116161751e-21
"LETMD1",708.99794613401,0.276430209826442,0.0908512437868164,3.04266841382038,0.00234490562102195,0.0064554757403661
"CSRNP2",417.761043135795,0.514787967526676,0.101624941016516,5.06556719617689,4.0718610812417e-07,1.9837525965141e-06
"TFCP2",544.119437401609,-0.315644163891381,0.0908295271970894,-3.47512723705443,0.00051061109814437,0.00158842095626786
"SMAGP",289.517509174708,0.688946402502192,0.128125624081516,5.37711646238593,7.56882181294632e-08,4.02709589285815e-07
"GALNT6",202.561688995007,-0.887623679049139,0.139069919643011,-6.38257130893329,1.7413889212132e-10,1.20235899422157e-09
"SLC4A8",41.1311094058834,-0.733336385473425,0.286921191867521,-2.55588086993597,0.0105919374467884,0.0254013381380295
"FIGNL2-DT",2.78573410319504,3.29527870602825,1.36454087123512,2.41493587732958,0.0157379800334747,0.0360327961101827
"NR4A1",218.763523461229,1.09386041281024,0.139852262735653,7.82154247212889,5.2179959767874e-15,5.24740544071907e-14
"KRT6A",10.3521387591276,1.98298365223549,0.60990709941296,3.25128803082327,0.00114883405836734,0.00335817332779202
"KRT8",13324.877941172,0.368336271048223,0.0670034453190523,5.4972735998023,3.857080279716e-08,2.11786848631207e-07
"KRT18",7681.37064062406,0.53782056328972,0.0651030850834552,8.26106109411391,1.44383158787956e-16,1.62472487435176e-15
"EIF4B",12917.889384075,0.618449678847927,0.0573847895229522,10.7772405194684,4.40914703994693e-27,8.86799540255399e-26
"SPRYD3",395.929310544701,-0.802120577997553,0.109801888750253,-7.30516193416303,2.7693301822152e-13,2.44398135228698e-12
"ITGB7",12.465157028593,1.69055640456553,0.571504580825526,2.95808023467382,0.00309561537246422,0.00832131333937614
"ESPL1",779.050124449325,-1.45804859091504,0.0856985358576678,-17.0136931316614,6.50075877411279e-65,3.93121388819754e-63
"PFDN5",792.216062921049,0.296745711327187,0.0965113770487248,3.07472259127928,0.00210698430263923,0.00585504458255383
"AAAS",424.590448362562,-0.459675777113414,0.107996589492013,-4.25639160713876,2.07752686381861e-05,8.10545824050124e-05
"SP1",1952.70764673111,-0.978035640856676,0.0844549657596061,-11.5805581360434,5.17082903847857e-31,1.27648643975921e-29
"PRR13",768.52735293536,-0.530960034690114,0.11019287212813,-4.81846079910435,1.4466994194693e-06,6.56534128387213e-06
"PCBP2",4856.13784054174,0.417325403276289,0.0574309856056814,7.26655478527961,3.68771694364978e-13,3.22447098697296e-12
"ATF7",577.728794231889,0.976495588831847,0.0939929508803121,10.389030024978,2.78167536719875e-25,5.12562083765733e-24
"CALCOCO1",442.46770265649,0.416854795867247,0.100198732347347,4.16028013630137,3.178574789575e-05,0.000120111336303064
"HOTAIR",3.91825461561672,-3.04354174069645,1.25315792544917,-2.42869767559867,0.0151531620963056,0.0348576888099979
"HOXC6",67.6045368410385,0.574103119925142,0.227433930833441,2.52426327866434,0.0115941060905098,0.0275098598890161
"HOXC5",6.1419294549438,-1.9532250209193,0.854929773229939,-2.28466136293275,0.0223326918184102,0.049056245643536
"SMUG1",214.732962307832,-0.839213629636145,0.135830834969731,-6.17837348804605,6.47653560108981e-10,4.19682301572238e-09
"CBX5",3501.65523203535,-1.11659247621474,0.0639560741684804,-17.4587400920401,2.95381485740548e-68,1.9079103062833e-66
"HNRNPA1",9513.62162623952,-0.295015318699492,0.0719386602352127,-4.10092873199058,4.11495288027835e-05,0.000152772076340124
"COPZ1",1356.53312637168,-0.625260680931347,0.0754703287091162,-8.28485434774342,1.18253717904065e-16,1.34112665220211e-15
"LOC102724050",23.5935894332581,1.05348130155079,0.386664211368561,2.72453790802642,0.00643915379456666,0.0162157616729857
"ZNF385A",470.399011413251,0.710925136291362,0.0978386341294045,7.26630275061966,3.69460048198121e-13,3.22892314674022e-12
"ITGA5",2003.7453953658,2.1847865839249,0.0686008618319994,31.8478008231931,1.41190354114644e-222,6.87673343648651e-220
"METTL7B",96.707771573478,-1.37986489031933,0.210049191957355,-6.56924636301135,5.05705549802948e-11,3.66290985249153e-10
"BLOC1S1",155.827341406441,-0.883520747941258,0.161806424556864,-5.46035641267606,4.75179669821069e-08,2.58567455411214e-07
"ORMDL2",197.926773552011,-0.580415712251467,0.144853740769637,-4.00690868711848,6.15186328586706e-05,0.000222660631200262
"DNAJC14",586.823879625133,0.244757186993133,0.0922569526522584,2.65299448937675,0.00797811733460347,0.0197004182634817
"TMEM198B",50.9688153019017,-0.619559314589047,0.258031446805171,-2.40110002970626,0.0163458675419769,0.0372353531758269
"DGKA",542.779741074021,0.451132545849363,0.0956686610660551,4.71557290362698,2.41031567557466e-06,1.06985957609682e-05
"CDK2",984.733965020861,-0.783794104021267,0.0842457373765523,-9.30366483134869,1.35686328413514e-20,1.97992172011331e-19
"RAB5B",961.027076253801,-0.448446598015694,0.0962194577975452,-4.6606643633273,3.15190344441702e-06,1.38099810288935e-05
"SUOX",185.382412499454,-0.644999776131545,0.149889696870837,-4.30316285639936,1.6837698887855e-05,6.67323887525919e-05
"IKZF4",169.040696941297,0.672818244821592,0.161630024709503,4.16270582171132,3.14498438884832e-05,0.000118916835231715
"ERBB3",598.85268765226,-0.501136653840604,0.093890991707815,-5.33743061741344,9.42729593860906e-08,4.95015443210006e-07
"PA2G4",2348.93212742796,-0.718322799610529,0.0805081245954647,-8.92236408710227,4.56438855145495e-19,6.02599605023954e-18
"RPL41",1931.55481053471,0.273849757328306,0.0836414795915231,3.27409030382648,0.00106002729686712,0.00311779858280437
"SMARCC2",989.737746344782,-0.943445303192712,0.0831654364866683,-11.3441995022049,7.92481215179542e-30,1.84274890048394e-28
"RNF41",577.057372851658,0.328492531308787,0.091990578754947,3.57093667367672,0.000355706896010302,0.00113817364577444
"ANKRD52",846.877928011746,-0.896005029295241,0.0820127037924151,-10.9251980225301,8.7349662406101e-28,1.81770007646691e-26
"CNPY2",406.668986192017,-0.323662698198303,0.116611669640626,-2.77556010642647,0.00551067121892192,0.0140802220383088
"PAN2",741.417630458171,0.366000304330828,0.0842671121518319,4.3433350803736,1.4033583617834e-05,5.62748576717818e-05
"STAT2",529.174908850457,-0.568192483326898,0.104817925576274,-5.42075680474554,5.93472507711399e-08,3.1963443100619e-07
"TIMELESS",613.688951069444,-1.07988559997808,0.0976281161483174,-11.0612151763484,1.93458570422271e-28,4.18023608822512e-27
"SPRYD4",123.035113765388,-0.953634560348582,0.177270353553238,-5.37954904039939,7.46726521174472e-08,3.97658352189278e-07
"RBMS2",1201.8524812553,0.216476483493268,0.0708650414768918,3.05477113936155,0.00225232321815179,0.00622055428571853
"BAZ2A",2930.86901482898,0.740109199238075,0.0617037160050993,11.994564463134,3.7940759676291e-33,1.0159441755222e-31
"ATP5F1B",8138.09313984605,0.291827706219405,0.0676103927792957,4.31631431534548,1.58656022607286e-05,6.31017475922733e-05
"PTGES3",5974.5504162411,0.1503894669305,0.0592065319922981,2.54008235020527,0.0110826370563544,0.0264530069394123
"NACA",4479.17970968699,0.557542645898508,0.0818268858755519,6.8136852567805,9.51297153352938e-12,7.3639716497308e-11
"PRIM1",359.661688899469,-1.99100753893244,0.127157484000117,-15.6578085402398,2.93849282727146e-55,1.41969381341177e-53
"ZBTB39",496.32797336507,0.524206961330555,0.102161391107408,5.1311650678232,2.8795424351755e-07,1.42993205357668e-06
"NEMP1",805.869182516845,-1.32250557852993,0.0956703567033068,-13.8235669239876,1.83735155388952e-43,6.82699223765836e-42
"NAB2",654.68094845005,0.988690365867436,0.087982989516753,11.2372899727302,2.67467407109415e-29,6.06293099813682e-28
"LRP1",708.235005192108,1.80691425482101,0.0898487668036818,20.1106183100887,5.95765643254778e-90,5.71079396653955e-88
"NXPH4",64.8011297007977,-1.22005257988652,0.247854996331802,-4.92244496961136,8.54696030042704e-07,3.99649121883746e-06
"SHMT2",1265.93066646812,-0.268960111194344,0.0823515403099809,-3.26599976371962,0.00109078340437555,0.00319990358623665
"INHBE",13.7334125658319,-1.26998207801199,0.52267123547172,-2.42979140963404,0.0151075146708005,0.0347615579523104
"GLI1",27.2689645211563,-1.60226918353109,0.382168815285422,-4.19256914600538,2.75812974810227e-05,0.000105283321733851
"MARS1",1206.58004229768,-0.652487910822018,0.0801325877044737,-8.14260377099479,3.86866681077361e-16,4.23555556482085e-15
"DDIT3",415.557235254349,0.602929379882285,0.132232212463206,4.55962559085254,5.12449026366796e-06,2.18266223213331e-05
"MBD6",198.74571345217,0.620050399233138,0.139063424196645,4.45875975523473,8.24352541925821e-06,3.41327449385633e-05
"KIF5A",171.859464634348,-0.367644734609559,0.146613378427603,-2.50757972125375,0.0121561156666624,0.0286772300600763
"B4GALNT1",394.613325565853,0.272540751700544,0.106633852966098,2.55585580113279,0.0105927005220183,0.0254013381380295
"AGAP2",221.182821479521,-0.369778900586957,0.1302815851264,-2.83830520044867,0.00453537935726724,0.0117718668295136
"CDK4",695.284866527328,-0.933047785729251,0.10366988850788,-9.00018124026756,2.25345363148443e-19,3.04418949722495e-18
"CYP27B1",70.2309459144546,-0.822609357618384,0.224740518984478,-3.66026278365584,0.000251956717653865,0.000825547637970963
"METTL1",139.159862687106,-1.18593480509286,0.174881558477682,-6.78135999825395,1.19049810266563e-11,9.13712364060363e-11
"TSFM",223.95885461646,-0.883034864660366,0.136138235750951,-6.48631047544773,8.79638074120764e-11,6.21401714375942e-10
"AVIL",109.364585850509,1.59930519996431,0.192297672859431,8.31682035556093,9.03545457005347e-17,1.03055649877806e-15
"CTDSP2",1721.98673618242,0.305908507058246,0.0698477441222505,4.37964763074999,1.18871367490257e-05,4.80417338762487e-05
"ATP23",63.0500059766482,-0.863330360886231,0.246121561050831,-3.50773966002894,0.000451931079571495,0.00141836467867606
"LRIG3",108.675866455552,-1.44527859659294,0.193355674470254,-7.47471518771117,7.73712417766657e-14,7.12471715920947e-13
"SLC16A7",239.905457437784,-1.80047492269675,0.140129410157764,-12.8486583984739,8.75148312448856e-38,2.73802912129181e-36
"USP15",1006.09823730647,0.228225541399966,0.0757190437720169,3.01411018986363,0.00257734178864007,0.00703930530899393
"PPM1H",137.872986676157,-0.791356739978531,0.165786643690801,-4.77334435610172,1.81191588909265e-06,8.13668981742801e-06
"RXYLT1",177.218542855488,-0.594877551736624,0.146615070332658,-4.05741067672576,4.96197852810028e-05,0.00018174759157499
"SRGAP1",1406.61668137194,0.259835634229421,0.081755384782762,3.17820819900547,0.00148188298185983,0.0042469804732977
"KICS2",218.242983022651,-0.789408652913604,0.137407472414197,-5.74501982347826,9.19102181289545e-09,5.38638712488419e-08
"TBK1",807.879474674823,0.406465679205232,0.0828231230781235,4.90763526052779,9.21810800227236e-07,4.29138528310385e-06
"RASSF3",1238.70242092208,0.39351650899385,0.0698938946335205,5.63019861830855,1.80002215210837e-08,1.02522753486552e-07
"TBC1D30",265.138858018701,-0.653806781004949,0.121740511583961,-5.37049477202204,7.85209098839003e-08,4.16919657341711e-07
"LOC100507065",98.3222777293842,-0.836885200440258,0.195976645570858,-4.27033128362058,1.95182826559781e-05,7.63819699768473e-05
"LOC105369187",22.5364012730835,-1.49403082685828,0.426841259369575,-3.50020246183533,0.000464904913365542,0.0014565458003756
"RPSAP52",216.775270630902,0.510770477079893,0.145727397814537,3.50497219287437,0.00045665497662762,0.00143269138819748
"HMGA2",4918.72382570924,0.253480540446573,0.0694816117183136,3.64816725141915,0.000264117688099912,0.000861633754027609
"LLPH",435.669079540207,-0.798657925412145,0.107612509035097,-7.42160862685278,1.15706297896793e-13,1.05097943266033e-12
"HELB",164.168949569473,-0.834178054043553,0.152123346261637,-5.48356366424423,4.16842167646892e-08,2.28186898638051e-07
"DYRK2",936.09781331703,0.658369734652667,0.0784666601342871,8.39043911803993,4.84329700344287e-17,5.6237793362786e-16
"MDM1",156.6252997549,-1.19402967107944,0.166189599859166,-7.1847436427508,6.73334066550512e-13,5.76444333173719e-12
"NUP107",1068.32250889534,-0.971384642753432,0.0762823101968396,-12.7340747841388,3.82351729969208e-37,1.16984049673601e-35
"SLC35E3",233.600120331523,0.532755080932718,0.136248172205348,3.91018148947915,9.22267994937088e-05,0.000323980341847198
"MDM2",5653.25983274017,0.171535772448433,0.0598170454406285,2.86767377400295,0.00413501655104371,0.0108246852507784
"CPSF6",1483.88611046521,-0.336989521445554,0.0672975218108703,-5.00745811105218,5.51535495213618e-07,2.64270703516209e-06
"FRS2",711.490957696394,0.552847475879784,0.0880384387880699,6.2796147170513,3.39413080186912e-10,2.2704391677982e-09
"CCT2",3070.01698643303,-0.460392953136169,0.0685843643185914,-6.71279755539513,1.9092792629688e-11,1.4432517448809e-10
"RAB3IP",343.740067170853,-0.307894536702697,0.110784100507199,-2.7792303705412,0.00544878675479851,0.0139418693892125
"CNOT2",981.376858165011,0.584950981752713,0.0745699677463264,7.84432392062461,4.35292190115323e-15,4.39708551461224e-14
"PTPRR",21.5838307879016,0.994033803482343,0.392220781260921,2.53437311579131,0.0112648714914766,0.0268240286929043
"TMEM19",208.705661021467,-0.927089067106034,0.143088699546414,-6.47912148230345,9.22582025753431e-11,6.5071822646194e-10
"LINC02882",47.0217576293123,0.986380195742126,0.273377463955103,3.60812548873495,0.000308417314884588,0.000997127454527298
"ATXN7L3B",1010.6240346252,-0.829820899365283,0.0823976519142927,-10.0709289656511,7.42732040577219e-24,1.28452726518638e-22
"PHLDA1",4915.62170650638,0.360220370177582,0.0671608167877434,5.36354957260319,8.16022428308625e-08,4.32643135644299e-07
"NAP1L1",5155.08814654346,0.241241587177481,0.0617575333228381,3.90626979734421,9.37318541868273e-05,0.000328754718626083
"BBS10",506.209542850484,-0.666700358444586,0.103415885709449,-6.44678865215841,1.14244923373261e-10,8.01716419045772e-10
"OSBPL8",3737.19461138335,0.191412694830134,0.0726925623666422,2.63318128565476,0.00845891840630804,0.0207517860438313
"ZDHHC17",698.035056945963,0.555898878260214,0.0840900293580406,6.61075852278864,3.82355753033695e-11,2.80783741867165e-10
"E2F7",735.553537646626,-0.411318334799475,0.0861142870674003,-4.77642385261278,1.78440079232884e-06,8.02312541880192e-06
"NAV3",1077.48816427596,1.62687390973233,0.0792198231689047,20.5361971872075,1.02263081127967e-93,1.05912815230293e-91
"SYT1",1855.93940880677,0.307659724477101,0.0634429713438821,4.84939021549736,1.23841587472398e-06,5.66002852609708e-06
"PAWR",856.168147461686,-0.932905624618116,0.0957256372742146,-9.74561936783691,1.92600759296922e-22,3.10452440365817e-21
"PPP1R12A",1489.55169950957,0.273604703605327,0.0715864405086645,3.82201855073673,0.000132363729608558,0.000454261430446738
"METTL25",82.2249407977238,0.653410143657783,0.210138737404917,3.10942262110734,0.00187453377617955,0.00526101435610211
"TMTC2",291.531578017152,0.663074440548468,0.122861660332643,5.3969190938265,6.7794939893467e-08,3.62854948565539e-07
"KITLG",17373.8045057921,-0.456959678712115,0.0586426204835326,-7.79227931740249,6.58110491421379e-15,6.5560028556687e-14
"LINC02458",213.881386570319,-0.786724391533064,0.138786029167956,-5.66861373763337,1.43957493810464e-08,8.27250636466315e-08
"DUSP6",3445.20406897852,0.649618375344187,0.0729072610400541,8.91020134451762,5.09399696167951e-19,6.71038525104033e-18
"BTG1",1421.9609561515,1.55890815273275,0.0835267385641682,18.6635822196642,9.79400621080249e-78,7.87936544307463e-76
"NUDT4",680.669479772846,-0.212898815496416,0.0857936784189398,-2.48152100970433,0.0130822997933305,0.0306335920706353
"UBE2N",1284.06949439759,-0.411990723568539,0.0807277188161335,-5.10346049176608,3.33498162035696e-07,1.64206840930199e-06
"MRPL42",1953.31452151474,-0.262259717199567,0.0647146415216393,-4.05255613000455,5.06610641335164e-05,0.000185335573842895
"LOC101928731",17.489592277154,1.1568687072464,0.455095734556711,2.54203372917404,0.0110209537644985,0.0263232084546094
"TMCC3",184.398404012714,0.764795177645383,0.143049924147163,5.34635150773374,8.9744842289464e-08,4.73030653085239e-07
"NR2C1",425.086991644869,0.402133751277047,0.100154542075101,4.01513244377381,5.94124219106378e-05,0.000215513537691547
"FGD6",1165.96203285014,1.30014131501676,0.0761515011871283,17.073088445386,2.35410356491441e-65,1.43807797773975e-63
"METAP2",1810.26725488502,0.265947234356415,0.0648115778467127,4.10339083219688,4.07138607997797e-05,0.000151310473390973
"SNRPF",400.107685693961,-0.806684453470642,0.114030676498921,-7.07427578471199,1.5023125287055e-12,1.24818691008768e-11
"AMDHD1",28.5817034728837,-1.25080009026798,0.367404662250088,-3.40442084378497,0.0006630451407171,0.00202144078512314
"LTA4H",2144.02840762484,0.606400408752646,0.0682953341113207,8.87908986233553,6.74096348973216e-19,8.80920254158545e-18
"ELK3",2571.54856607831,1.42125568638215,0.0648809080141439,21.905607209941,2.29698876533107e-106,3.02146237518477e-104
"CDK17",552.519836221606,0.217683811403085,0.0955507948843094,2.27819990055187,0.0227146702114999,0.0497860705280273
"NEDD1",593.746993432925,-0.771145767937256,0.0901122337424942,-8.55761460914277,1.15226807349326e-17,1.38896474598141e-16
"TMPO-AS1",41.232466135656,-2.09439724494389,0.340993002622476,-6.14205344050025,8.14614394827323e-10,5.2354372358e-09
"TMPO",3157.37507095352,-1.10510830815949,0.0601773424664735,-18.3641926157702,2.54202025964318e-75,1.94935094038424e-73
"SLC25A3",5184.36922925971,0.194570622144389,0.0648563868825946,3.00002253435129,0.00269959633235352,0.00734774588511446
"IKBIP",547.542660468931,0.550611412631133,0.0898992567504175,6.12476045446923,9.08201378603432e-10,5.82444734655248e-09
"APAF1",844.666881960082,0.644708700696256,0.0889388293215864,7.24890023417227,4.20169220979538e-13,3.65790798612186e-12
"GOLGA2P5",128.375838924397,-0.992722070164176,0.171306834083795,-5.79499396783311,6.83236368063688e-09,4.05954585851491e-08
"DEPDC4",41.1631901133695,-1.03104395874892,0.301879669906343,-3.41541369469762,0.000636852075503177,0.00194950080731149
"SCYL2",1351.48306844049,0.325486770588312,0.0752026411435569,4.32812951299117,1.50381035486505e-05,6.00225169546468e-05
"GAS2L3",528.214436361652,-0.770131710311087,0.0967395849325076,-7.9608746600307,1.70827366002236e-15,1.77638774537005e-14
"UTP20",739.74734106183,-0.754138678796246,0.0893982372799668,-8.43572202027344,3.29164312462395e-17,3.85186368499014e-16
"DRAM1",381.848411691777,0.336515242456559,0.104069497936913,3.23356265887392,0.00122256514133404,0.00355524389413922
"NUP37",477.510861357946,-0.554754522364873,0.0993211714793363,-5.58546092542101,2.33081191937489e-08,1.31220123708387e-07
"PARPBP",248.825300078879,-1.12417626654014,0.132575346708515,-8.47952726091521,2.26110767997502e-17,2.68428336632608e-16
"STAB2",25.1801371815157,0.823266689872965,0.356008383107291,2.31249242696865,0.0207505621709274,0.046029773619188
"NT5DC3",745.23516102634,0.319116293644461,0.0823643079470142,3.87444879461322,0.000106866310024733,0.000371855140559126
"TTC41P",21.350687957767,-1.52407272534931,0.427028150674063,-3.56902167443426,0.000358316783978638,0.00114550767501845
"C12orf73",94.519319285391,-0.538350219668403,0.200390050119002,-2.68651172724745,0.00722024135587155,0.0180066384547691
"HCFC2",191.33083166124,0.416471437397515,0.142224493291704,2.92826803427822,0.00340856065903162,0.00908260707325283
"NFYB",228.887693769536,-1.0331949993843,0.134657085672491,-7.67278598244143,1.68300173240613e-14,1.63500669647929e-13
"TXNRD1",11230.5169333321,1.39587660217029,0.0538452683427896,25.9238489310493,3.58652891585556e-148,8.18137184716874e-146
"EID3",113.808827106388,1.14929621404669,0.225908866720964,5.08743295793817,3.62942623525154e-07,1.78023653199423e-06
"NOPCHAP1",393.494342912814,-1.07069852784269,0.117269143612346,-9.1302664525468,6.83309068304202e-20,9.51616129823031e-19
"NUAK1",364.658666548817,1.25911783854769,0.113676268336638,11.0763473939782,1.63403487423914e-28,3.55639401795454e-27
"TCP11L2",174.461206381611,1.3221856632662,0.154189264105893,8.57508251909267,9.90157783062679e-18,1.1999753469114e-16
"RIC8B",460.925464673806,0.222757981079184,0.0965370170108974,2.30748771793972,0.0210276461570259,0.0465584483838018
"TMEM263",947.390569233216,0.411167345136871,0.0766485300993346,5.3643213327641,8.12541420793829e-08,4.31051190583621e-07
"CRY1",216.854759935987,0.732812273261576,0.131547188075322,5.57071788445967,2.53691832749505e-08,1.42024868529942e-07
"BTBD11",87.9863607744847,0.510650650695345,0.201280266487298,2.53701298993248,0.0111802805559296,0.0266542976449804
"PWP1",835.32114467203,0.238322594875885,0.0792193385701562,3.00838910267886,0.00262636635698814,0.00716267711998326
"PRDM4",721.503970536839,0.292419834078177,0.0870768463106805,3.3581812670943,0.000784571449465983,0.00236078846064894
"SART3",824.489100923777,-0.3229312191577,0.0789063945485592,-4.09258617131426,4.26588637062437e-05,0.000157725765869967
"ISCU",517.815738943639,-0.236304553976289,0.0974055496173436,-2.42598655728147,0.01526683576207,0.03508335211276
"SELPLG",21.3118903576055,1.40197706443478,0.431408117528648,3.2497697828824,0.0011549846775539,0.0033750573819035
"CORO1C",2197.24536191219,0.375293309394356,0.0637002813273186,5.89154869608726,3.82592878025451e-09,2.33718856098191e-08
"SSH1",2765.58330946208,1.04458828479383,0.0633317698195038,16.4939064196519,4.05840970237603e-61,2.26429106026373e-59
"UNG",952.186641486552,-0.802914937787556,0.0811769388860395,-9.89092405805953,4.55800941979516e-23,7.5985095054698e-22
"ACACB",152.088940241115,-0.640891953765768,0.154165332850797,-4.15717296433973,3.22210043796771e-05,0.000121577621425076
"KCTD10",860.019055043087,0.587379518784384,0.0823260378422866,7.13479640438469,9.69305248755353e-13,8.20857607510349e-12
"UBE3B",459.35608908874,-0.442654418603252,0.103179584252125,-4.29013570670725,1.78563970346837e-05,7.04752805435906e-05
"MVK",758.101939615544,1.53264403279325,0.0881325326985235,17.3902188654443,9.78598440773115e-68,6.27591548084424e-66
"FAM222A",73.7655245271018,1.01084579619619,0.229838046998191,4.3980786009905,1.0921342940172e-05,4.44174049029204e-05
"GLTP",649.210975430753,1.14286928262169,0.0968127800650257,11.8049423005316,3.68043349480553e-32,9.52946724280034e-31
"TCHP",149.11264441843,-1.02943506836972,0.161584201780453,-6.37088933835515,1.87935211829276e-10,1.29365181526944e-09
"ANKRD13A",613.235643815158,0.940817336158648,0.08729460676219,10.7774966982971,4.39688767808865e-27,8.8532193124956e-26
"IFT81",154.760248361252,-0.973938950489291,0.157286115653309,-6.19214827986503,5.93496780638547e-10,3.86394706787834e-09
"ATP2A2",5937.48397163555,-0.135254231534066,0.0524951856380277,-2.57650734805835,0.00998040841636111,0.0240643484173459
"ANAPC7",625.037267076538,-0.926087470546812,0.0909580871113409,-10.1814747864387,2.3989764694981e-24,4.22187060125247e-23
"GPN3",314.957448940095,-0.345346665792378,0.112577542830282,-3.06763371370622,0.00215760907234232,0.00598188816810475
"FAM216A",95.3395998876443,-0.509040926416103,0.197974853624987,-2.57124032216916,0.0101334979633087,0.0244138725664152
"VPS29",647.715020314072,-0.618090059672091,0.0875390264666333,-7.06073718911741,1.65621577587025e-12,1.37099974721901e-11
"PPTC7",1180.63769229067,0.90496529024581,0.0731241210577428,12.3757424657618,3.53609121242828e-35,1.00352598014441e-33
"TCTN1",137.943063855277,-0.94526583972381,0.165613125640953,-5.70767465480445,1.14530073821882e-08,6.66649373496165e-08
"PPP1CC",4040.98140257904,0.389797264384113,0.0558252711003136,6.98245179470204,2.90072515643975e-12,2.3536230546691e-11
"SH2B3",636.163683692693,0.546775891734385,0.0859852181227008,6.35895219750605,2.03134604878763e-10,1.39136781243641e-09
"BRAP",498.28593973193,0.485081668689817,0.094988898827858,5.10671957118798,3.2779966221013e-07,1.6166605672383e-06
"ACAD10",259.116250839561,-0.45579103159618,0.123971546644576,-3.67657776266133,0.000236383819980331,0.000778912565343854
"ALDH2",317.208571566047,0.336699035646909,0.111228286436802,3.02709900901165,0.00246913069583464,0.00676336894203314
"MAPKAPK5",539.293601262978,-0.340214901388147,0.0909264611911712,-3.74164898678781,0.000182816744710741,0.000613965813722002
"ERP29",638.86038894529,-0.517612999952842,0.108057379706924,-4.79016797702042,1.6664175117488e-06,7.51225243198407e-06
"NAA25",1623.48855473713,0.475493349662697,0.0704535679667106,6.74903150238421,1.4883527531684e-11,1.13650868495118e-10
"HECTD4",1200.97663617482,0.285369193958141,0.0864786006063121,3.29988219001444,0.000967254235316459,0.00286645100717611
"RPL6",6242.49007126386,0.24196562043119,0.0686214343452397,3.52609389092397,0.00042173742442886,0.00133125418210413
"OAS1",83.3071841964651,-0.938489991657117,0.211028424908457,-4.44722075741327,8.69884291369541e-06,3.58969196582791e-05
"OAS3",1811.63559612859,-0.795419710222222,0.0755023011304639,-10.5350393075806,5.9558390426927e-26,1.13938615061959e-24
"OAS2",30.8628743884014,-0.8549719422712,0.343238558429899,-2.49089713633037,0.0127421004105456,0.0299147201014125
"DDX54",597.632247045254,-0.517414650412128,0.101112909140092,-5.11719675373252,3.10110081148525e-07,1.5336151954933e-06
"IQCD",31.6141045040127,-1.49891758168033,0.354291400183516,-4.23074785587209,2.32915641327119e-05,9.02466732392177e-05
"TPCN1",320.969372250241,-0.514619376054803,0.123050428561797,-4.18218272028492,2.88723778663518e-05,0.000109932203999477
"SLC8B1",300.186478093532,-0.446045338129749,0.118253917565777,-3.77192863721951,0.000161990590457925,0.000547903984730156
"PLBD2",665.972026657475,-0.197498147958575,0.0867137086389385,-2.27758852733337,0.0227511046810626,0.0498538007608742
"SDSL",81.3472859734098,-1.47023719678962,0.224158899718947,-6.55890619838436,5.42038830557598e-11,3.91663262449016e-10
"LINC01234",311.349344866239,-0.508743065137614,0.123441380347538,-4.1213332490717,3.76686073333859e-05,0.000140747661777928
"RBM19",349.591372012118,-0.3727873357778,0.107792553444055,-3.45837744692893,0.000543439450786915,0.00168212338416884
"TBX3",160.239977298672,0.610618990762867,0.148014137133149,4.12540992765827,3.70074999758995e-05,0.00013836351806342
"MED13L",4515.15715834535,0.659621172300451,0.0590794281827906,11.1649891102466,6.04986138428613e-29,1.34266689662833e-27
"LINC00173",56.0603206575513,-0.983012510300607,0.264386266113915,-3.7180921866685,0.000200733022641306,0.000669023451270384
"SPRING1",767.756616246369,0.292393226970984,0.0792788722425424,3.68816077600661,0.00022588091296072,0.00074621446974613
"RNFT2",441.229459698645,-1.24863564084297,0.10334237158545,-12.0825138971243,1.30662830735837e-33,3.56229178924437e-32
"HRK",31.1822461496405,-1.10343891326674,0.354168687712946,-3.11557444671982,0.00183587000759966,0.00516376048180949
"TESC",61.8943647657118,-0.728286479311306,0.252217630431735,-2.88753200188526,0.00388277106007294,0.0102297393674816
"FBXO21",1130.23906413285,0.42512113908193,0.0708682718208133,5.99875131930444,1.98840594480156e-09,1.24204726278228e-08
"KSR2",229.730478677972,-0.864954251929273,0.137984073091034,-6.26850789770952,3.64524137967812e-10,2.43029577888196e-09
"RFC5",694.125984553888,-1.22558800373095,0.0864773668834233,-14.1723557030028,1.35865230895773e-45,5.34591119208017e-44
"WSB2",906.519609001026,0.479989710696032,0.0767407678827838,6.25468996386879,3.98306375446795e-10,2.64086798819967e-09
"PEBP1",1702.16822761714,-0.362023519902492,0.078399803890275,-4.61765848814067,3.88094256544854e-06,1.68161735926781e-05
"TAOK3",245.203330825408,0.330563177636486,0.123090920000818,2.68552040747027,0.00724169522286115,0.0180551452146072
"SUDS3",831.669470047296,-0.31490244434425,0.0875049494842197,-3.59868151687852,0.000319834580069809,0.00103126480004259
"HSPB8",127.421157348429,0.514952032355945,0.172065863445122,2.99276115578952,0.00276466018299611,0.00751575519049223
"PRKAB1",297.815149529183,0.357173466298495,0.120776781388455,2.95730240690648,0.00310343584507633,0.00833736096662501
"CIT",816.285777996723,-1.11386467238842,0.0819956240219738,-13.5844404585532,4.95302632907299e-42,1.76749480150939e-40
"BICDL1",228.998095278476,0.912812913625353,0.12695878862614,7.18983635164748,6.48690259288321e-13,5.56934119229864e-12
"RPLP0",20011.0572608557,0.511300285298871,0.0672552515004306,7.60238455573388,2.90723291770241e-14,2.7779026728481e-13
"PXN",3059.57188801997,0.896940751241297,0.0592654865060609,15.1342847940609,9.62210847019415e-52,4.34586508123731e-50
"MSI1",187.753288648007,-0.561854201216091,0.145590662754691,-3.85913622883062,0.000113788497644394,0.000394266970976664
"TRIAP1",281.049657058408,-0.509799049443573,0.12485166883475,-4.08323776687621,4.4412540627896e-05,0.000163705951044245
"GATC",635.468801678894,-0.386014617349642,0.090359547732583,-4.27198483210699,1.9374075742323e-05,7.59330619731195e-05
"SRSF9",854.086278781893,0.462070631966411,0.0822804674890038,5.61579978903454,1.95655106701345e-08,1.10842523667555e-07
"COQ5",264.591607330198,-0.432906478498346,0.136325392797311,-3.17553809760147,0.00149558881580864,0.00428149420964058
"RNF10",1342.02963273152,0.334198905312987,0.0717883156522764,4.6553384388033,3.23448955029782e-06,1.41477515014362e-05
"POP5",165.506582933631,-1.42574515855612,0.167885350620305,-8.49237383302511,2.02458546104344e-17,2.40984508543354e-16
"MLEC",3763.05131972139,-0.425184165281374,0.0592547320672895,-7.17553097360285,7.20270878559914e-13,6.14001963222716e-12
"UNC119B",662.873380780194,-0.463040967575097,0.0888640932358664,-5.21066440576934,1.88165550967587e-07,9.52508818535642e-07
"C12orf43",178.224136838051,-0.536159531666019,0.155266453832426,-3.45315757803471,0.000554065240993233,0.00171236661086247
"OASL",1902.25832515795,-0.604767526426197,0.0778773847310537,-7.76563733508433,8.12356881889212e-15,8.04809421029438e-14
"P2RX7",22.449077682292,-2.02064641144858,0.440465321780838,-4.58752667129149,4.48528140798624e-06,1.92221774680904e-05
"CAMKK2",481.756134240299,-0.374868549593759,0.0989471952781436,-3.78857175829989,0.000151515830898062,0.000514890965229866
"KDM2B",675.6140983124,0.678201536820658,0.0850116266835457,7.97775037696022,1.49024393831703e-15,1.55594936340737e-14
"TMEM120B",277.232336460022,-0.511484981435911,0.120577579983289,-4.24195759698278,2.21578562376815e-05,8.61317358195123e-05
"RHOF",113.643345144036,0.738842901680037,0.179385659044713,4.11874006882498,3.80949560788551e-05,0.000142281700206642
"HPD",15.7478546171796,-1.5462946989742,0.509126335913912,-3.03715323662939,0.00238824012773093,0.00655874357540979
"CFAP251",75.7342085029258,1.52949910708369,0.219170893167192,6.97856857259293,2.98202660128807e-12,2.41741346746794e-11
"MLXIP",1144.28918308117,0.245375394311929,0.0779813684467385,3.1465900021942,0.00165186413540571,0.00468569865955396
"B3GNT4",68.8397571009564,0.635970051811666,0.241279770938671,2.63582002476833,0.00839342365588258,0.0206073416488638
"VPS33A",399.566461195218,-0.376992759898764,0.105947625752763,-3.55829361177482,0.000373271924956098,0.00118909905597204
"CLIP1",1078.80043961894,0.199005734335649,0.0735769781287545,2.70472829133323,0.00683602791082719,0.0171290404589845
"RSRC2",674.922744050286,0.378107912567338,0.0864061441290095,4.37593780371452,1.20911490597889e-05,4.88224506400305e-05
"KNTC1",1368.95083153424,-1.17498690576895,0.0783595824872534,-14.9948081456417,7.93917675629621e-51,3.50666432169642e-49
"CCDC62",104.219362062939,1.74278816528866,0.19644503769557,8.87163242061349,7.20813682180874e-19,9.39926437523989e-18
"HIP1R",829.798881530909,-0.243113955784917,0.0887220135641342,-2.74017626537723,0.00614062425539746,0.0155508979351486
"VPS37B",734.627821153964,0.471138519364765,0.0857129298541447,5.49670300812827,3.86957577433401e-08,2.12408239504335e-07
"ABCB9",189.135180101521,0.58070485225895,0.143451840569761,4.0480822689518,5.16389970253288e-05,0.000188568665733222
"ARL6IP4",250.902255185758,-0.38984768025604,0.15763246552542,-2.47314332714775,0.0133930417805332,0.031263731337693
"PITPNM2",236.002219356761,0.833705882538893,0.129833180639932,6.42136223136226,1.35060214082774e-10,9.43379890692118e-10
"MPHOSPH9",704.783949882215,-1.25056213932833,0.0875615191294185,-14.2820973386719,2.82955685225804e-46,1.13063068812732e-44
"CDK2AP1",1041.40777369645,0.375708953637025,0.0803891545064441,4.67362738100334,2.95926021552908e-06,1.29943538850023e-05
"SBNO1",2206.81023503598,0.43137993838571,0.0607618034571762,7.09952492917263,1.25186463907274e-12,1.04734692018244e-11
"TMED2",3921.88257361901,0.161506190383086,0.0606523291317496,2.66281926341626,0.00774890220478275,0.0191790916951504
"DDX55",338.568456609304,-0.65279497397634,0.122535523694694,-5.32739367567257,9.9632065381112e-08,5.20878865747902e-07
"EIF2B1",465.523422140001,-0.51001986624607,0.099170655943734,-5.14285058813605,2.70600826443932e-07,1.34821606119605e-06
"GTF2H3",881.59442979934,-0.632611364004563,0.0789442819064593,-8.0133905677189,1.1158855614409e-15,1.17324233971567e-14
"ATP6V0A2",312.886174712681,-0.42542625666334,0.119194573830608,-3.56917469471329,0.00035810758131439,0.00114504200192807
"CCDC92",79.8642958350054,0.991734910859778,0.213210978766245,4.65142515924131,3.29648909771957e-06,1.44154404343616e-05
"ZNF664",2168.37732931337,-0.681812932913072,0.0650082431741984,-10.4880996566245,9.79791516428921e-26,1.83925238724642e-24
"NCOR2",1160.68177982706,0.906060300892605,0.0793337264267876,11.4208715725556,3.28918649739035e-30,7.78901837969401e-29
"SCARB1",1688.20737123644,0.670396689873241,0.0746397077222603,8.98177003007347,2.66445274156954e-19,3.58596735293686e-18
"UBC",9178.86228378399,0.529634725281383,0.0791638480574127,6.69036104583081,2.22620658212416e-11,1.6657141849741e-10
"DHX37",522.910675238135,0.304397718846438,0.0966353266135462,3.14996316061261,0.00163291051513938,0.00463850573665301
"BRI3BP",1044.58846137977,-0.344561904502189,0.0759863571779744,-4.53452326573782,5.77337381894225e-06,2.44459515016819e-05
"TMEM132B",60.9059566555704,1.85755683527376,0.250966334682247,7.40161758199816,1.34535475316348e-13,1.21587953895482e-12
"LINC00943",27.6620760759582,1.18888912824139,0.34806390483411,3.41572082519738,0.000636134278464917,0.0019476343581747
"LINC02405",61.2253908123166,1.89261343518579,0.248913820876318,7.60348874370543,2.88252335845962e-14,2.75575349829182e-13
"STX2",461.537483784725,-0.261434361845049,0.0972348738071947,-2.68868926968982,0.00717331573295748,0.0179019973443604
"RAN",5758.08435148254,-0.210630092333577,0.0634295110945112,-3.3206955043329,0.000897934446179184,0.00267864205505629
"SFSWAP",538.224418727011,0.209095729203713,0.0917300638439317,2.27946782594052,0.0226392704334328,0.0496410522021702
"PUS1",213.820311579015,-0.498794364312129,0.134583410661008,-3.70620986540834,0.000210383990200611,0.000698476397827048
"EP400",1327.48275572742,-0.181966215236104,0.073366455980058,-2.48023722565481,0.0131294998780478,0.03072016584034
"EP400P1",39.0961776366905,-0.806848021486373,0.321885251839585,-2.50663246257854,0.0121887377863099,0.0287429002417025
"NOC4L",133.948925427481,-0.909963657467885,0.17371654620672,-5.23820947018509,1.62141971722511e-07,8.25645796103808e-07
"GALNT9",18.1636510330247,1.28382133285664,0.432943899107315,2.96532953923995,0.0030235885511839,0.00815201814495588
"POLE",1528.14692289504,-0.642776583708832,0.0681974528858502,-9.42522860472106,4.29169662147817e-21,6.36548681610355e-20
"PXMP2",93.9097110634167,-1.51509324517712,0.214618225938126,-7.05948079923985,1.6712586726199e-12,1.38281692099556e-11
"GOLGA3",1450.04830622325,0.350867619085564,0.0792978310738124,4.42468115879447,9.65848250019908e-06,3.95670636817658e-05
"ZNF26",143.886514509997,0.759974202486171,0.166602850277962,4.5615918408252,5.07672614860116e-06,2.16334078798632e-05
"ZNF268",272.14971699204,-0.410791781644664,0.127658808897451,-3.21788825379575,0.0012913811895967,0.00373847074983489
"PSPC1",619.392405857797,-0.308156414132404,0.089609372093474,-3.43888598852091,0.000584113176728658,0.0017993681295431
"ZMYM5",285.055876196508,0.581456933258891,0.118210066394652,4.91884448586347,8.7056598483765e-07,4.06753166003611e-06
"ZMYM2",1432.62283927873,0.922074465446434,0.0757500743141917,12.1725882620512,4.3506448853951e-34,1.20434672011836e-32
"GJA3",340.969058170927,0.682184644742196,0.112207816890598,6.07965348267421,1.20442546110733e-09,7.66688492921768e-09
"GJB2",359.474361500678,0.400488692321216,0.111734204984197,3.58429804353875,0.000337985966315834,0.0010855186417711
"IFT88",144.601108385786,-1.25237079208552,0.166483507639021,-7.5224916260233,5.37420606262061e-14,5.0128658102736e-13
"LATS2",443.146560373769,0.51805130558062,0.096956209144584,5.34314728423515,9.1346481686688e-08,4.80951055242037e-07
"SKA3",542.147186631936,-1.29720950335382,0.0975105075228966,-13.3032791676242,2.21535073779346e-40,7.42060142114796e-39
"MRPL57",180.227003114959,-1.24950831415044,0.164011096173869,-7.61843767464265,2.56764410277461e-14,2.46256063736568e-13
"MICU2",573.550526340302,-0.364879067060748,0.0895876820648918,-4.07287094219551,4.64371586090753e-05,0.000170749650131431
"FGF9",11.1035620130029,-2.69940964296197,0.698827815371592,-3.8627678858584,0.000112109519770646,0.000388898105060022
"SACS",2710.9422617248,-0.555683936305767,0.0759318906112977,-7.31818912754806,2.51339474353872e-13,2.22355850138986e-12
"MIPEP",190.331101445518,-0.774667993738307,0.143110279005355,-5.41308422513325,6.19483331985367e-08,3.3294688713714e-07
"ANKRD20A19P",1.76367716048222,-3.92563616073199,1.65430378924751,-2.37298384144888,0.0176450358322506,0.0399072779534373
"SPATA13",808.443459196987,0.538419902721443,0.0825893682301539,6.51923987626366,7.06645696178757e-11,5.03338422562742e-10
"TPTE2P6",20.5114815200453,-1.52386210288731,0.433125107518095,-3.51829546806785,0.000434328479708438,0.00136740627757263
"CENPJ",377.927500145674,-0.722168516682406,0.11288958083678,-6.3971228463196,1.58331942671706e-10,1.09869077354132e-09
"TPTE2P1",41.4609800639622,-0.751298963619854,0.293474750127621,-2.56001227803463,0.0104668465279419,0.0251430340282645
"MTMR6",535.892647924435,-0.231151336184846,0.0916996859151281,-2.52074294342498,0.0117107367221589,0.0277354693744284
"NUP58",2385.17601825178,0.71677586772564,0.0611278316256622,11.7258513620288,9.39516677897146e-32,2.39138842547803e-30
"CDK8",478.82092194267,0.449919642491975,0.0957322292675714,4.69977191520789,2.60452218633347e-06,1.15124096933813e-05
"USP12",1348.2278137532,0.747681926104612,0.0761087223564216,9.82386647621246,8.88681363310255e-23,1.46522661008363e-21
"RPL21",3520.21364434216,0.381146381752351,0.078162830960466,4.87631239898579,1.08087385210807e-06,4.9855202684514e-06
"LNX2",527.251399573544,0.488874470417817,0.0972823926407905,5.02531297953328,5.02612164105181e-07,2.41793214344353e-06
"POLR1D",938.238927961769,0.436233176701863,0.0898717702426825,4.8539510852395,1.21025600151803e-06,5.54257265650736e-06
"PAN3",847.688926054837,0.328943888941215,0.083432688078177,3.94262604403914,8.05942695293084e-05,0.000286467323705654
"POMP",1624.60684539383,0.232233724309642,0.0765499581524857,3.03375377223641,0.00241531474834648,0.00662454901287403
"MTUS2",17.1001335493153,1.60219968601167,0.471510582504324,3.39801426619514,0.000678768803835865,0.00206588289375547
"MTUS2-AS1",2.45034950573511,4.05539068999035,1.54127785675772,2.63118727892542,0.00850871337291895,0.0208563008288047
"UBL3",335.850652603805,0.422610948406995,0.115168593945044,3.66949820198948,0.000243027047090638,0.000799049519361502
"HMGB1",3823.38283960655,-0.784463582599315,0.0653710827351916,-12.0001619948236,3.54601691784668e-33,9.52351279828838e-32
"HSPH1",1766.51669298941,-1.39358992249883,0.0691878788047271,-20.1421108230827,3.15595228048263e-90,3.0413591468758e-88
"BRCA2",681.254667028586,-0.775077745098147,0.0862928967084495,-8.98194144202664,2.66030412988928e-19,3.58305984489796e-18
"N4BP2L1",35.379156863752,0.864784662370498,0.31798738540561,2.7195565046312,0.00653695253659058,0.0164367827071158
"MICOS10P1",41.4354397977254,0.724864624168134,0.290114738108141,2.4985446409756,0.0124704435021866,0.0293572648403534
"N4BP2L2-IT2",200.282942829027,0.816381064036441,0.161594904181899,5.05202232811427,4.37156582000321e-07,2.12312904229672e-06
"RFC3",525.999553060011,-1.12955167010118,0.097090224684899,-11.6340411587992,2.76681776379388e-31,6.93474588613763e-30
"NBEA",174.094129015515,-0.923398980379102,0.15692459427763,-5.88434836890787,3.99625315714706e-09,2.43628139867886e-08
"DCLK1",356.349021475138,1.49753298349642,0.109802282291805,13.6384504241601,2.36533297510945e-42,8.49116843514887e-41
"RFXAP",51.0132679104351,-0.722010843367424,0.266576758529909,-2.70845383276884,0.00675975161730764,0.0169544166869173
"SMAD9",115.811056499631,1.4672987894615,0.182042202188947,8.06021225747723,7.61620863269557e-16,8.13102463091273e-15
"EXOSC8",401.9984598381,-0.450646271715835,0.10240899248371,-4.40045606139051,1.08023600311267e-05,4.39529915374096e-05
"SUPT20H",557.3660028176,-0.487130292158606,0.0908683337911042,-5.3608366285054,8.28374080238896e-08,4.38804506172403e-07
"COG6",392.053452501296,0.414858030206859,0.102494499674887,4.04761261846043,5.17426883430396e-05,0.000188909032947714
"FOXO1",306.742655220469,0.594913865669869,0.127332119062314,4.67214297579332,2.98073345175675e-06,1.30790838894834e-05
"MRPS31",221.022543734898,-0.520221389453555,0.143911224661473,-3.61487709299457,0.000300490144422577,0.00097324458889994
"SLC25A15",208.719341369257,-0.602581846158013,0.142408401650185,-4.23136443619534,2.32277972011514e-05,9.00295930841091e-05
"WBP4",304.513245490791,-0.591197595519003,0.128923615689931,-4.58564237711785,4.52592725546815e-06,1.93825416042756e-05
"KBTBD6",282.236795758218,-1.20434779778925,0.126942465291107,-9.48735157322977,2.36978480619289e-21,3.57371481107968e-20
"NAA16",358.631204999998,-0.297971404362596,0.110777773908014,-2.68981216945215,0.0071492245974798,0.0178492901733421
"AKAP11",1152.92730039546,-0.771842065822783,0.0832992933881132,-9.26588971441293,1.93457630939498e-20,2.78903997372855e-19
"EPSTI1",16.517986184713,-1.53509267069878,0.492612538632993,-3.11622735986114,0.00183180980169366,0.00515394917038586
"DNAJC15",197.262106323838,-0.392720627362404,0.142102046443733,-2.76365215836568,0.0057158435684793,0.0145652173285585
"TSC22D1",4206.56030733323,0.525055923053498,0.0583692931838998,8.99541341710688,2.35344787359919e-19,3.17451228518945e-18
"NUFIP1",214.788480514736,-0.748805079139696,0.147733267204173,-5.06862870706581,4.00691991937311e-07,1.95264207320235e-06
"GPALPP1",224.484641843634,-0.622781290051894,0.135410001416941,-4.59922667111042,4.24062176149023e-06,1.82300202203758e-05
"GTF2F2",542.832271213164,-0.752640530717076,0.102997150397403,-7.30739178523963,2.72377521194057e-13,2.40495605557967e-12
"TPT1",17392.140456784,0.567121328893028,0.0651163196628456,8.70935783578413,3.05601116129078e-18,3.83245491563126e-17
"TPT1-AS1",130.868429829533,1.16429250532841,0.16540424840646,7.03907255433555,1.93523587851501e-12,1.588833064543e-11
"SLC25A30",603.148250168814,0.658966827388698,0.0891136595820811,7.39467810523183,1.41751240171812e-13,1.27788849381502e-12
"COG3",772.618728149206,0.780312272830302,0.0803940215854992,9.70609825757303,2.84001067122346e-22,4.52118659948038e-21
"ZC3H13",892.46456860078,-0.209156945175062,0.0828070209077903,-2.52583588785266,0.0115423385705575,0.0274086814310208
"LRCH1",516.031978013531,0.551232841365725,0.0922387273349699,5.97615402220255,2.28467007694366e-09,1.4197254985035e-08
"SUCLA2",496.913269070766,-0.259666213988902,0.0949564126386086,-2.73458323427989,0.00624593019438594,0.015784309077693
"NUDT15",460.560693169221,-0.329080081139213,0.103521495768144,-3.17885747976681,0.00147856771364124,0.00423815313623808
"CAB39L",100.981822332097,0.976450800689461,0.188053389905848,5.19241265035603,2.07586271610475e-07,1.04728785013784e-06
"SETDB2",51.9285230409915,-0.885514892872712,0.272725558591579,-3.24690834788542,0.00116665952911624,0.00340585961027114
"RCBTB1",399.643334696439,-1.08534974879418,0.108905411985825,-9.96598542720213,2.14733701465798e-23,3.65412278953272e-22
"SPRYD7",375.031295176114,0.266356339772324,0.104103917868298,2.55856211011473,0.0105106042586164,0.0252302489913978
"DLEU2",355.330619711652,-1.1342968906811,0.117431749711208,-9.65920113998646,4.49354260687869e-22,7.08470090276123e-21
"RNASEH2B",224.742459882685,-1.18865123029621,0.144972489262234,-8.19915031013999,2.42092067845923e-16,2.67981643406104e-15
"GUCY1B2",38.8769653620332,-1.3824377166021,0.318066362493123,-4.3463813833253,1.38401840595665e-05,5.55487654649106e-05
"SERPINE3",35.2493891394391,1.45233266026423,0.318605907798056,4.55839839977095,5.15451895025727e-06,2.19441497761838e-05
"INTS6",1328.53258443459,0.367366934846951,0.0786690209779044,4.66977890763548,3.01524071823141e-06,1.32272767729426e-05
"WDFY2",336.559637067447,0.348361937447362,0.115461657085819,3.01712227452649,0.00255186854138515,0.00697621707892928
"THSD1",43.1164510024868,2.00351872366432,0.345938675996978,5.79154301810943,6.97426901862078e-09,4.1397662050252e-08
"CKAP2",1668.41626843796,-0.587030108218696,0.0716837856509127,-8.1891616477599,2.63052041156773e-16,2.90469413828812e-15
"SUGT1",1464.87512648008,-0.337263249443071,0.0751103624996324,-4.49023594373841,7.11443223753072e-06,2.97262191867705e-05
"DIAPH3",626.174960780936,-0.59109033949795,0.0929885734511922,-6.35659111179075,2.06280111600111e-10,1.41237609845958e-09
"MZT1",358.564437107186,-0.554021004141777,0.106752759501823,-5.18975815451697,2.10567387652755e-07,1.06054636469824e-06
"BORA",238.047388317906,-1.04052226177039,0.131636339765492,-7.90452137779022,2.68965019234887e-15,2.75086186812253e-14
"DIS3",1511.99946462916,0.31438346381616,0.0669497902970093,4.69580953758721,2.65552895731664e-06,1.17234902841262e-05
"KLF5",1136.40609208183,1.24063546561099,0.0746560298797147,16.6180209101649,5.16083468420007e-62,2.9524889474276e-60
"TBC1D4",1359.9730423326,1.10238057148708,0.0692874549654299,15.9102477069925,5.38002121321157e-57,2.71578045611445e-55
"UCHL3",234.589267526056,0.388165676535431,0.125129342405466,3.10211553160431,0.00192142954360789,0.00537947158006378
"LMO7",264.661570698668,0.720843066313492,0.124455399731253,5.79197903722996,6.95618266592612e-09,4.13039103204793e-08
"KCTD12",51.8714338445655,-0.867808958913385,0.277368021504354,-3.12872750869646,0.00175565038137311,0.00495747031067452
"CLN5",506.034250809243,0.453720487951802,0.0957972885845971,4.73625605333421,2.17702505827345e-06,9.69653202549329e-06
"FBXL3",872.776723861592,0.693187244706683,0.079131900690666,8.7598963080189,1.95430065180425e-18,2.48192051065288e-17
"MYCBP2",2317.82333100156,0.30170309987419,0.0755409077970509,3.99390355070592,6.49943105688994e-05,0.000234393130030446
"OBI1",220.118293494309,-0.561914633415494,0.133647922875902,-4.20443970488981,2.61729695534385e-05,0.000100332500387687
"RBM26",1195.50563260932,-0.226454811872842,0.0726921787177094,-3.11525690751752,0.00183784764429938,0.00516770984520503
"RBM26-AS1",34.9904136384635,-0.928031868843591,0.315244623281371,-2.94384677899892,0.0032416043918993,0.0086762145769222
"NDFIP2",1057.53972334299,0.2663537647634,0.0743885727590923,3.58057366722155,0.00034284066405912,0.00109993441463582
"SPRY2",259.218793004061,1.66446177106623,0.125255156469466,13.2885688540255,2.69687083318005e-40,9.01675496933908e-39
"TGDS",402.361346281297,0.761427206727795,0.103372131457619,7.36588475047519,1.7597580549696e-13,1.57070826689486e-12
"GPR180",501.411076517011,-0.529849899471536,0.0985821121421893,-5.37470630277541,7.67076111123066e-08,4.07772230045686e-07
"DNAJC3",2249.90834266884,0.386599550294176,0.0616497285819339,6.2709043362677,3.58957117667903e-10,2.39583933981233e-09
"UGGT2",557.7661725955,-0.463589027506321,0.0930858731156393,-4.98022967384547,6.35088570066281e-07,3.01977074437057e-06
"MBNL2",3102.52727757868,0.66367537085634,0.0654569366045705,10.139114435887,3.70442447198405e-24,6.48130421452665e-23
"LINC00456",16.2379109683496,1.54095331778555,0.462259105763052,3.333527233048,0.000857522764725191,0.00256445697695199
"STK24",1297.69692457015,0.858289014260836,0.0733695390623405,11.6981655497599,1.30238522175667e-31,3.30567381426435e-30
"UBAC2",554.598750469072,0.212319107344928,0.0925419073148256,2.29430226267785,0.0217731427039045,0.0479909252283591
"ZIC5",249.588547209921,-0.430466741151779,0.127395643979259,-3.37897535352043,0.000727565304963546,0.00220101634392279
"PCCA-DT",44.3619129127262,-1.02816880217318,0.284902117136441,-3.60884928658071,0.000307558214557707,0.000994706852933315
"GGACT",36.4595846727887,-1.01476249161231,0.323820801740095,-3.13371619784568,0.00172607710616914,0.00488161260675991
"TMTC4",179.52765190988,-0.968251519826728,0.14869744282337,-6.51155461346343,7.43769765455119e-11,5.2894534109182e-10
"TPP2",956.784135183611,-0.48768890692186,0.0802152883176382,-6.07975009689798,1.20369999558668e-09,7.66497442419349e-09
"TEX30",170.926307215284,-0.622575133590925,0.152587842873991,-4.08010967233515,4.5014457566301e-05,0.000165755116428752
"BIVM",116.899039822017,-0.528157596988632,0.18306765746924,-2.88504045056334,0.00391363372720283,0.0103005102085471
"EFNB2",619.683451618032,1.42218585086455,0.0903209848073693,15.7459072650469,7.32726355397168e-56,3.59794595384533e-54
"ARGLU1",630.178840385466,-0.589163562083737,0.0970940286437129,-6.06796906373796,1.29537848863009e-09,8.22261914181151e-09
"LIG4",206.92182091959,-0.442390458630223,0.134816253028023,-3.28143268110462,0.00103281175281672,0.00304371228086838
"ABHD13",203.439311853647,-0.350661197804542,0.136336873601322,-2.57202023591908,0.0101106981811808,0.0243621997490386
"MYO16",17.9728970222398,1.51929125134578,0.436930874512875,3.47718904744282,0.000506700412947655,0.00157679988632873
"IRS2",969.760118671439,2.07234411886573,0.0807098728651776,25.6764636753609,2.14163132105958e-145,4.59456405200175e-143
"RAB20",175.779951083635,1.79411405734693,0.158660942657841,11.3078494763265,1.19994538265807e-29,2.7617133768686e-28
"CARS2",414.332335767036,0.266447474603997,0.100405441309036,2.65371548723046,0.00796109206663427,0.0196652506004426
"ING1",501.656723389595,0.743281217588803,0.0965109534394526,7.70152185943444,1.34455168260183e-14,1.31400031844727e-13
"PRECSIT",122.473491903277,-1.41443759685256,0.187737516401583,-7.53412330131703,4.9162656099285e-14,4.60239078215696e-13
"ANKRD10",2111.59274490444,0.736772438315825,0.0773756568800314,9.52201852655246,1.69847354308916e-21,2.57861766807159e-20
"ARHGEF7",1131.54131466096,0.483556536627578,0.0747344335018729,6.47033119767289,9.77883403779508e-11,6.88914652834657e-10
"TEX29",9.49588335081347,2.4950836977788,0.671917844411117,3.71337614937961,0.000204512570846983,0.000680613303644225
"ATP11A",2597.85648116845,1.22997539660805,0.0652132079369619,18.8608325754653,2.39420019475674e-79,2.01616269671548e-77
"ATP11A-AS1",35.9266643982871,0.914267646273871,0.329146058540258,2.77769586647518,0.00547458336717301,0.0139979379767061
"MCF2L",184.786111097315,0.835700497126505,0.147159609181082,5.67887140892146,1.35586358700366e-08,7.81888566444576e-08
"PROZ",22.2502229852952,1.24077783096542,0.388880101566756,3.19064366103191,0.00141956245839431,0.00407810219396203
"CUL4A",1625.37589524161,0.488211156529994,0.0687232878560193,7.10401338121125,1.21185115184688e-12,1.015284500578e-11
"GRTP1",99.3210209069108,-1.16353162625105,0.199208516414304,-5.84077250909896,5.19593165324246e-09,3.12692897245347e-08
"ADPRHL1",246.506261441513,1.05193902196096,0.155257983153216,6.77542629755058,1.24039964230304e-11,9.5039294021867e-11
"TFDP1",2047.73427835694,-0.225393069569989,0.0681594737151521,-3.30684873700666,0.000943518256988522,0.00280487339313595
"GAS6",372.535513039287,-0.612159913805433,0.106832811443488,-5.73007398695347,1.00386838997041e-08,5.86408825142847e-08
"GAS6-DT",16.6243092914677,-2.20149799822482,0.544205431541677,-4.0453436710255,5.2246421085272e-05,0.000190670869659313
"LINC00565",15.5173763164967,1.20109470289388,0.468918711941162,2.56141346529287,0.0104247207820884,0.0250552004819973
"C13orf46",34.9008774528518,1.30772852693472,0.340294990780905,3.84292617394619,0.000121576048448599,0.000419716852316513
"RASA3",384.810907504079,0.29959238580345,0.105012836736165,2.85291203546998,0.00433206112679168,0.0112896707976736
"CDC16",708.488846770824,-0.197237607626165,0.0866456056215213,-2.27637173531596,0.0228237698982452,0.0499947924317829
"CHAMP1",624.541280533592,-0.633616058486713,0.0911239510480556,-6.9533426854216,3.56730715593291e-12,2.8763508839851e-11
"TTC5",251.752923362629,-0.550996201349013,0.123854506825377,-4.44873759923703,8.6376462883521e-06,3.5668887204948e-05
"CCNB1IP1",650.174054807853,0.430375081587618,0.0879561016545243,4.89306680823638,9.9276687134701e-07,4.60387333724768e-06
"PARP2",513.555762065002,-0.621848029032182,0.121151287997314,-5.13282226967301,2.85429415006309e-07,1.41856687474592e-06
"TEP1",1487.88664188907,0.54433514111775,0.0809035889317923,6.72819522971551,1.71780344602051e-11,1.30398213566705e-10
"OSGEP",139.088327813268,-0.541125948583802,0.162623261158962,-3.32748184194179,0.000876347001666356,0.00261771081004963
"APEX1",1519.17961810233,-0.516186535367617,0.0872158455268692,-5.91849488185713,3.24901114339002e-09,1.99286690997384e-08
"PIP4P1",333.603648401413,0.334971394167042,0.108634530174748,3.08347073097488,0.0020460123529901,0.00570387517270866
"ANG",61.4503244478407,1.62646130846398,0.26036523223941,6.24684522766244,4.18825699869438e-10,2.7677513521625e-09
"RNASE4",108.85377972246,1.28803382817724,0.179654971794886,7.16948612837611,7.52797959036991e-13,6.40820596117412e-12
"NDRG2",120.448211498886,-0.521710063532219,0.176269641270209,-2.95972726654883,0.00307911498431883,0.00828437311621524
"ARHGEF40",125.710064989946,-0.57507786696944,0.170867854195346,-3.36562936122542,0.000763692483334662,0.00230373321763876
"ZNF219",143.397861444965,0.584088140176804,0.157400043782254,3.71085119255002,0.000206563509019288,0.000686931351916699
"LINC00641",569.836455034441,0.493231442895209,0.108054222966643,4.56466604778113,5.00290087769387e-06,2.1344052253059e-05
"HNRNPC",5959.5501121465,0.144747605435195,0.0629575578004282,2.29912992962714,0.0214975624242878,0.0474647846665144
"SUPT16H",3410.03669001447,-0.397566195644517,0.0645138879197207,-6.1624901004143,7.16098091762585e-10,4.62537767442779e-09
"RAB2B",424.504860406664,0.423256379222148,0.104125410657553,4.0648711640058,4.80590019985705e-05,0.000176353344535988
"TOX4",655.065051266804,-0.505381552970808,0.104286745040805,-4.84607658214921,1.25926923755364e-06,5.75096070196507e-06
"METTL3",400.865484819808,-0.969689214373687,0.114783560162172,-8.44797994594057,2.96386274699493e-17,3.48473899244056e-16
"ABHD4",259.556875454594,0.719917305627585,0.132975922067619,5.41389218765112,6.16693062509367e-08,3.31645051610901e-07
"MRPL52",199.446235228013,-0.885869217451535,0.154286573803632,-5.74171294113396,9.37236045127077e-09,5.48374375624515e-08
"RBM23",816.89678111733,0.308971011404762,0.0816824417481605,3.78258784620282,0.000155206291026575,0.000526439407225656
"PRMT5",1418.63499858429,-0.239767382959869,0.0802142562673405,-2.98908690446204,0.00279812533003296,0.00760214330959204
"HAUS4",283.121803418889,-0.498283542866838,0.120991388943805,-4.11833889350812,3.81613216778864e-05,0.000142470515425148
"CDH24",173.322018229727,-0.597123217874636,0.145841326294064,-4.09433480240464,4.23382153427774e-05,0.00015676535415907
"ACIN1",1803.28544894789,0.271472662734684,0.073209051502686,3.70818440018613,0.000208750623213109,0.00069369260205116
"C14orf119",489.086139607311,0.288049569154066,0.0976522674011555,2.9497478842018,0.00318033334127524,0.00852868856296445
"HOMEZ",181.427394431012,-1.06768151673126,0.147330148579129,-7.24686377518873,4.26532567352464e-13,3.7097217163411e-12
"PPP1R3E",103.384948748933,0.731511807378221,0.196128274296654,3.7297621161535,0.000191660633588309,0.000640800793672527
"BCL2L2",464.338765514566,0.46778436435782,0.103041440610971,4.53976925772925,5.63158228353082e-06,2.38680019594329e-05
"PABPN1",56.1343173582787,-1.56471614629135,0.269507368120935,-5.80583810083153,6.40448249988659e-09,3.81790205525823e-08
"THTPA",67.5597806064071,-1.13540902260106,0.235926625560633,-4.81255144434414,1.49015496763102e-06,6.75404493754491e-06
"AP1G2",314.925382517495,0.551150211969535,0.112557067683687,4.89662909057299,9.74946102499107e-07,4.52588967365698e-06
"AP1G2-AS1",98.9615985487743,0.528567494828905,0.207079129582686,2.55249042186963,0.0106955850278263,0.025623846507915
"DHRS2",111.128071828375,-1.57686204911972,0.205710286926104,-7.66545063293874,1.78204401110007e-14,1.72749946874849e-13
"DHRS4-AS1",159.88463917684,-0.58944750878667,0.15196508229361,-3.87883518957206,0.000104957831575702,0.000365991695593212
"DHRS4L2",59.4911864912228,-0.860532201693241,0.266425235901022,-3.22992001408204,0.00123824854596993,0.003597948572545
"PCK2",164.934164775232,-1.16255733678488,0.164902142873241,-7.04998319929979,1.78939395088453e-12,1.47379654428199e-11
"DCAF11",517.852185981953,-0.66072488552355,0.100119639605672,-6.5993534148331,4.12954826869248e-11,3.02883961538898e-10
"PSME1",826.713395219042,-0.290515629261562,0.0845972805148579,-3.43410127953863,0.000594522014108148,0.00182924384774508
"EMC9",124.835291379605,-0.474020644038029,0.174948360197994,-2.70948892291169,0.00673869552869006,0.0169039577007967
"PSME2",687.754532294868,-0.624323269380778,0.0960407193815236,-6.50061008915022,7.99949232001737e-11,5.6710799016142e-10
"RNF31",432.527084048997,-0.539573769921081,0.10088513453565,-5.34839718859086,8.87365596983073e-08,4.68401154751961e-07
"IPO4",478.531206229949,-0.4283698163133,0.0980622133773562,-4.36834741497091,1.25190235916054e-05,5.04484177424689e-05
"NEDD8",330.922571448345,-0.281679204355633,0.121946643991313,-2.30985613983521,0.020896119997022,0.0463013621623428
"GMPR2",501.641203496958,-0.395459450758443,0.100313873713433,-3.94222091241491,8.07305649304405e-05,0.000286895190418353
"TINF2",267.055348498123,-0.354034132468651,0.132030358807816,-2.68146004953289,0.00733016662981346,0.0182630903962213
"RABGGTA",252.443123212153,0.524723382335203,0.12383166406619,4.23739264340928,2.26130484278441e-05,8.77875367768587e-05
"DHRS1",106.54895051791,-0.699210785972721,0.183196368044824,-3.81672842881711,0.000135232874780174,0.000463225933551323
"NOP9",437.460333148682,-1.21502610199746,0.106362884535512,-11.4234030724485,3.19474340370719e-30,7.58530578105498e-29
"CIDEB",46.8265797653642,-1.02631867195157,0.294620938800746,-3.48352250905587,0.000494861506394283,0.00154329746672905
"KHNYN",912.459878998256,0.55434133371866,0.0837401251147849,6.61978153195746,3.59730113540547e-11,2.64384028389649e-10
"G2E3-AS1",12.5191192048297,-1.6860169298604,0.586343252172582,-2.87547767218808,0.00403416676705496,0.0105822007727944
"G2E3",820.583688743072,-0.317737793089372,0.0884925797690301,-3.5905585973274,0.000329970034972781,0.00106128681068079
"SCFD1",856.084203379802,0.520626780095731,0.0788951559733024,6.59897016075243,4.14023624784461e-11,3.0342089232374e-10
"AP4S1",115.829733234862,-0.683105947118936,0.1781252910733,-3.83497448904004,0.000125577327762659,0.000431958202636167
"HECTD1",4253.50717088442,0.412646555741311,0.0600654480269077,6.8699488523994,6.42249274090743e-12,5.06963388891339e-11
"DTD2",173.687671359536,-1.47840164284088,0.155678080707434,-9.49653050784482,2.16999873667312e-21,3.27791678403908e-20
"ARHGAP5",2807.58094033783,0.404865614319925,0.0622380213156053,6.50511706127153,7.76329021085427e-11,5.51230310834534e-10
"NPAS3",6.60097642711672,3.2001135910717,0.900172387235468,3.55500083811681,0.000377977884599305,0.00120302710320807
"EGLN3",755.209451090266,4.32274989625951,0.120447183614521,35.8891737152944,4.50685391202288e-282,3.00807460550238e-279
"SPTSSA",462.192092939111,-0.26941880781828,0.114901498520181,-2.34478062765177,0.0190382774723309,0.0427152388357664
"EAPP",325.682472221072,-0.283246155874419,0.119199071604706,-2.37624464738898,0.0174898623141644,0.0395960815029594
"SNX6",1366.68862455831,0.475891762943005,0.0760903460245944,6.25429884086983,3.9930576705146e-10,2.64554751030675e-09
"CFL2",665.721174375682,-0.489539097884357,0.0916354503544179,-5.34224577923685,9.18020668245433e-08,4.8302629087448e-07
"SRP54",734.958830620594,-0.292784182633172,0.0838112478345513,-3.49337577232052,0.000476954839400983,0.00149144597620078
"PRORP",567.16372557975,-0.437750768017154,0.0944540609790631,-4.63453623358964,3.57738573308375e-06,1.55682367292688e-05
"NFKBIA",767.906906215714,0.385924593767136,0.0851229217581062,4.53373293346084,5.7950293107267e-06,2.45203623405977e-05
"RALGAPA1",919.732566434446,0.72628124233587,0.0780945651886231,9.30002287075511,1.40415477675728e-20,2.0439639121117e-19
"NKX2-1",15.5818147278016,1.64935094533578,0.483203888137676,3.41336439094597,0.00064166083728706,0.00196288744674081
"NKX2-8",17.5121345555401,-1.2185354417378,0.478821688889357,-2.54486267020242,0.0109320722820417,0.0261247678815373
"PAX9",62.5260121711462,-0.673334116097314,0.240662642352031,-2.79783397006167,0.00514465503773364,0.0132369829290403
"FOXA1",27.0277528162554,1.04184231586622,0.351454554882597,2.96437277990107,0.00303300623925325,0.00817496342171445
"SEC23A",1768.28264309388,0.242118114540856,0.0662811335256221,3.65289640750125,0.000259298859534144,0.000846833045970426
"TRAPPC6B",535.598990366016,0.345277576074337,0.102932369640609,3.35441200158787,0.000795338457107232,0.00239119024616774
"PNN",1056.67462195617,-0.297503761098964,0.0888972524571662,-3.34660243006174,0.000818084489068984,0.00245343660800668
"MIA2",574.879966681537,0.447238071101316,0.0901447790847386,4.96133082406137,7.00118324475236e-07,3.31237393682547e-06
"FBXO33",361.544598751744,0.386771378638646,0.115486385252686,3.34906472128629,0.000810848522203289,0.0024347620402742
"KLHL28",550.874230136597,0.985637553021106,0.103970256884436,9.47999536171824,2.54294375809504e-21,3.82524119070373e-20
"FKBP3",250.034715340012,-0.572084556613819,0.142466872488872,-4.01556198026672,5.93043102995075e-05,0.000215164682083234
"FANCM",354.17197400865,-0.611659342657987,0.110184360479807,-5.5512355836569,2.8365751445533e-08,1.57966380346091e-07
"MIS18BP1",655.874409867365,-0.897318386202817,0.0978000077536624,-9.17503389634664,4.51432414921463e-20,6.34575939882971e-19
"LRR1",210.54445057476,-1.20601873418143,0.142891855934173,-8.4400802711739,3.17119806414054e-17,3.72058335376801e-16
"MGAT2",373.578249900247,-0.56646003870831,0.105593954375255,-5.36451203158137,8.11683495967224e-08,4.30849728448464e-07
"DNAAF2",181.849373496338,-0.768342505495432,0.146374796877462,-5.24914481103364,1.52806922344468e-07,7.81644492639697e-07
"POLE2",170.548243141067,-1.59107310049183,0.159750829422336,-9.95971730629007,2.28712118210984e-23,3.88099913585701e-22
"KLHDC2",255.1105301308,-0.321894155301392,0.12239754862715,-2.62990688058591,0.00854082591245344,0.0209293206103241
"RN7SL2",21352.977325705,0.223552793990226,0.077124322534438,2.89860301710144,0.0037482915013901,0.00989568724678451
"ARF6",2602.63438084734,0.23371848429362,0.0717740756645566,3.2563078260447,0.00112871308639174,0.00330525487973116
"LINC01588",129.909333051345,1.16534321576788,0.172958119502727,6.73771904504034,1.60892284903345e-11,1.22546063662011e-10
"SOS2",656.905321533466,0.671130588917716,0.096743600083495,6.93720916255435,3.99921509061253e-12,3.21417465785374e-11
"L2HGDH",350.331812439097,-0.322942562186327,0.111053033638991,-2.90800306487926,0.00363744772654072,0.00964118921605977
"MAP4K5",1059.54897036949,0.669047265776119,0.0758146507761744,8.82477540853323,1.09679698260829e-18,1.41282190304389e-17
"SAV1",1805.60401784565,0.590989593834936,0.0643127816452035,9.1893023239963,3.95397461245458e-20,5.57547546878279e-19
"ABHD12B",38.5663987232794,0.803005844675899,0.313882299953216,2.55830241079407,0.0105184576491219,0.0252434578898424
"PYGL",2826.01667252076,0.488583401547033,0.0662668415176381,7.37296950265825,1.66868671537122e-13,1.49386007440162e-12
"TRIM9",122.058139652344,1.06035081565731,0.16945976601914,6.25724229748756,3.91844388759987e-10,2.60185251652311e-09
"LINC00519",32.679985367975,1.13630198913329,0.32891868657739,3.45465926839622,0.000550988673157494,0.00170344259375042
"LINC00640",46.8151603884429,1.6234548101841,0.293574180520327,5.52996454697313,3.20295513631428e-08,1.77437609933968e-07
"FRMD6",362.99255965437,0.784158778752603,0.10925081448033,7.17760121498942,7.09451340909224e-13,6.05064960460252e-12
"GNG2",9.9445239286118,-1.54398711509825,0.62878495272794,-2.45550900733195,0.0140685227049305,0.0327091791595347
"ERO1A",7925.4305014626,2.80510695148598,0.0743348276879953,37.7361061931807,0,0
"PSMC6",950.686651421472,0.204745854101733,0.0761914240605887,2.68725590348483,0.00720417360266277,0.0179690536323302
"GNPNAT1",926.223568043415,0.404599944163971,0.0812369593622145,4.98049099006728,6.34231554564581e-07,3.01728797381423e-06
"FERMT2",714.286226527155,0.710642889931228,0.082571947258844,8.60634771883878,7.54252357399717e-18,9.17784046772472e-17
"BMP4",1078.29061206138,-0.47170688195211,0.0850421956630541,-5.54673921897621,2.91046334296763e-08,1.61781184156754e-07
"CDKN3",211.881218245286,-1.33677531036522,0.146420292611249,-9.12971341967198,6.86808604750934e-20,9.55013724245106e-19
"CNIH1",1522.53460568011,0.247270318185849,0.0662144361543506,3.73438682781266,0.000188173083391277,0.000630075647676366
"SAMD4A",404.678389142908,0.835552348139928,0.105620445165481,7.91089591443042,2.55543121722475e-15,2.61953503786161e-14
"WDHD1",660.947063226515,-1.94965021670943,0.0959311575670978,-20.3234305324187,7.9800277221155e-92,7.98933775445797e-90
"SOCS4",882.097148940197,-0.707041744099493,0.0854223364245338,-8.27701247347792,1.26303998717113e-16,1.42972635733737e-15
"MAPK1IP1L",1968.19973389017,-0.459353114493419,0.0671873468185609,-6.83689915206653,8.09256662312955e-12,6.31872370517407e-11
"LGALS3",725.917106956046,0.349489743924197,0.0903982919402517,3.86611003839753,0.000110585058263596,0.000384127473972294
"DLGAP5",879.41976040341,-1.54755427679762,0.0925256797481207,-16.7256731429639,8.5208011004427e-63,4.95333408487348e-61
"ATG14",609.964273500645,0.873921255968807,0.089083211086061,9.8101678791589,1.0179905812797e-22,1.67230704332191e-21
"KTN1",2302.98618394262,0.318886842115569,0.0630133292140342,5.06062520569929,4.17883937783648e-07,2.03422108125314e-06
"EXOC5",1950.64162298219,0.41278057480173,0.0690305214162255,5.97968212224321,2.23573474087693e-09,1.39027521619541e-08
"AP5M1",691.353208022735,-0.412451193712477,0.091461616707839,-4.50955503039043,6.49637418946116e-06,2.72765981519757e-05
"NAA30",668.252866047355,0.469296809000552,0.0884978418120173,5.30291812084423,1.13966046703727e-07,5.91868048313503e-07
"ACTR10",462.867956743151,-0.305820888157981,0.102118200830457,-2.994773563096,0.0027464864839948,0.00747085780046343
"PSMA3",1144.62481889108,-0.346798732777467,0.0781033929529308,-4.44025182089677,8.98536730555695e-06,3.7003040268154e-05
"ARID4A",333.791402751116,0.356996357228177,0.111456398425776,3.20301357544688,0.00135997570046753,0.00392129953570005
"KIAA0586",461.300248697819,-0.675066349372456,0.0989446596235094,-6.82266584109871,8.93663678204382e-12,6.94168670039705e-11
"DACT1",78.2693696341897,0.780343491692418,0.208051710223403,3.7507189479697,0.000176328257375872,0.000593724126713489
"DAAM1",403.634341172323,1.08984158979432,0.103154199714935,10.5651693562267,4.32187866520469e-26,8.34775728034874e-25
"JKAMP",663.572074510685,0.359801627803529,0.0856308089224986,4.20177775185065,2.64827062942084e-05,0.000101368914640597
"LRRC9",11.8405620289128,-1.32926898730673,0.57046945969042,-2.33013172699568,0.0197991900235848,0.0441804362821969
"PCNX4",1166.80796665469,0.428184308860704,0.0716767186525295,5.97382688424162,2.31751726119632e-09,1.43864893434443e-08
"SIX4",600.395068752568,-0.579192364286939,0.0924641596268184,-6.26396613157505,3.75307023064137e-10,2.49848831275907e-09
"TRMT5",412.524040312381,-0.441744480542025,0.102868111948986,-4.2942800462897,1.75261136941713e-05,6.92931318303338e-05
"PRKCH",280.540912239656,0.583822490204139,0.118117068024705,4.94274451582245,7.70304011941509e-07,3.61972584072958e-06
"HIF1A-AS3",83.3206323428033,3.66929759344017,0.279244069688106,13.1401092869707,1.93946433107887e-39,6.2861666745274e-38
"HIF1A-AS2",136.561907164633,5.3635529124904,0.332080806238742,16.1513487432164,1.11105503382174e-58,5.77012183415032e-57
"SNAPC1",409.657846216376,1.3464164962178,0.102945724630696,13.0788966812161,4.34704007420074e-39,1.40139551300844e-37
"WDR89",360.819984051988,-0.377197262475819,0.113635343329982,-3.31936571336338,0.000902221864694235,0.00269098646535167
"SGPP1",310.231584934467,-0.523817728203501,0.121305278784159,-4.3181775224765,1.5732287245742e-05,6.25991495816996e-05
"SYNE2",2207.08924287262,-0.723779746777374,0.0795212502318682,-9.10171488334219,8.89165994677271e-20,1.23353813626475e-18
"ESR2",41.7642435849494,-0.70831489024475,0.297560626975774,-2.38040528897803,0.017293605957195,0.0392108798382753
"MTHFD1",1750.70607997315,-0.672202474004741,0.0695958391548668,-9.658658939494,4.51738577284119e-22,7.11606722136111e-21
"ZBTB25",641.667849091911,0.593731038945152,0.110037434461476,5.39571866475146,6.82498166441558e-08,3.65072705771544e-07
"ZBTB1",786.214058538858,1.36433400303756,0.0882887663339907,15.4530871784568,7.19149095698514e-54,3.38375609754123e-52
"HSPA2-AS1",31.6376899988176,2.22622171619618,0.358079808770058,6.21711043647746,5.06393372523924e-10,3.32327566141793e-09
"HSPA2",21.321711882029,-1.51963574001958,0.446167592185904,-3.40597516860075,0.000659281753108614,0.00201166889142742
"SPTB",74.6017298530798,-0.571424969739798,0.224354441077209,-2.54697418511607,0.0108661471138854,0.0259844529112697
"CHURC1",248.041883759839,-0.615376424444385,0.126380745725761,-4.86922609065559,1.12036163198157e-06,5.15578063583756e-06
"RAB15",159.548409556393,-0.567811806037096,0.154260094445211,-3.68087293139036,0.000232436825846282,0.000766467344661638
"FUT8",463.828584022281,-0.29344281832077,0.102930202250599,-2.8508913021111,0.00435968703595694,0.0113534566582341
"PALS1",862.424524321324,0.733855172482718,0.0832005390040571,8.82031752759358,1.14135599272906e-18,1.46916973892645e-17
"ATP6V1D",545.582477003207,0.564176517053206,0.0900554655817788,6.26476709002055,3.73383064572984e-10,2.48659874599769e-09
"PLEK2",889.213288362823,1.48082076410623,0.0835896788992045,17.7153541394969,3.19212192676706e-70,2.18727107385054e-68
"PLEKHH1",404.100709403847,0.666558777998967,0.110146807444854,6.05154877804955,1.43459831384442e-09,9.09352663165327e-09
"PIGH",209.821809122304,0.950469537387085,0.134681764825897,7.05715089652823,1.69951043987591e-12,1.40425848862925e-11
"ARG2",96.5722976696873,0.920512071328296,0.192131526642268,4.79105166869469,1.65909391460657e-06,7.48211497375499e-06
"RDH11",1256.58126042458,0.217248949789341,0.0806825374998641,2.69263903344273,0.00708889720004613,0.0177133966225778
"ZFYVE26",495.988399609436,-0.421589224099048,0.103122702762068,-4.08822900105488,4.34678948091799e-05,0.00016055235342411
"RAD51B",124.77982906531,-0.772264892885257,0.171120807921325,-4.51298063786792,6.39228597524033e-06,2.68583319094908e-05
"ZFP36L1",2988.87851437559,0.68421197883879,0.0811463443059869,8.43182751719241,3.4030832232233e-17,3.9771052377242e-16
"ACTN1",2321.64111959501,0.228884300540815,0.0639232379645066,3.58061180611506,0.000342790621374057,0.00109993441463582
"DCAF5",678.936341842431,0.615366688633658,0.0862868852014792,7.1316363685719,9.91826196134967e-13,8.39140839462358e-12
"ERH",1165.68523529148,-0.61379202443256,0.0934030729851558,-6.5714328749131,4.98333512068824e-11,3.61096430277132e-10
"SLC39A9",1773.55116133923,0.326485005443488,0.0661848949577676,4.93292322442783,8.10080028582961e-07,3.79673659170183e-06
"SUSD6",230.431291773899,0.626535992327803,0.141470936047607,4.4287258558674,9.47914194011373e-06,3.88942661436224e-05
"SRSF5",896.183409961037,-0.862903230511641,0.0806214644115116,-10.7031450843807,9.83812057098898e-27,1.95471632645857e-25
"LOC100506358",4.35683625961399,2.22720308600202,0.966920983688583,2.30339719953718,0.021256505176902,0.0470066048638847
"SYNJ2BP",554.365077964564,-0.742680882292193,0.092557376518896,-8.02400532755563,1.0235186070422e-15,1.08054064543102e-14
"ADAM20P1",20.4930167480751,1.38211076728198,0.423517090346643,3.26341202937227,0.00110079352905955,0.00322821809392711
"ADAM20",24.1029909155571,1.28641808649632,0.431448700062465,2.98162466664071,0.00286723281506405,0.00776881710423534
"TTC9",111.84975987184,1.09068481430263,0.185804864695912,5.87005521135113,4.35650035929816e-09,2.64160474343581e-08
"MAP3K9",717.512329130111,0.813845629558787,0.08902529399797,9.14173481502173,6.14583887621076e-20,8.57230359041751e-19
"PCNX1",1537.41339629947,0.207370443827528,0.0793193225383177,2.61437487350388,0.00893908965827785,0.0218015069335262
"SIPA1L1",729.786869472303,0.244780138658106,0.0813839203768174,3.0077211508704,0.00263214533586417,0.00717716615185477
"RGS6",59.3159160854445,-1.53389144307942,0.257234290914076,-5.96301308674193,2.47628581008404e-09,1.5329833934567e-08
"DPF3",27.0947965719734,1.06691490423323,0.35797547755859,2.98041338336816,0.00287859632737935,0.00779726204955709
"DCAF4",129.95637763099,-0.405086486526064,0.171777098168543,-2.35821009229417,0.0183632969083636,0.0413707930473334
"ZFYVE1",387.174584083607,1.15864279954596,0.105887421519833,10.9422137484852,7.24098959780138e-28,1.51909049525004e-26
"RBM25",1622.62356869087,-0.16535357591504,0.0689580072819677,-2.39788796736705,0.0164899078894589,0.0375397460934739
"PSEN1",782.18746341134,0.446036033618966,0.0810287424450081,5.50466439636131,3.69872176447696e-08,2.0358785863665e-07
"PAPLN",116.732971022783,-0.661602462147758,0.185591552485156,-3.56483069023669,0.00036409114098313,0.00116120861109001
"NUMB",771.633747768898,0.437737031059711,0.0839177364578779,5.21626356401344,1.82568351847126e-07,9.25996135276402e-07
"RIOX1",27.2988559779673,-2.53519120666446,0.439489966479766,-5.76848483475261,7.99874093693911e-09,4.71834076676202e-08
"DNAL1",346.602665547253,0.33119922220464,0.106250473482817,3.11715525915471,0.00182605376129451,0.00514096466681588
"PNMA1",260.419472775229,-0.393481241171215,0.131864964201488,-2.98397109159322,0.00284533652942019,0.00771993519974122
"MIDEAS",1001.99526930301,0.925217636140148,0.0959518197271564,9.64252307846843,5.28721659515797e-22,8.25657974535024e-21
"PTGR2",179.359662459259,-0.905379048605778,0.1470133323165,-6.15848259705194,7.34452534002385e-10,4.73883605988435e-09
"ZNF410",633.551826956692,0.216470321377806,0.0895816249358724,2.41645897283922,0.0156722923033194,0.0358915211079068
"FAM161B",132.085931286474,0.752936309159364,0.16290615262882,4.62190222412853,3.80237230901501e-06,1.6503504667813e-05
"ENTPD5",314.627282411287,-0.456058846839911,0.115689245913188,-3.94210233838098,8.07704971026056e-05,0.000286980506365547
"ALDH6A1",248.014847082994,-0.767916776457389,0.134811530189658,-5.69622476191059,1.22489377864901e-08,7.10682897135667e-08
"LIN52",178.557019271254,-1.48595979270541,0.161289843525316,-9.21297807863631,3.17199812161351e-20,4.51164784132574e-19
"ABCD4",297.340096645919,-0.361433460659851,0.119728159552595,-3.01878406893142,0.00253791348131856,0.006941226111222
"SYNDIG1L",2.25652456735897,3.92572742896939,1.60149080027264,2.45129564796817,0.0142342985303536,0.0330391929180193
"NPC2",621.713918554163,0.351434572680415,0.0934407466023097,3.76104200211654,0.000169207011368754,0.000570705512235881
"ISCA2",189.129738803548,-0.490794920404477,0.143662124116927,-3.41631396181374,0.000634750183956114,0.00194372694393766
"LTBP2",125.964569780749,0.926813230603296,0.176732731771125,5.24415155763875,1.57003107676903e-07,8.01743554390897e-07
"AREL1",1111.36785950408,-0.211242391410881,0.0732297047158531,-2.8846544203687,0.00391843534028724,0.01031164183226
"PROX2",49.8580509633981,1.36697220364949,0.269563730192704,5.07105389390584,3.95618707519667e-07,1.93000669415591e-06
"DLST",1022.89589282848,-0.33834933187517,0.0790109788133903,-4.28230781287104,1.84964868851833e-05,7.27784257986654e-05
"RPS6KL1",56.2278673323029,-0.597633181948774,0.254324188097927,-2.34988730886524,0.0187790955619651,0.0422230918430658
"MLH3",382.632166357483,0.321798859066309,0.115323949180023,2.79039055941429,0.00526444946056703,0.013516262106978
"ACYP1",94.6837399470455,-1.38527889160599,0.209159162597046,-6.62308490053954,3.51778833963843e-11,2.58856936172414e-10
"FOS",150.983796815227,0.429577637592286,0.178525249785605,2.40625703147412,0.0161169208159208,0.0367649405093302
"ERG28",941.939280944482,0.934558115018174,0.0915169861451991,10.2118541527954,1.7547902931379e-24,3.10639252187015e-23
"GPATCH2L",2895.9754496997,1.15175156426419,0.0666112182322424,17.2906545598456,5.53205210651911e-67,3.49800389514319e-65
"ANGEL1",255.288063026676,-0.976795844639502,0.128690359310524,-7.59027987700726,3.19215239048317e-14,3.03566112025843e-13
"IRF2BPL",1259.67545671375,0.582564629458455,0.0894528761566115,6.51253100502345,7.38949548864422e-11,5.25724825111952e-10
"CIPC",355.42372186601,-0.675559725378852,0.109408943948366,-6.17462979715512,6.63186794792612e-10,4.29284814258537e-09
"VIPAS39",249.193791112208,-0.366480379553035,0.131064927957184,-2.79617427228707,0.00517115078407898,0.0132975611129976
"AHSA1",958.978353594158,-0.834264274785578,0.0874790616455006,-9.53673095130288,1.47405644940265e-21,2.23979521708981e-20
"SLIRP",358.441912744828,-0.426578341850068,0.115472935416276,-3.69418461834601,0.000220593493078018,0.000730353727495677
"ADCK1",53.4996069166163,-0.858920622300176,0.257012883380432,-3.34193605784655,0.000831962237435495,0.00249256716223193
"GTF2A1",799.697590484347,-0.57475176853296,0.0906531244232352,-6.34012089698748,2.2958493298075e-10,1.56539919683924e-09
"SEL1L",2041.33460725331,0.243685625274715,0.0639771623710469,3.80894707179129,0.000139559825071324,0.000477412226197862
"PTPN21",284.350611770286,0.330347313239033,0.128702963826971,2.56674208127137,0.0102658939272068,0.0247097201098161
"TTC8",189.260796484105,-0.736376615719714,0.146451463185578,-5.02812740618783,4.95292767952251e-07,2.38463023544417e-06
"FOXN3",700.685896616023,0.579333792934751,0.0846573495613542,6.84327817887669,7.74011391010663e-12,6.0619118980457e-11
"EFCAB11",109.04136035123,-0.788398005110777,0.184388509982243,-4.27574367397785,1.90500307277619e-05,7.48094582142072e-05
"TTC7B",487.243687349633,0.236169031799314,0.099241279894908,2.37974592880509,0.0173245784260891,0.0392712236247236
"PPP4R3A",1427.66378534217,0.345539826829284,0.0692025073737956,4.99316917756837,5.93964851157325e-07,2.83620577178224e-06
"CATSPERB",24.5624942529325,1.08961420488695,0.374967628943987,2.90588872419628,0.00366211657193175,0.00969516714305598
"TC2N",305.678239850906,0.420776629316012,0.120145382122475,3.50222889871103,0.000461383053397833,0.0014465177462217
"NDUFB1",86.6962494581641,-1.1510533823841,0.227951026889115,-5.049564365174,4.42818720196155e-07,2.14748012827097e-06
"CPSF2",1235.78464842281,-0.707698623780162,0.0750121110209144,-9.43445817146575,3.93020220626816e-21,5.85340280654202e-20
"LGMN",574.803314856475,0.804360658859984,0.0926533434553654,8.68139916880037,3.90929538261822e-18,4.86193320152954e-17
"GOLGA5",537.049904713794,0.376551124941592,0.0983907265776909,3.82709974851401,0.000129661980832042,0.000445583248774642
"LINC02287",4.39072460784869,3.38129119225407,1.13553799282681,2.97769974550713,0.00290420337098037,0.00785953580844531
"ITPK1",619.393907843808,0.20282166456452,0.0858437159465696,2.36268505304173,0.0181430808937024,0.0409360787261062
"MOAP1",172.049781192734,-0.829302107280589,0.156331708526023,-5.30475944451502,1.12821676069995e-07,5.86431907833108e-07
"GON7",71.7915489788661,-0.945861645401829,0.224409240836976,-4.21489615077374,2.49893150489321e-05,9.6389650363186e-05
"UBR7",642.043159923797,-0.766062428788905,0.0884129950808166,-8.66459085667963,4.53137379198693e-18,5.60153540666855e-17
"BTBD7",1104.14626397443,0.480796751249455,0.0779483924919963,6.16814197032765,6.90970932952126e-10,4.46627947730641e-09
"PRIMA1",26.4396242644353,-1.09057749357845,0.378505058153138,-2.88127587752662,0.00396068802449922,0.0104091525287298
"OTUB2",244.235327718068,0.857519079974515,0.124922496338776,6.8644087742933,6.67671907871557e-12,5.26339258606882e-11
"DDX24",1341.25779114196,-0.265317101093267,0.0849116891763649,-3.1246239907228,0.00178032472810459,0.00502163592505445
"IFI27",43.4956347831896,-1.04897114485402,0.286606870251534,-3.65996510807089,0.000252249594200046,0.000826357014557177
"IFI27L2",62.1264410967732,-0.612807677493768,0.249836994422511,-2.45283000986403,0.0141737301517808,0.032928295870213
"SERPINA1",144.960380995517,1.12249541838404,0.172024361518183,6.52521194368965,6.79054435890666e-11,4.84259595931369e-10
"CLMN",1004.48686880812,0.815850700311107,0.0838834547571771,9.72600261485179,2.33592680511204e-22,3.74850729785611e-21
"SYNE3",491.510941367424,1.87439168451703,0.10067493370981,18.6182559595207,2.28536646952424e-77,1.81429908137869e-75
"GLRX5",409.0641455443,-0.362637388383499,0.103349793452548,-3.50883515359902,0.000450073769508949,0.00141302777009073
"C14orf132",103.416253045848,-1.10846914648083,0.194659256733215,-5.69440757703092,1.23801025420129e-08,7.17599961111658e-08
"PAPOLA",4762.31237493309,0.380162789882978,0.0607391617695995,6.25894034107749,3.87602102450172e-10,2.57558166971038e-09
"VRK1",449.344578150085,-0.887390033372724,0.109896183500496,-8.07480301050417,6.75856661464285e-16,7.23684664067016e-15
"BCL11B",128.784527946103,2.18553057731878,0.178100940772147,12.271302823239,1.29158211545726e-34,3.62548306894943e-33
"EML1",134.761184467722,-0.434888779434448,0.166624127529914,-2.60999883919196,0.00905425298955632,0.0220435953964867
"YY1",1985.56750256525,0.515694392178228,0.0651873180622021,7.91096194026803,2.55407611394575e-15,2.61953503786161e-14
"WARS1",1444.86942398776,-0.192307328660749,0.0725495883646985,-2.65070185779749,0.00803247122538967,0.019818341176444
"WDR25",95.8851144221235,-0.484718618373966,0.193266942915874,-2.50802652052585,0.0121407554645987,0.0286522464939148
"BEGAIN",52.1803062867331,0.831511365037428,0.251937734897163,3.30046376489349,0.000965251772805541,0.00286098720357379
"MEG8",5.5720608431,2.3362708283519,0.880138078865357,2.6544367122074,0.00794409399456365,0.0196298529927371
"PPP2R5C",1863.81594419036,0.406671571037787,0.063900354639403,6.36415201969819,1.96371576562286e-10,1.34914684759015e-09
"DYNC1H1",13154.2637892428,0.535289205721199,0.0511207981557259,10.4710651052549,1.17315497220861e-25,2.18629015037967e-24
"HSP90AA1",25436.1951511005,-0.388248984107412,0.0669174101152502,-5.80191288692644,6.55626232331519e-09,3.90192877570882e-08
"ZNF839",209.401822527344,-0.692741604404827,0.139266112569416,-4.97422949218558,6.5507667714816e-07,3.10825086858531e-06
"TECPR2",291.029002690042,-0.357739351999849,0.123195871313397,-2.90382581969649,0.00368633181469578,0.00975354362540489
"ANKRD9",158.483625967997,0.373946062275412,0.154224040422722,2.42469371993135,0.0153213066379672,0.0351860923821596
"LINC02323",24.1742390326674,-1.12569776450756,0.390055741467624,-2.88599203865582,0.00390182027156607,0.0102724182781435
"RCOR1",1267.90304863233,0.640998684908261,0.0756045985354499,8.47830287211572,2.28502495695854e-17,2.71089103024028e-16
"CDC42BPB",1730.50089542389,0.3261372405309,0.0673860586152325,4.83983255932967,1.29948567693369e-06,5.9256152287505e-06
"TNFAIP2",807.704852680526,-0.211579507384287,0.0816252931047405,-2.59208266624894,0.00953968457214587,0.0231068085584194
"EIF5",3902.27612617346,0.182327882454656,0.0561426406181198,3.24758295027204,0.00116389732173454,0.00339944791490733
"MARK3",988.519920668506,0.606648428666221,0.0754985341016776,8.03523453646421,9.34000697871919e-16,9.88351531200813e-15
"TRMT61A",94.2611733535321,-0.762653667886886,0.213747779930166,-3.56800743444472,0.000359706300582847,0.00114893074136893
"COA8",311.06417571488,0.716178786513737,0.119121526451608,6.01216931857129,1.83056975284664e-09,1.14769811292532e-08
"LINC02691",2.33914061938907,5.02760759795267,1.58662991171818,3.16873365415645,0.00153104629638651,0.00437119539087157
"SIVA1",203.481967440295,-1.07172515806834,0.142714816169822,-7.50955777985271,5.93274293563281e-14,5.51956429752395e-13
"AKT1",1201.19977260791,-0.190436929731536,0.0785603310007365,-2.42408512420538,0.0153470076636883,0.0352316465104874
"ZBTB42",69.9381459521602,-0.627721200099013,0.230604406101759,-2.72206941190021,0.00648745146134686,0.0163237032651399
"AHNAK2",5291.3531539946,1.00829985374092,0.0645072799819848,15.6307916567325,4.49187475588994e-55,2.16438703144098e-53
"CLBA1",100.669837121738,-0.605034616368705,0.195376689158287,-3.09675949047601,0.00195648540671812,0.00546972130227539
"CDCA4",619.537665102005,-0.667986505566355,0.0895911186102623,-7.45594558844853,8.92255649019187e-14,8.17870755390375e-13
"JAG2",810.715362823057,0.39391950116347,0.0881980528289542,4.46630609779348,7.95817241052437e-06,3.30295313242883e-05
"BTBD6",354.363002945118,0.281194911734351,0.111494158004751,2.52205960174497,0.0116669938325838,0.0276500389080738
"LOC100507437",21.3599391062502,-1.68707226038393,0.442423775731625,-3.81324954246426,0.000137151506929865,0.000469610970208464
"CRIP1",443.408253743376,-0.566648383448862,0.12122015744405,-4.67453924658035,2.9461429436999e-06,1.29430624057572e-05
"TEDC1",100.329789212545,-1.3492162832443,0.206903875481764,-6.52098120493261,6.98489380835912e-11,4.97922354906803e-10
"TMEM121",20.1953583964908,-0.995629245553858,0.429786116000739,-2.31656912237748,0.020527215017806,0.045593833392461
"NIPA1",1104.99101766021,0.518057098048101,0.0742827678237702,6.97412217160714,3.07786530970804e-12,2.49062464060389e-11
"NIPA2",517.055734665862,-0.460299825231655,0.0942600197564751,-4.88329862884455,1.04325686553152e-06,4.82188560496113e-06
"TUBGCP5",294.150290584568,-0.729515494629399,0.120787686058711,-6.03965121307815,1.54447714739211e-09,9.75570370597727e-09
"MKRN3",111.858266388313,0.616721055194753,0.178398921210036,3.4569774918575,0.000546270474052017,0.00168972540557696
"UBE3A",2069.37455987708,0.351078305743165,0.0648175975050522,5.41640417505138,6.08095565934151e-08,3.27216786912491e-07
"HERC2",1818.50445182736,-0.232516439848134,0.0713933530844068,-3.25683596305156,0.00112661519185646,0.00330018406574207
"NSMCE3",177.982474902874,-0.405487101192733,0.14266667678322,-2.84219910588417,0.00448035010703446,0.0116374155778132
"ARHGAP11B",153.273029671231,-1.04030372246287,0.164700064844258,-6.31635284082363,2.67808220396018e-10,1.81639892350645e-09
"LOC100288637",212.416177215062,-0.631806898150591,0.138941438313056,-4.54728917320574,5.43413107239915e-06,2.30691345243122e-05
"FAN1",350.592163295215,-0.503376253348134,0.109252389159117,-4.60746220034611,4.07613272923147e-06,1.75984638029421e-05
"MTMR10",449.486160969119,0.652598780981641,0.102295026026751,6.3795749053427,1.77580212091056e-10,1.2251810880907e-09
"ARHGAP11A",868.362571431342,-1.01588658215326,0.0819607606628158,-12.3947920192272,2.78868309989558e-35,8.00236594637233e-34
"NOP10",498.624679389471,-0.270609348822768,0.115058079837193,-2.35193694528607,0.0186759405089035,0.042026717139306
"LPCAT4",304.480879512083,0.393530425282873,0.113952811951041,3.45345076216242,0.000553463329776619,0.00171079977116714
"GOLGA8A",750.689696649375,1.41756006357879,0.105175918478222,13.4779908185191,2.10768468465141e-41,7.31841728364221e-40
"GOLGA8B",706.73947056191,0.698716224730256,0.101995190870545,6.85048205475769,7.36015447434425e-12,5.77186004273968e-11
"GJD2-DT",3.409489179644,5.57032719700965,1.47235121001491,3.78328700320981,0.000154770774932323,0.000525159882330145
"AQR",899.497092626159,0.189284808748978,0.0767542925650393,2.46611365206166,0.0136587988113977,0.0318304944239231
"DPH6",120.150756767453,-0.81685076415263,0.186691484780244,-4.37540450821392,1.21207495460659e-05,4.89200509674478e-05
"LINC01852",4.8902882355033,-2.24910097789249,0.983960790987176,-2.28576280528011,0.0222681387565004,0.0489263750952078
"SPRED1",1133.15097211523,0.554230313844536,0.0924619040395001,5.99414774767959,2.0455533674544e-09,1.27421075820587e-08
"FAM98B",758.552773024356,-0.715828690008299,0.0828497940218822,-8.64007808902018,5.61746126710358e-18,6.90063186738062e-17
"RASGRP1",142.114197003594,0.826435639448556,0.169750692673837,4.86852587421535,1.12433803327099e-06,5.17011883071612e-06
"THBS1",347.176201021493,0.484270193620384,0.1167611974803,4.14752678176405,3.36086165558138e-05,0.000126627823322668
"GPR176",22.3103354901744,-1.01171719444022,0.399276762159236,-2.53387447085323,0.0112809135077785,0.0268551310863509
"EIF2AK4",1083.52887707912,-0.423887245453,0.0754178860849591,-5.62051348105257,1.90390733572982e-08,1.07961970098134e-07
"SRP14",666.718235477724,-0.415522750286639,0.103985295284688,-3.99597605747073,6.44282456690967e-05,0.000232491272567639
"BUB1B",1021.42934537183,-1.13396750611939,0.0849784683387592,-13.344174451332,1.28081607627953e-40,4.33864408094612e-39
"INAFM2",113.072034045043,-0.634080645443305,0.19193648274682,-3.30359625418221,0.000954531947366814,0.0028324749256541
"KNSTRN",449.000841806366,-1.17687653796952,0.11853167089601,-9.92879395922812,3.12006336467034e-23,5.245024430478e-22
"IVD",508.576963460284,-0.985799258749221,0.107125172302596,-9.20231200155871,3.50329416238088e-20,4.95548383832542e-19
"CHST14",99.3592674546185,-0.485408879253865,0.195632611960099,-2.48122679746702,0.0130931036356779,0.0306509249959148
"RPUSD2",105.930872665045,-1.11649761143717,0.201700883799725,-5.53541258919703,3.10496557709926e-08,1.72167952815095e-07
"KNL1",1403.07717534832,-1.01759903747093,0.0725532753317639,-14.0255423730736,1.08777328915838e-44,4.15312763642439e-43
"RAD51",176.796514766521,-1.22726857984132,0.157613662395424,-7.78656216211973,6.8857050651361e-15,6.85186587403741e-14
"RMDN3",223.414410460515,-0.479705392633947,0.131550419605668,-3.64655159650498,0.000265783129635456,0.000866282832186751
"ZFYVE19",295.503019807448,1.14960944968535,0.122237203358922,9.40474273049078,5.21576461730229e-21,7.71701922564898e-20
"SPINT1",1154.00289432439,0.734967768261345,0.0718627837986817,10.2273768063356,1.49514424155439e-24,2.64936031239446e-23
"VPS18",316.357580222549,-0.374220839566037,0.116522252147046,-3.2115826176599,0.00132006007891247,0.00381536530586714
"DLL4",33.9885678280914,1.32670138296259,0.317826202428608,4.17429832035514,2.9890587420473e-05,0.000113497318985323
"CHP1",2014.60433296998,0.302457702913026,0.0662176667331997,4.56762851720026,4.93273240207469e-06,2.10796231012065e-05
"OIP5-AS1",1732.54183737687,-0.77955269798142,0.079418495941932,-9.81575751008181,9.63118779678816e-23,1.58360981100291e-21
"OIP5",116.287107202537,-1.28452097355123,0.186521859007901,-6.88670475612631,5.70995540800853e-12,4.53300028227849e-11
"NUSAP1",1551.31782130294,-0.977391473909204,0.0800138921094902,-12.215272225125,2.57637651147819e-34,7.18713329927996e-33
"RTF1",564.377647731341,-0.268919824778201,0.0894468890728254,-3.0064748764963,0.00264295892736195,0.00720120393558961
"ITPKA",41.951748348198,0.647257372814239,0.278359393754267,2.32525787646179,0.0200581752561653,0.0447029898950475
"LTK",161.557623923968,0.900605339166011,0.153233861256233,5.87732588464925,4.1694688980456e-09,2.53502020957084e-08
"RPAP1",390.562835834865,-0.256228500842643,0.109204936982581,-2.34630876517526,0.0189603931957155,0.0425669921240798
"TYRO3",385.017132740125,-0.529378563748554,0.10711368754461,-4.94221211017575,7.72411135886419e-07,3.62773549121948e-06
"MAPKBP1",472.169326884025,0.602000354756697,0.0963388733717644,6.24877926933631,4.13673038196683e-10,2.73671138815801e-09
"SPTBN5",54.6289476765246,1.06511117551772,0.254900624395795,4.17853498021987,2.93392876688773e-05,0.000111545000649966
"EHD4",1065.558865957,0.885416179948361,0.0800567119550027,11.0598619194606,1.96399639444565e-28,4.23870407476707e-27
"PLA2G4D",2.78092178097731,-3.5013162218059,1.46666923005041,-2.38725688796619,0.01697462550886,0.0385458324464675
"VPS39",606.903588492489,-0.241740252787404,0.0975894410325161,-2.47711484182861,0.0132449276903304,0.0309621016873062
"TMEM87A",1206.67964216794,0.778906531186001,0.0694926862045979,11.2084677356229,3.70552491231345e-29,8.33673713418236e-28
"ZNF106",1327.21382684281,0.555788005858038,0.0710546123119161,7.82198351063032,5.19974215847321e-15,5.23196836615554e-14
"STARD9",355.810567907089,-0.833126700838402,0.114549504295072,-7.27307120153328,3.5140497678257e-13,3.08159079639839e-12
"CDAN1",185.089700037128,-0.561204741176,0.148326595419416,-3.78357461511947,0.000154591951007084,0.000524651892485624
"TTBK2",583.414995968464,0.599207182630865,0.101021376456311,5.93148899421308,3.0019968904177e-09,1.84701215302893e-08
"UBR1",1125.6064075648,0.214539246836328,0.0760087134287206,2.82256121908338,0.00476417252942184,0.0123213480414338
"LCMT2",73.6539471377895,-1.25092766312288,0.236200885889077,-5.29603290188475,1.1834552361113e-07,6.13374944203673e-07
"ADAL",51.6827632027712,-0.883064171579389,0.269637450509406,-3.27500564150522,0.00105659863582197,0.00311076033591696
"TUBGCP4",330.89873480481,-0.342046041452048,0.113753724542998,-3.00689971098711,0.00263926819789393,0.00719223532349109
"TP53BP1",1261.09856644947,-0.250664559905293,0.0724317440940426,-3.4607003191838,0.000538772218623768,0.00166824985426442
"MAP1A",123.966639379553,-1.22876694178696,0.186636874204155,-6.58373082503975,4.58787415501585e-11,3.34187874484805e-10
"PPIP5K1",181.396923331283,-0.755252260863351,0.147815367644812,-5.10942991176775,3.23132331128025e-07,1.59451471502139e-06
"PDIA3",3976.93273131495,0.195956101620604,0.0697195611064866,2.81063303484239,0.00494441434410194,0.012752725188931
"ELL3",65.1066756319127,-0.9935196601274,0.241134832735146,-4.12018308951095,3.78571448138546e-05,0.000141422804040314
"WDR76",588.767093622076,-1.22122898380913,0.0942543809309114,-12.9567344429783,2.15216054728327e-38,6.84022667065112e-37
"FRMD5",1373.05623928958,0.513790875429396,0.0717622306391575,7.15962799446541,8.08962830972684e-13,6.87656564950884e-12
"CTDSPL2",1443.272286824,0.256423716308698,0.0706981415259312,3.62702202312695,0.000286708848335363,0.000931958902570629
"PATL2",20.3942655463817,-1.2908744184162,0.422681596445972,-3.05401141017314,0.00225803492474349,0.0062353734874046
"B2M",4398.12088700353,0.198456587479222,0.0615835877488223,3.22255644293828,0.00127052130994495,0.00368281559056104
"LOC100419583",151.556756763525,-1.34942160524886,0.167996987333932,-8.03241550139576,9.55720589753254e-16,1.01074182793095e-14
"SORD",797.342917547625,-0.403644811731638,0.0857192096217208,-4.70891896358965,2.49034047830649e-06,1.10347739757957e-05
"DUOX2",33.6574438828034,1.41855438122461,0.323885856813376,4.37979723838939,1.18789787757006e-05,4.80195326417455e-05
"DUOXA1",37.4074877616508,1.23616179951521,0.300686052367491,4.11113781228671,3.93714103932994e-05,0.000146532876228345
"GATM",19.8663658979324,-1.38381005776452,0.438001613178083,-3.15937205738529,0.00158109504315621,0.00450409639151409
"SLC30A4",195.790163462917,0.441753025529082,0.136523386857165,3.23573151603145,0.00121331447796829,0.00353176226901415
"DUT",463.197215029556,-1.02611656012306,0.10177952759074,-10.0817579371082,6.65250993035737e-24,1.15384871467729e-22
"FBN1",42.2329869279105,0.931062395974601,0.295437025016551,3.15147499174296,0.00162448073228297,0.00461747117925417
"CEP152",466.996197745077,-0.903335606339317,0.101986508369543,-8.85740301125049,8.19000156212065e-19,1.06641631611977e-17
"EID1",841.163183536435,-0.635591380019962,0.0852476283210891,-7.45582478407467,8.93073659726749e-14,8.18204393591039e-13
"SECISBP2L",1254.41367228258,0.590657487676753,0.0768323464518637,7.68761485173183,1.49903262428357e-14,1.4602198336332e-13
"COPS2",1866.13960856559,0.366223323687549,0.0633342848567942,5.78238665701555,7.3648189390302e-09,4.35294857659112e-08
"SLC27A2",104.164331820855,-2.14125501091314,0.216825585363841,-9.87547206350228,5.31819571285171e-23,8.81685418043244e-22
"GABPB1-IT1",78.9263458934325,-0.510278662937622,0.209361437252256,-2.43730970533411,0.014797000096732,0.034147360576669
"GABPB1-AS1",324.902713418252,-0.328436639715425,0.111653513362117,-2.94157012910317,0.00326552891672621,0.00873505961233828
"USP8",1439.03044991794,0.157631156863426,0.0682485206774489,2.30966408207455,0.0209067588101812,0.046319240289928
"AP4E1",455.666930314266,0.280034466736461,0.101590186815354,2.75651099299028,0.00584216488819045,0.0148582991047921
"CYP19A1",59.1798072751317,-0.646398798399663,0.270399470593449,-2.39053278092965,0.01682394718507,0.0382277584443509
"DMXL2",986.70371735518,0.230228890011257,0.0879990887685068,2.61626447765732,0.0088897669959794,0.0216988339475206
"TMOD2",360.316933543236,-0.552362752355903,0.115162441667974,-4.79637930870228,1.61559223838838e-06,7.29506081884166e-06
"TMOD3",2929.59416318232,0.362470287678482,0.0703614498363613,5.15154660004128,2.58347010844388e-07,1.29037457938656e-06
"LOC100422556",25.8029297786289,1.04768189999802,0.374049689791172,2.80091637178722,0.00509577226526585,0.0131168278806393
"MAPK6",1905.02790096419,0.315515048357237,0.06373468880165,4.95044463681556,7.40441190552266e-07,3.49123252091638e-06
"GNB5",354.861728711696,-0.343128811399869,0.113791677206721,-3.01541219729558,0.00256630229446414,0.00701142111105795
"MYO5C",889.647775176166,-1.080645984154,0.0811596293363627,-13.3150680084467,1.89200094589023e-40,6.37303720483885e-39
"MYO5A",1066.64244564154,0.481465986349133,0.0802669705282833,5.9983076872134,1.993844628077e-09,1.24458171259354e-08
"ARPP19",3823.4975034986,-0.446016713273096,0.060560411516716,-7.36482302716827,1.77382027474618e-13,1.5824759985743e-12
"FAM214A",217.435396164159,0.444759646087547,0.141145401892624,3.15107428314169,0.00162671112409356,0.00462308171696735
"WDR72",228.817245982709,-1.10118166432761,0.139567074248242,-7.88998171853188,3.02230806397779e-15,3.08060031792668e-14
"RSL24D1",1571.93374423369,0.402795872645526,0.069614153549839,5.78612038078078,7.20306035264051e-09,4.26433477710035e-08
"RAB27A",135.502300888373,-0.382665443175626,0.164413363991717,-2.32745948312878,0.0199408230337053,0.0444744519666341
"NEDD4",409.876904121603,-0.333877220337994,0.10683134552436,-3.12527394183072,0.00177639546099572,0.00501212190427492
"RFX7",908.836319626883,0.500097251651467,0.0841874162771693,5.94028506594148,2.84526875898702e-09,1.75597905156524e-08
"TEX9",80.1900740546354,-1.00914727819703,0.22159389197737,-4.55403923452947,5.26255343459563e-06,2.23882142221076e-05
"MNS1",20.89051067349,-1.41816212299167,0.437758217410911,-3.23960137488518,0.00119696908843628,0.00348699966742809
"ZNF280D",400.503132072415,-0.600661945760345,0.108972582940923,-5.51204651252487,3.54685152783277e-08,1.95766650484148e-07
"LOC145783",13.4592547527195,-1.96531010588334,0.56588775217508,-3.47296809010153,0.000514736550626971,0.00159987364243681
"CGNL1",50.5277116836664,-0.8307853598062,0.263235723555608,-3.15605096673248,0.00159920913683122,0.00455425851056187
"ADAM10",2255.57710442092,0.388822552755053,0.0694074300567253,5.60203068226667,2.11855042599294e-08,1.1971902548391e-07
"MINDY2",910.972320618292,0.91421161963361,0.0964997395174067,9.47372111267413,2.70048291585769e-21,4.05207349098014e-20
"RNF111",916.698815195255,0.592514027331424,0.0770113247186286,7.69385579973146,1.42765949321455e-14,1.39219976878893e-13
"CCNB2",701.049960072421,-1.03151171215746,0.0969878128577112,-10.6354776106847,2.03781955188084e-26,4.01350231086825e-25
"MYO1E",2202.63691811833,1.1359239815317,0.0688575864815879,16.4967150255177,3.8740223480933e-61,2.16812909114874e-59
"LDHAL6B",20.3592495109143,1.33591656078371,0.45756518336253,2.91962021884269,0.00350458191286473,0.00932605886765141
"ANXA2",15316.6070059219,0.484617642392048,0.0709237977970782,6.83293418351057,8.31951321366712e-12,6.47348651224072e-11
"ICE2",824.40394712673,-0.563067374523807,0.0807129161686025,-6.97617433804036,3.03326291419957e-12,2.45563481477046e-11
"TPM1",267.18046942195,0.371954282295885,0.122871322821874,3.02718546324358,0.00246842457665479,0.00676246264759743
"LACTB",158.556102491149,0.503870523661055,0.156973548833098,3.20990719396168,0.00132777834452693,0.00383644276843352
"RAB8B",582.576308137148,0.480666412620465,0.0969229274848329,4.95926428445614,7.07606483770047e-07,3.34422601968165e-06
"APH1B",110.269694920562,-0.548161819391039,0.185686710108969,-2.95207890252002,0.00315642264354883,0.00846708729672425
"CA12",185.233106142105,2.01208873709886,0.14905089663812,13.4993400407648,1.57783193020264e-41,5.52118625518091e-40
"USP3",989.394730522347,0.440030492728984,0.075733897800708,5.81021848217708,6.2391365206732e-09,3.72549632998846e-08
"HERC1",1167.74589485575,0.644054696416288,0.0805751089942542,7.99322153522889,1.31457599802396e-15,1.3781253089232e-14
"CIAO2A",579.410652494124,-0.598053322298396,0.089936505832147,-6.64972823621337,2.93634683919873e-11,2.17492422479245e-10
"SNX1",1026.48500442387,-0.27375148437549,0.0825036956117401,-3.3180511775346,0.000906478740004046,0.00270278844699089
"SNX22",123.888236769672,-0.452387706698936,0.172300174040319,-2.62557893059979,0.00865017507970392,0.0211706857346983
"CSNK1G1",1172.68150160842,0.542579653261699,0.0794761043139525,6.82695330810831,8.67369098243639e-12,6.74325216542218e-11
"PCLAF",743.595271423614,-1.70104040498865,0.0883756434028319,-19.2478418203419,1.4716713565959e-82,1.27504757294301e-80
"OAZ2",722.20169350814,0.283358282347831,0.0865325504252776,3.27458604831619,0.00105816906736551,0.00311385773399638
"RBPMS2",64.4109955557702,-1.00597764013257,0.250875321094162,-4.00987086232765,6.07519645252375e-05,0.000220106785828168
"PIF1",84.5575483516504,-2.31277180086375,0.252542758266537,-9.15794147786577,5.28966883295561e-20,7.38954434408473e-19
"PLEKHO2",182.494576578614,0.419734592642468,0.143251007894603,2.93006380067698,0.00338892415366334,0.00903562689350009
"MTFMT",208.569943744512,-0.704338060186462,0.151968841839991,-4.63475309582252,3.57363758953853e-06,1.55556818843173e-05
"PDCD7",328.207501047584,-0.444791741622517,0.112656253457633,-3.9482206088967,7.87342334677673e-05,0.000280464443827364
"CLPX",1070.23389636582,0.370288476975478,0.0720360751867927,5.14031998571971,2.74270980890233e-07,1.36536943276875e-06
"RNU5B-1",14.4001305141027,-1.7009399554455,0.547884567860016,-3.10455898053345,0.00190562929700423,0.00533913954622408
"DENND4A",447.115640541909,0.289089625756901,0.101355294024812,2.85224001901797,0.00434123075378354,0.0113119316677174
"MEGF11",146.364692237024,1.02564244743291,0.162294980538602,6.31961902967766,2.62208915519056e-10,1.77909144072624e-09
"DIS3L",410.145023269368,-1.03427321767473,0.104266696692989,-9.91949731293521,3.42476627879709e-23,5.74652822255143e-22
"TIPIN",204.719637278755,-1.27397832321142,0.146251973402179,-8.71084535528354,3.01616913514328e-18,3.78512423289812e-17
"MAP2K1",1025.1173631216,1.12570879564199,0.0751381632475276,14.9818513919959,9.64911893598336e-51,4.24114078891112e-49
"SNAPC5",156.170499506151,-0.802543625308841,0.165804168650354,-4.84031030004582,1.29636550980315e-06,5.91438046890194e-06
"RPL4",15990.3271452401,0.534345425067953,0.0645126247660803,8.28280397837577,1.20308364873682e-16,1.36357046754002e-15
"ZWILCH",561.934525509614,-0.602990207889219,0.0915226438521715,-6.58842645392955,4.44512345801484e-11,3.24051657916203e-10
"LOC102723493",20.9718529158068,1.41723550978346,0.414263397793156,3.4210975850951,0.00062368948930377,0.00191230327903618
"SMAD3",1555.14826875582,0.892824952817197,0.0700345410916436,12.7483515833836,3.18406885127953e-37,9.7751456165091e-36
"IQCH-AS1",127.212941826681,-0.422572671861999,0.174086194807236,-2.4273761186515,0.0152084798136192,0.0349715471125727
"C15orf61",58.1761877643927,0.585157009539129,0.246465088504274,2.37419836249539,0.0175870993863088,0.0398012203994312
"PIAS1",692.37603774123,0.201439132889638,0.085984486198964,2.34273811235573,0.019142814647538,0.0429017115735956
"CALML4",48.2195316772435,-0.774113351758379,0.29635152109565,-2.61214570080957,0.00899758990645582,0.0219234136971661
"CLN6",298.500632717635,-1.17042826126045,0.127748762726171,-9.16195379339412,5.0966062719613e-20,7.12536397416714e-19
"FEM1B",1392.29027350216,0.570924109033009,0.0676917195681691,8.43417943398615,3.33534651639345e-17,3.90047239272721e-16
"CORO2B",86.9436605637517,1.15801787564526,0.198974156380197,5.81994112558284,5.88683595013187e-09,3.52213381996436e-08
"ANP32A",1271.71599370716,-0.707023050208235,0.0795241173962876,-8.89067459478954,6.07390137344493e-19,7.95478027985836e-18
"GLCE",646.943328007004,-0.304705713085612,0.0871007039981872,-3.49831515818694,0.000468207508800806,0.00146638295378855
"PAQR5",723.350356673448,1.55319534721927,0.0852002770266966,18.2299330638631,2.98686430428585e-74,2.26160847174518e-72
"KIF23",1057.62849216094,-1.44371882144764,0.0826195538505903,-17.4742994141372,2.24890906386835e-68,1.45782698704934e-66
"RPLP1",5196.46050546095,0.327789130815539,0.0783820165712782,4.18194306748229,2.89028353021645e-05,0.000110024925006402
"TLE3",627.130794323543,0.779171011824056,0.0921275660549222,8.45752303235223,2.73116610802844e-17,3.22531745955312e-16
"SALRNA2",4.01642015291221,2.39544258062342,1.01246549312021,2.36594984905724,0.0179838803410486,0.0406124696273229
"UACA",737.706972426087,0.540369826649032,0.103126779144308,5.2398594345013,1.60698956440701e-07,8.18760501560041e-07
"THAP10",33.4458904023949,-1.28133578986127,0.342971835140265,-3.735979630331,0.000186985805176584,0.000626332935889818
"THSD4",235.603474744066,0.506177271766614,0.126502106838051,4.00133471622433,6.29861849864706e-05,0.000227652234183952
"MYO9A",807.43407239049,0.325062363636232,0.0942979814429142,3.44718262959868,0.000566465517120185,0.00174979003839953
"GRAMD2A",54.2784343453284,-1.17190436229378,0.27059937112356,-4.330772674851,1.48587019504928e-05,5.93458926972143e-05
"PKM",19833.4480003154,1.15907519665594,0.0705921241332889,16.4193273808764,1.39100119704959e-60,7.61921962675701e-59
"PARP6",548.837601772119,0.77358900993188,0.0916992376754538,8.43615530011059,3.2794697184182e-17,3.84011200751231e-16
"ARIH1",2543.91421815206,0.482404561936371,0.0680496956312478,7.08900396190539,1.35080659731111e-12,1.12542236200387e-11
"REC114",11.56959405749,1.60538802706802,0.578899919903985,2.7731702352529,0.0055513072009815,0.0141719942015707
"NPTN",894.940206247967,0.509042373544759,0.0844845316208204,6.02527307400388,1.68824336424469e-09,1.06154339382601e-08
"NPTN-IT1",126.935108530016,0.974104202451652,0.1778497740608,5.47711802050782,4.32308896592607e-08,2.36319374368858e-07
"CD276",844.867274382769,0.49383487720357,0.078455814969135,6.29443308182889,3.08525336289661e-10,2.07151083654098e-09
"LOXL1",74.1641888803366,0.540553204676444,0.21371207134824,2.52935269994938,0.0114273129177985,0.027167758059584
"LINC02255",2.67920125732438,-3.44120066107085,1.47291086017622,-2.33632649070097,0.0194742318860692,0.0435361782432519
"SEMA7A",351.814637077339,1.74577399707563,0.12175435442816,14.33849331529,1.25756041886933e-46,5.08127719920272e-45
"UBL7",355.675227782256,-0.552588509119322,0.122884295028204,-4.49681962200697,6.89774576215783e-06,2.89012500301898e-05
"UBL7-DT",45.6633419156765,-0.881848099405765,0.280080628032698,-3.14855084980319,0.00164082173557345,0.0046580416661577
"ARID3B",219.310434614039,1.4719390257775,0.137186846065392,10.7294472319589,7.40377257816239e-27,1.47919496265038e-25
"CLK3",951.36111849942,1.88765931866232,0.0854499539296015,22.0908172778826,3.87324983130268e-108,5.17035816369671e-106
"CSK",575.651011604434,0.515200833483351,0.0888078344902164,5.80129936103902,6.58030006987518e-09,3.91364975442972e-08
"LMAN1L",3.55006601087441,3.04256020819531,1.16905129569328,2.60258914164327,0.00925227587710289,0.0224831800945619
"MPI",633.437532464679,1.35104821233468,0.097636035842641,13.8375979798294,1.5117430642043e-43,5.62874416529457e-42
"COX5A",610.289322599755,-0.294539715342999,0.099669931199385,-2.95515118550434,0.00312515865285303,0.008390715745391
"RPP25",54.8934412160764,-1.37909797293031,0.266586617211035,-5.17317030899037,2.30155051252141e-07,1.15597106427392e-06
"SCAMP5",63.2694965835754,-1.01936475172411,0.245877545265028,-4.14582287546979,3.38595501985343e-05,0.000127546604123701
"PPCDC",106.292492715639,-0.856787951802154,0.201589771031872,-4.25015588547244,2.1362179192637e-05,8.32362878336241e-05
"COMMD4",310.655288552579,-1.01088673913175,0.119306647032071,-8.47301273046428,2.39126438133919e-17,2.83320022459655e-16
"NEIL1",279.841937882884,0.903370304828526,0.120129143723009,7.5199928745975,5.47792275698528e-14,5.10696564943775e-13
"SIN3A",1247.68740297154,-0.339247007088997,0.0739741512338779,-4.58602094691737,4.51773295787798e-06,1.93520479281956e-05
"PTPN9",583.727040595166,0.245794662206305,0.0873255027606254,2.81469507115317,0.00488235360661009,0.0126034800665693
"SNUPN",313.269447169301,0.403078732076187,0.118697894968873,3.39583724026352,0.000684190308633717,0.00208062665404796
"IMP3",400.422447393933,0.50286336888067,0.128334106006745,3.9183922694271,8.91415541341431e-05,0.000313876503917818
"SNX33",688.802635035832,1.94995864753854,0.0888069983146603,21.9572633299626,7.38126932805507e-107,9.78072460006474e-105
"CSPG4",670.56346754542,0.21783105720519,0.0894536801757747,2.4351268363376,0.0148865705264089,0.0343189059046201
"FBXO22",691.425374014004,-0.403437647144029,0.0976342143432233,-4.13213390262746,3.59410931564546e-05,0.000134711821916071
"RCN2",899.0691746939,-0.815540643925849,0.0785968897130208,-10.3762457637143,3.18036894802739e-25,5.84234748342525e-24
"TSPAN3",1211.87202140143,-0.508412458275263,0.0733283536566402,-6.93336796644723,4.10937453229378e-12,3.3001354031402e-11
"PEAK1",998.125141619848,0.290468085624396,0.0788820548556874,3.68230881099383,0.000231131194180292,0.000762301473338771
"HMG20A",743.824013013963,0.402727150973176,0.0821937505841745,4.89972957932786,9.59686518297214e-07,4.46194807694378e-06
"LINGO1",113.725852077127,-0.744734521749422,0.182280439329046,-4.08565244022181,4.39531315131001e-05,0.00016217841584717
"IDH3A",358.981173633099,-0.59258668043126,0.107554221398075,-5.50965524856531,3.59537170592066e-08,1.9820187675863e-07
"WDR61",333.172896873836,-0.526936731060913,0.117953242382881,-4.46733570367193,7.9199794335613e-06,3.28861634498176e-05
"HYKK",47.9056475266054,-0.959602103998131,0.274120421664911,-3.50065893730151,0.000464109396985787,0.00145430628466021
"PSMA4",1951.35341755039,-0.323276720269857,0.077672251115137,-4.16206194140877,3.15386768050019e-05,0.000119202704425952
"CHRNA5",176.537967241416,-1.37107416576837,0.157878719431037,-8.68435068836033,3.80911935106611e-18,4.74717426179546e-17
"CHRNA3",18.6490813597606,-1.58716285689704,0.477933409163092,-3.32088702414908,0.000897318519509747,0.00267724785431873
"CHRNB4",17.0915554569926,-1.08153141858725,0.461337248521094,-2.34434011572728,0.0190607808300681,0.0427604047477477
"RASGRF1",33.8054735875115,0.747262577275378,0.310568577438477,2.4061113440345,0.0161233497643353,0.0367749507787732
"TMED3",486.617066030024,0.555083802562564,0.114965345681323,4.82827063471127,1.37723841037159e-06,6.25799631702129e-06
"MINAR1",104.820633032653,0.706119732140617,0.185304351108621,3.81059445132351,0.000138633032322325,0.000474421928499928
"ST20-AS1",15.6730634675471,-1.15469642455657,0.491343819465595,-2.35007825235792,0.018769464662209,0.0422067036034025
"FAH",57.2061611150423,-0.952502865064385,0.254615581296375,-3.74094491866806,0.000183329699577891,0.000615573787235544
"ABHD17C",274.479721572165,-0.391964201212142,0.12096772188434,-3.24023793377631,0.00119429997582578,0.00348091215661595
"CEMIP",287.482513191361,1.55074205229006,0.129823669018322,11.9449871045565,6.89610491795599e-33,1.83026077653144e-31
"TLNRD1",312.575837635089,0.467146432158624,0.130577477202358,3.57754217777296,0.000346840265466695,0.00111157894788819
"CFAP161",14.8243531292015,3.72180601494329,0.654953001881608,5.68255432718219,1.32697741038323e-08,7.66457048478085e-08
"IL16",41.2830873517463,4.14793260961404,0.439925397446284,9.42871821834407,4.1513075917502e-21,6.16741254006022e-20
"TMC3",13.2464839175027,-1.30985272459204,0.524696568631097,-2.4964004014918,0.0125460895631018,0.0295122151176946
"UBE2Q2P2",77.8958045383748,0.785234537817882,0.214614458673633,3.65881470740981,0.000253384452325845,0.000829622313837944
"GOLGA6L9",140.157315082287,0.572399384237829,0.164096913098975,3.48817886593995,0.000486322626405254,0.00151863109520864
"RPS17",4037.36998500897,0.32692257971296,0.0868731253828325,3.76321881217325,0.000167740312142687,0.000566085866310308
"SNHG21",41.9976048170033,0.744064460098841,0.305204795615804,2.43791863950749,0.0147720983619975,0.0341029957188773
"WHAMM",251.358812322515,0.48826987788342,0.122791050427415,3.97642886988778,6.99579112588468e-05,0.000250788048298325
"SCAND2P",63.2391875431987,0.658470761237295,0.226633166239404,2.90544747780525,0.00366728391467578,0.00970742118483728
"SEC11A",1016.26509993912,-0.346357015667042,0.0850040789430169,-4.0745928898215,4.60949121010224e-05,0.000169595020615052
"ZNF592",857.833339883763,0.438614909794901,0.0801136846173238,5.47490621471247,4.37743383629107e-08,2.39120142963932e-07
"ALPK3",81.3359620599364,2.05401951166905,0.239342814194378,8.58191426629132,9.3307174854315e-18,1.13155356530929e-16
"PDE8A",741.771734716116,0.763943469453947,0.084355151977542,9.05627518349244,1.34981256120897e-19,1.85262545053669e-18
"AKAP13",1830.28137698767,0.679697434541751,0.0693974260648456,9.79427441453859,1.191497856746e-22,1.94668929069988e-21
"KLHL25",77.7664929350215,-0.507270819126908,0.213212680772585,-2.37917752963281,0.0173513171698206,0.0393109130932946
"MRPL46",124.936303174802,-0.514569002395502,0.180710785516842,-2.84747255634913,0.0044067893583393,0.0114612138875209
"MRPS11",275.607773682618,-0.366726762773308,0.125601228463352,-2.91977050909429,0.00350289235550006,0.0093229394680943
"DET1",72.9548167229757,-0.708897797870632,0.226773756160665,-3.12601338828815,0.00177193484638125,0.00500110225006052
"AEN",846.154270999753,0.703005599597388,0.104737687086588,6.71205961437934,1.91896258990833e-11,1.44996330535589e-10
"ISG20",344.992045543138,1.09700091614056,0.113752219403558,9.64377593591145,5.22305868456306e-22,8.1634640550313e-21
"MFGE8",507.522476520295,0.323004677318932,0.0954291821791505,3.38475789001892,0.00071241061623962,0.00215806887128159
"ABHD2",937.323226297986,-0.290396409836301,0.0816041749465829,-3.55859746178907,0.000372840440771553,0.00118793450904246
"FANCI",1393.83862457862,-1.16754304781409,0.0703174846231086,-16.6038795908578,6.53285683681563e-62,3.72558902076754e-60
"POLG",678.742860235958,0.391515703737605,0.083184972614765,4.70656768201078,2.51922370443441e-06,1.11572696922125e-05
"TICRR",732.931462906357,-1.08778307827418,0.0899711708171627,-12.0903514803063,1.18777488695887e-33,3.24808668253199e-32
"KIF7",68.4348118645459,-1.06044555794977,0.236757518247592,-4.47903646650325,7.49807247845305e-06,3.12350356297278e-05
"PEX11A",72.4690773464721,0.642231862466944,0.218377640296769,2.94092317141154,0.00327235686174589,0.00875072607293704
"ANPEP",4.73409605834911,3.04823930874325,1.0375398147919,2.93794923846334,0.00330391114820612,0.00882724726491069
"ARPIN",208.10979520704,-0.947358396207307,0.138526334693618,-6.83883247400288,7.98411847246886e-12,6.24216047689203e-11
"ZNF710",133.778480561231,0.532983192063556,0.161218314784287,3.30597173637931,0.000946476342719791,0.00281181176593362
"SEMA4B",1258.96031411555,2.49375387077587,0.0811474237397766,30.7311527076058,2.18390937287565e-207,8.94459791104365e-205
"CIB1",658.543994780045,1.17295168409339,0.0946159713079321,12.3969734483406,2.713813868212e-35,7.79994253892319e-34
"GDPGP1",169.763674651086,0.692409743902538,0.156472872090284,4.42511046581303,9.63929450337548e-06,3.94974366178557e-05
"IQGAP1",5845.2880576606,0.467159394989144,0.0616503162105809,7.57756689184616,3.52095496031847e-14,3.33251729726361e-13
"CRTC3",508.680427224395,0.720028797782983,0.0932682683837026,7.71997604609542,1.16351569580279e-14,1.14203248115806e-13
"BLM",506.74035916198,-1.55000106122895,0.105820546384049,-14.6474490464603,1.3986916567837e-48,5.83468109881921e-47
"FURIN",740.466722453733,0.825901199462674,0.0820769806008078,10.0625192766234,8.09011409844837e-24,1.39647458015458e-22
"MAN2A2",423.218394947517,0.27385130259848,0.103376159441436,2.64907599661428,0.00807121796296479,0.0198890575314586
"HDDC3",118.13958931585,-0.622204671066369,0.178916297143309,-3.47762993646125,0.00050586780005977,0.00157449772273812
"RCCD1",159.64398114976,-1.69612813526544,0.167697103048689,-10.1142363489308,4.77727919538549e-24,8.34218492054669e-23
"PRC1",1434.30095389489,-0.858867469636376,0.0841640722380164,-10.2046805340822,1.88941908763078e-24,3.33488945917671e-23
"PRC1-AS1",17.5877215493485,-1.1394578998637,0.467552747096794,-2.43706813175414,0.0148068892433312,0.0341614327300054
"VPS33B",240.881016631319,-0.292442845858277,0.127627169497576,-2.29138393501575,0.0219412178928976,0.0483377368762723
"SV2B",3.22795024004262,-3.72746033877669,1.43721583593065,-2.59352857489427,0.00949966447021938,0.0230222503251511
"CHASERR",493.514608833833,0.329822520986826,0.104561255399116,3.15434737014084,0.00160857494633475,0.00458020684277113
"CHD2",3775.83645758007,1.40692708283396,0.0603336508024707,23.3191107138564,2.83730239652917e-120,4.52486960069488e-118
"NR2F2-AS1",103.132790996204,1.12146931741537,0.187102094004617,5.99388971770513,2.04880339924019e-09,1.27579426598851e-08
"NR2F2",1405.17476094628,1.0131394363141,0.078627644129162,12.8852828739192,5.44753999758565e-38,1.71926652007865e-36
"ARRDC4",472.998901615192,1.30161284917699,0.123770236223785,10.5163639408717,7.262230541893e-26,1.37615832382181e-24
"SYNM",137.735543432387,-0.608353882240323,0.16365964484676,-3.71718930961842,0.000201451492951455,0.000670951503734309
"LRRC28",195.122407735712,0.343463491235544,0.136965127742021,2.50767109042873,0.0121529731491674,0.0286735701912995
"MEF2A",1435.60574175177,0.894148518456943,0.0707057332355447,12.6460539696015,1.17636374416307e-36,3.53910701728926e-35
"LYSMD4",70.4446166433368,-0.550551607706493,0.239862346187619,-2.29528150815241,0.0217169966573351,0.0478788838710345
"CERS3",5.09143484367343,2.79242324966251,0.959829760028497,2.90929013242891,0.00362250509452346,0.00960864944192042
"PRKXP1",126.864312344572,0.536251569383175,0.186623178516667,2.87344569761083,0.00406020870418767,0.0106458636778941
"LINS1",286.449429212418,0.306001763090344,0.118536471100942,2.58149884375891,0.0098372320912919,0.0237509056159126
"ASB7",426.61665188015,0.324365158272983,0.10576290739266,3.06690848681693,0.00216285062302837,0.00599365386400036
"GCAWKR",34.3013972402054,0.955219409201581,0.315305574133883,3.02950371818032,0.00244955888537607,0.00671486167833315
"ALDH1A3",1623.98034570492,0.957965539182873,0.0767675939329475,12.478775093819,9.74746303572918e-36,2.85160765205967e-34
"ALDH1A3-AS1",189.043654127651,0.344809372672056,0.146251395899663,2.35764842141141,0.0183911017336648,0.0414282555427967
"CHSY1",1200.35509248994,1.42330311565369,0.0763035324605735,18.6531746271264,1.18997099436378e-77,9.53087435085766e-76
"SELENOS",464.499873881073,0.315153894937523,0.0977749457306256,3.2232581934209,0.00126741255921121,0.00367616960076377
"SNRPA1",369.333906395177,-0.700066797030311,0.118624262913768,-5.90154813049683,3.60106335657901e-09,2.20280932616804e-08
"PCSK6-AS1",10.4308231935286,-1.97531081798982,0.638189702198461,-3.0951781440302,0.00196694720147896,0.00549811625839186
"LINC02348",3.21084242737012,3.53739789873806,1.34363103239435,2.6327152420962,0.0084705331990722,0.0207740172537398
"TM2D3",253.926078860984,0.38910766342577,0.12255344506209,3.17500387874559,0.00149834498413786,0.00428870313836538
"TARS3",199.204526080717,0.630523446706844,0.140244211123038,4.49589641995048,6.92774569087904e-06,2.89999779547808e-05
"POLR3K",92.7247446760041,-1.4759252537241,0.217270748506757,-6.79302328485421,1.09807648477315e-11,8.45298433664972e-11
"SNRNP25",134.199552149102,-0.593640714070954,0.17128765844971,-3.4657529879495,0.000528748814548685,0.00163918499690037
"FAM234A",161.06607143997,-0.489932584564174,0.15321146761118,-3.1977540076016,0.00138502373186622,0.00398754186568458
"AXIN1",230.864081451568,0.697104190014723,0.132806771823325,5.24901087831645,1.52918046453795e-07,7.81990952083951e-07
"MRPL28",147.434332712632,-0.805289626381214,0.17632067107624,-4.56718784851387,4.94310999180676e-06,2.11189628170578e-05
"NME4",132.268862945233,-0.421749566117312,0.16941459851045,-2.48945232480245,0.0127940076447012,0.030020939031922
"DECR2",44.8180680422386,-0.66315061193237,0.278712803479032,-2.37933314743562,0.0173439929716203,0.0393004020296202
"CAPN15",212.823594888184,0.464486110490563,0.136615454621494,3.39995289535482,0.000673974627143611,0.0020526781740333
"RAB40C",159.903665042946,1.00620996261891,0.151347870390314,6.6483258735255,2.9644540532489e-11,2.19484085840585e-10
"WFIKKN1",8.04654186580951,2.38524149139737,0.708828110905611,3.36504923365686,0.000765300019257417,0.00230819609155446
"RHBDL1",33.4783580033863,0.932922928836787,0.317278272117517,2.94039337333267,0.00327795799615375,0.00876440371642236
"JMJD8",323.056735655265,-0.289653531018707,0.123884781529783,-2.33808808024633,0.0193826794291256,0.0433637822460921
"FBXL16",352.504180266581,-0.732545718798593,0.113947056269892,-6.42882530517949,1.28593808717741e-10,8.99258450485994e-10
"METRN",218.718966401723,-0.841661526741525,0.14654837956263,-5.74323325343781,9.28856366103544e-09,5.43824580037426e-08
"HAGHL",63.1695916198515,-0.905749980425983,0.243076012649847,-3.72620058455015,0.000194387734060915,0.000649436662126762
"MSLN",316.760852788488,0.38895330540402,0.114144784815717,3.40754337600244,0.000655504889892606,0.002001500105177
"CHTF18",284.789890562987,-1.11026351445754,0.13514608772683,-8.2152841649528,2.11662428844738e-16,2.35309600876682e-15
"GNG13",6.61910842963137,-1.79844944558969,0.7863838413454,-2.2869867754566,0.0221965950053055,0.0487969625364427
"SOX8",56.7131098946328,0.695906619951464,0.25172116465065,2.76459319945256,0.00569938232723793,0.014528880011683
"SSTR5",67.4089670002232,-1.11043759147538,0.241212032689436,-4.60357461895395,4.15300300230732e-06,1.78917683730768e-05
"C1QTNF8",52.7561934475195,-0.702577188158244,0.279107973713983,-2.51722363503026,0.0118283724468439,0.0279773067153923
"BAIAP3",270.456146090544,0.985357896729874,0.120677605198365,8.1652092375398,3.20878538581222e-16,3.53025161402454e-15
"TSR3",136.840691108658,-0.637550699497347,0.164628248581131,-3.87266890702025,0.000107650022475295,0.000374365313590755
"GNPTG",147.082764870088,-0.407186357403461,0.160746853529058,-2.53309068553465,0.0113061698412178,0.0269117007936317
"CLCN7",379.985434671673,-0.315406878484517,0.107734189982698,-2.92763957788302,0.00341545719100828,0.00909829327999413
"TELO2",196.168433737933,-1.4711663792767,0.155876294858975,-9.43803790440168,3.79824966909214e-21,5.66624646413158e-20
"IFT140",286.89468285348,0.305914300278129,0.119911215948814,2.55117336487283,0.0107360906595065,0.0257007292474718
"CRAMP1",595.695722537091,0.371764616908626,0.104287575352601,3.56480257261398,0.000364130173756708,0.00116120861109001
"JPT2",1509.58932573365,-0.769105487828896,0.0790450026338613,-9.72996979190974,2.24659665292907e-22,3.61158949887911e-21
"MAPK8IP3",570.208752401426,0.592205381059101,0.100925401606003,5.8677535252322,4.41739252802947e-09,2.67402857734696e-08
"NME3",120.199756133853,-0.962579414594456,0.181453092616839,-5.30483884684767,1.12772578969956e-07,5.86345829664619e-07
"MRPS34",278.129394478636,-0.580287792192302,0.124942781800359,-4.6444283041458,3.4101944594451e-06,1.48909896665035e-05
"NUBP2",244.220595801682,-0.606861676168032,0.137265298799394,-4.42108589334677,9.82061237109273e-06,4.01855711942466e-05
"HAGH",157.127214765478,-0.603037496684157,0.153293000906003,-3.93388799958278,8.35827418300268e-05,0.000296504840653329
"FAHD1",236.78914515338,-0.768004855102904,0.131430526966891,-5.84342825694045,5.11373274126729e-09,3.07900359941122e-08
"MSRB1",216.242749865438,-0.387185641646242,0.139778877695342,-2.76998676788736,0.0056058569996718,0.0143031500766084
"NDUFB10",571.860250681466,-0.425224525426939,0.103982089539431,-4.08940162012892,4.32487452192497e-05,0.000159775653463735
"RPS2",13112.8455801463,0.357389313454743,0.080186195719844,4.45699300542198,8.31173140601314e-06,3.43860678759786e-05
"SYNGR3",82.4398735954302,0.567558082506123,0.203000395704617,2.79584717328319,0.00517638718065793,0.0133091273195373
"ZNF598",373.872253976486,0.278210945123364,0.113977968364872,2.44091861887501,0.0146499557186174,0.0338774351347625
"NTHL1",61.8844337648633,-0.924601715400483,0.242675736237589,-3.81002950577334,0.000138950207671936,0.000475417067107645
"RAB26",186.562707420138,-0.891674385013249,0.147454302798795,-6.0471235365031,1.47454694546113e-09,9.33689757700455e-09
"TRAF7",1262.02941647807,0.471923254207831,0.0759852159272882,6.21072465806275,5.27408155552302e-10,3.45489726325265e-09
"MLST8",246.071080301415,-0.358793838510392,0.133073676653082,-2.69620444504402,0.00701346060588569,0.0175394911988157
"BRICD5",24.983211172185,0.964711806012045,0.36159835049848,2.66790986375393,0.00763247314518033,0.0189198540199115
"PGP",338.253311297697,-0.457458930008603,0.114818133516711,-3.98420455025098,6.77065349477993e-05,0.000243581952224165
"ECI1",386.823035770078,-0.387617139694917,0.113117846536181,-3.42666653904993,0.000611038937543237,0.00187589994777967
"ABCA3",189.894268213835,0.767823311743267,0.139986653486255,5.48497512170798,4.13527610058026e-08,2.2651006263999e-07
"CCNF",696.012298066285,-1.18129015640083,0.0970214402471402,-12.1755578291949,4.19516057379361e-34,1.1630921338513e-32
"TEDC2",78.5642609159963,-1.47895288580712,0.239634031515811,-6.17171474540558,6.75532981538838e-10,4.37119564104538e-09
"TBC1D24",346.017044347771,-0.355603428296843,0.111375600563515,-3.19283062446025,0.00140885557564516,0.00404928011622031
"AMDHD2",65.0096031551152,-1.43718014331938,0.250074597978435,-5.74700571324446,9.0837661414591e-09,5.32872882927196e-08
"PDPK1",880.953515862591,0.393707214694739,0.0800995584418826,4.91522328403843,8.86813284536058e-07,4.13807928550603e-06
"FLJ42627",53.8619483938953,-1.12795994519145,0.263365116281362,-4.28287527641438,1.84493599129331e-05,7.26247083859693e-05
"KCTD5",921.771152799798,1.06916386198644,0.077492061725591,13.797075960793,2.65401204084499e-43,9.82093449446974e-42
"SRRM2-AS1",18.0988426865611,-1.20421912010119,0.471258893599275,-2.555323913155,0.010608902314007,0.0254350953215605
"SRRM2",7926.96352164287,0.233802957923104,0.062767107716046,3.72492801453928,0.000195370964862527,0.000652479643770867
"FLYWCH2",113.948048641338,-0.478315172181196,0.179604436118299,-2.66315900942528,0.00774108246394963,0.0191623691047852
"FLYWCH1",437.783685335653,0.256289436768268,0.107471595701557,2.38471788843604,0.017092222964113,0.0387933186443677
"PAQR4",225.65638914931,-1.01034099418403,0.133156233414294,-7.58763572892997,3.25795273624957e-14,3.09473163951971e-13
"PKMYT1",155.142383758955,-1.63335790187399,0.172974617519094,-9.44276059285799,3.63084957321427e-21,5.4210058126673e-20
"TNFRSF12A",370.351045409343,0.269708702206258,0.112426914483947,2.39896917427871,0.0164412987153321,0.0374385448760424
"HCFC1R1",126.90259893288,-0.575181979823516,0.179375812116294,-3.20657491686009,0.00134325323553752,0.00387680438142563
"LOC100128770",26.5491292908308,-0.843827928943835,0.364074752987506,-2.31773261402938,0.0204638573696213,0.045477762197305
"ZNF213",65.3299412392762,-0.675978996486353,0.239796914289865,-2.8189645329182,0.00481788412907288,0.0124513250953711
"ZNF75A",97.2295225070977,-0.877486326598878,0.199915906300917,-4.38927718576865,1.13728035379405e-05,4.61285826147257e-05
"CLUAP1",223.095245487112,-0.720363219948164,0.136731412378458,-5.26845446424757,1.37577159481922e-07,7.07960591383129e-07
"DNASE1",121.314495440739,-0.747286835992895,0.172726275010156,-4.32642246206581,1.51550633032665e-05,6.04491801213291e-05
"CREBBP",1793.55259730469,0.798082946629356,0.0772011057150011,10.3377139386525,4.75751077713437e-25,8.65137252419157e-24
"ADCY9",376.831663425286,0.279654234476544,0.111899025311497,2.49916595518202,0.0124485999288067,0.0293135004987621
"TFAP4",166.877476712731,-0.665608656595187,0.153729990980227,-4.32972546443979,1.49295346953218e-05,5.96023803155502e-05
"GLIS2",254.514650615773,0.696650173480335,0.122576689868643,5.68338216855822,1.32056719729142e-08,7.62999085039713e-08
"VASN",77.1210443033219,1.01543964432884,0.227111036995558,4.47111535292182,7.7812711147893e-06,3.23400107840447e-05
"DNAJA3",735.344911046522,-0.457567999584485,0.0825273314699307,-5.54444196164519,2.94893125279627e-08,1.63868917997661e-07
"NMRAL1",269.181733909875,-0.666248221592172,0.134522133075103,-4.95270336830156,7.31895005252181e-07,3.45274342660983e-06
"HMOX2",456.19116575049,0.304935990347865,0.101932310296548,2.99155380134844,0.00277561624350955,0.00754440125554836
"UBALD1",58.6234510461761,-0.648392029455087,0.245751463104743,-2.63840557148069,0.00832968950053271,0.020464175242882
"NUDT16L1",63.6447740643941,-0.776929712305734,0.249641829723904,-3.11217760727437,0.00185712733332349,0.0052170368938149
"DNAAF8",19.1319780976205,0.973810356312666,0.417345620139717,2.33334270043773,0.0196301660163138,0.0438304078528052
"ZNF500",124.013614938654,-0.61962000120217,0.176154316665916,-3.5174840613035,0.000435658513366256,0.00137111457725695
"ROGDI",41.9664792074611,-1.30915534947449,0.310426527870177,-4.21727923337141,2.4726770620217e-05,9.54791372073987e-05
"GLYR1",510.840422679368,-0.340880854923633,0.100480973459024,-3.39249156520804,0.000692600643746449,0.00210336302678712
"PPL",863.951627206767,0.794855180882949,0.101454272067311,7.83461518856097,4.70280766742906e-15,4.74254599746722e-14
"ALG1",151.23694767093,-0.630148738305065,0.158464952384394,-3.97658112297595,6.99131558575309e-05,0.000250749913266269
"EEF2KMT",62.5515407470171,-1.45553981732815,0.249459459583955,-5.83477499612835,5.38632034851819e-09,3.23556263335488e-08
"TMEM186",88.188778271757,-0.921473684617504,0.205399346980692,-4.48625420753711,7.24862507862331e-06,3.0258853959201e-05
"CARHSP1",406.852726373354,-0.403465476032024,0.110577012920151,-3.6487282969325,0.000263541646120729,0.000860065919004285
"USP7",2206.57018380209,0.436060593236739,0.0623921932011234,6.98902492225401,2.76803253154288e-12,2.24899523223329e-11
"C16orf72",1317.82824566552,0.752942119008397,0.0693729706407747,10.8535372213951,1.91853914442023e-27,3.91108528524852e-26
"ATF7IP2",131.134952614327,-0.62064914306487,0.172416610625276,-3.59970620472157,0.000318576918313004,0.00102794532585831
"EMP2",373.713600331396,-1.28675253298183,0.113205527007483,-11.3665168741874,6.13887111392077e-30,1.43673501745411e-28
"SOCS1",32.9718942665618,1.03956298245568,0.330738375416478,3.14315803585425,0.00167135576974855,0.00473428203813872
"RMI2",95.8358430456254,-1.80208650645559,0.218070284450088,-8.26378757197453,1.41121654382256e-16,1.58947083351415e-15
"LITAF",1150.60191619079,0.745135404726028,0.0743025751708827,10.0283927308354,1.14363004402584e-23,1.95906435583552e-22
"SNN",217.525369294866,-0.885711400689026,0.137622196758574,-6.4358179243629,1.2281018022116e-10,8.60148565007977e-10
"RSL1D1",2611.3335699606,0.462062763268118,0.0747446027760982,6.18188800403762,6.33394572387847e-10,4.11033618617263e-09
"SNX29",269.10498135154,0.548175659683891,0.119565755639662,4.58472124189086,4.54592511756921e-06,1.9458935046013e-05
"BFAR",621.875965085003,0.564003653427042,0.085915027666003,6.56466823964279,5.21488360784775e-11,3.77570982310262e-10
"NOMO1",1147.29663393759,0.482932840097031,0.0773049616124099,6.2471131221609,4.18108256919151e-10,2.7644372441357e-09
"BMERB1",362.346725429948,1.2758047938697,0.117187868603754,10.8868333307057,1.33191248310568e-27,2.7462694345592e-26
"MARF1",1405.28112668716,0.685853863002211,0.0739839004818339,9.2703123049131,1.85601674311601e-20,2.68007033074469e-19
"CEP20",739.062209366649,-0.345489880908083,0.0847108636598726,-4.07846014054678,4.53349727940153e-05,0.000166901234876598
"ABCC1",1654.64851800354,0.262812752896614,0.0666523593945792,3.94303750510575,8.0456067412258e-05,0.000286088948468094
"NOMO3",143.242769595073,0.463668027687675,0.162436151604637,2.8544632651494,0.00431096169738525,0.0112411866225698
"NOMO2",440.668841178178,0.528693031660502,0.0998468943529663,5.29503731775104,1.1899210811954e-07,6.16477080441131e-07
"RPS15A",4529.72654007752,0.445866775684167,0.0788795217142911,5.65250353950088,1.58127541333074e-08,9.05502517433533e-08
"SMG1",4788.24690867333,0.580321567456721,0.080313553918584,7.22569901519995,4.98530798664978e-13,4.31924207824114e-12
"TMC7",193.431351029204,1.2350196384917,0.14325435768816,8.62116628368209,6.6275585113245e-18,8.09730385983585e-17
"ITPRIPL2",1963.16300851078,-0.86445670253904,0.0884874812348288,-9.76925425467742,1.52570942204651e-22,2.4770098643874e-21
"GDE1",777.829132483651,0.426748264704269,0.0889189768903905,4.79929346499699,1.59226339890262e-06,7.19513006811037e-06
"CCP110",691.0645214439,-0.704488293921869,0.0860433064394823,-8.18760137277342,2.66483748627956e-16,2.94078605880244e-15
"KNOP1",281.6742128785,-0.853043740676569,0.125137768302942,-6.81683677314319,9.30669019829641e-12,7.21358555111826e-11
"GPRC5B",98.9995056035357,-0.564385521677067,0.1981517834955,-2.84824850789134,0.00439605827952818,0.0114366054937747
"THUMPD1",895.687302087148,-0.215510981349136,0.0780431453864646,-2.76143382332861,0.00575481778564407,0.0146500312636095
"ERI2",277.367074052628,-1.29505142335015,0.127208219710874,-10.1805640098857,2.42153737911922e-24,4.25741708381537e-23
"REXO5",108.22304881143,-0.931373025236131,0.18895804138811,-4.92899385701791,8.26541730506705e-07,3.87288313194522e-06
"DCUN1D3",908.499940798096,0.428123119036492,0.0798198996782193,5.363613845199,8.15731977776424e-08,4.32616420585901e-07
"LYRM1",324.25514926282,-0.562651861372591,0.112784731835789,-4.98872367043259,6.07795122196475e-07,2.89763912621764e-06
"LDAF1",393.927494125054,0.568537900836323,0.103734685871433,5.48069236495261,4.23664593712086e-08,2.31780802771266e-07
"SMG1P3",222.525666316684,0.469954220593179,0.143307212207896,3.27934800595672,0.00104047241425458,0.00306528582267153
"METTL9",518.805886537229,0.24775285143242,0.101417845105358,2.44289208841937,0.0145700931681937,0.0337100589272075
"UQCRC2",1527.22800545441,0.521827468043271,0.0743047925513407,7.02279691693798,2.17470201290776e-12,1.7765324104538e-11
"EEF2K",599.006733057329,-0.2439067193526,0.0877991054491493,-2.77800916199384,0.00546930760438332,0.0139864328563349
"POLR3E",312.529738461959,-0.284825848954545,0.115525998462709,-2.46546970157963,0.0136833747109633,0.0318795210945403
"CDR2",305.227072487344,-0.452964225669633,0.119264531593479,-3.79797932895584,0.000145880485854824,0.00049718503629407
"COG7",303.687798613173,0.655813031243059,0.117477168571767,5.58247223027362,2.37123480656785e-08,1.33287655798999e-07
"EARS2",484.010046898685,-0.711240037349368,0.103126443880012,-6.89677652588215,5.31957636030741e-12,4.23615049001767e-11
"NDUFAB1",607.015873548994,-0.419820668500165,0.097899623024519,-4.28827666062637,1.80064728143024e-05,7.10209338118939e-05
"PALB2",270.027877190007,-0.655405631417684,0.124377627496737,-5.26948169545103,1.36809512185361e-07,7.04412634026395e-07
"PLK1",886.47905012861,-0.779940611998929,0.10294304292521,-7.57642857483403,3.55197106377124e-14,3.35658471631995e-13
"RBBP6",1171.78707407021,0.895193179971932,0.0825219232416137,10.8479437318847,2.03962226122696e-27,4.13919287945621e-26
"TNRC6A",1173.83278248489,-0.482506620822156,0.0802008184005893,-6.01623063759921,1.78525168634542e-09,1.12058588086489e-08
"ARHGAP17",535.574375430636,0.378886222434336,0.094595227279895,4.00534184788479,6.19278562837125e-05,0.000224051776367955
"LCMT1",300.906172774478,0.373759450850051,0.117837827162167,3.17181214089841,0.00151490968746877,0.00432924000600613
"ZKSCAN2",475.640961655146,0.490198048124077,0.115774655318875,4.23407046018782,2.2949898610735e-05,8.89993808616432e-05
"ZKSCAN2-DT",82.6372745716211,0.533326489602307,0.219836251016464,2.42601703375284,0.015265553762213,0.03508335211276
"NSMCE1",302.311423153535,-0.884387588946319,0.1180650316034,-7.49068184657014,6.8516722412301e-14,6.34501466902403e-13
"IL4R",341.262192751243,0.736836462699186,0.109372429561551,6.73694884216245,1.61747095823657e-11,1.23145095641661e-10
"GTF3C1",1852.24602825507,-0.192566905069179,0.0631929442656526,-3.0472849035117,0.00230918727485385,0.0063610308590861
"XPO6",2090.02272773211,0.216636171816591,0.0614097229119236,3.52771778708886,0.000419158787115122,0.00132450648826961
"CLN3",195.255912101816,-0.75793056481592,0.14179154628218,-5.34538612977364,9.02245050408665e-08,4.75419826123233e-07
"SGF29",115.301279209968,0.584168523966949,0.175745890546869,3.32393845539825,0.000887557807429656,0.00264988059106856
"SULT1A1",111.365378977142,-1.11757105607078,0.188467896525101,-5.92976881832995,3.03361486038301e-09,1.86582844365059e-08
"EIF3C",50.1082604992938,-0.758555668057664,0.296855699575229,-2.55530100699795,0.0106096005511442,0.0254350953215605
"TUFM",2022.14798577049,-0.350652392563846,0.0780530283774227,-4.49248927111808,7.03954659490016e-06,2.94474626710065e-05
"SH2B1",310.565191867049,-0.841800838036453,0.118281794534367,-7.1169095916267,1.10373832342898e-12,9.29027011981024e-12
"ATP2A1",68.6686675876821,0.660595754031923,0.244311646274518,2.70390611379063,0.00685296489120629,0.0171690922152688
"NFATC2IP",660.14072365849,-0.850090926021973,0.0899521389744523,-9.45048039672977,3.37279159767161e-21,5.03989033015257e-20
"SPNS1",172.714635496344,-0.457359274379143,0.153673851008254,-2.97616849827352,0.00291874446774466,0.00789296129250098
"SNX29P2",3.21506008855238,3.53905847024803,1.34723122685089,2.62691244065094,0.00861635022885069,0.0210914489913228
"SMG1P6",46.9762527088129,0.936843299031574,0.270254242312104,3.46652578333871,0.000527231166018146,0.00163560558492219
"SMG1P2",150.918149422869,0.476333526169617,0.163477545146814,2.91375507102115,0.00357109967176648,0.0094876584379926
"KIF22",751.949043726168,-1.15544698263764,0.0894121384035235,-12.9227082951872,3.35133975916102e-38,1.06141465377576e-36
"MAZ",1065.60438304968,-0.350170087373935,0.0921595082611207,-3.7996088952838,0.000144924621264406,0.000494356729094428
"PAGR1",325.90594871195,-0.280636910206247,0.11312513242983,-2.48076536290752,0.0131100639839062,0.0306826575394772
"SEZ6L2",467.530183803851,0.461564088765001,0.101563091698019,4.54460455120237,5.5038483805922e-06,2.33431046520715e-05
"TAOK2",648.35224208658,-0.275753476993508,0.0965330410469639,-2.85657091087965,0.00428244334317416,0.0111781447693137
"HIRIP3",115.797873728767,-0.776547823562797,0.201238606286322,-3.85884119301605,0.000113925934392229,0.000394667294056586
"INO80E",224.708353960612,-0.343886570078732,0.12944523981006,-2.65661812348858,0.00789287941560441,0.0195113278393151
"DOC2A",72.0517399952574,-1.32704519640571,0.233825566614882,-5.67536397160278,1.38394080294461e-08,7.96550533690988e-08
"LOC112694756",37.8399275271636,0.846382052422215,0.302432985851783,2.79857717913419,0.00513283011996303,0.0132103301330839
"ALDOA",639.61659758388,2.19837429307922,0.101582925964669,21.6411790879486,7.3597083292956e-104,9.47352170015972e-102
"CORO1A",19.7045878707265,-1.29280978194512,0.438561636238345,-2.94784056588687,0.00320002056008591,0.00857743792934036
"CD2BP2",533.490777694069,-0.763526419340701,0.0997490712138122,-7.6544714657451,1.94108907064309e-14,1.87361361232239e-13
"DCTPP1",528.458806669401,-0.964488908373492,0.102629355409371,-9.39778784078207,5.5722246745095e-21,8.2309066278144e-20
"SEPHS2",460.305371675541,-0.945841116141598,0.116469213305203,-8.12095393538081,4.62533579124247e-16,5.03340436557854e-15
"ZNF747",53.9292919544981,-0.777511226129782,0.25696781606507,-3.02571441838809,0.00248046461920869,0.00679234962813552
"ZNF785",9.27886505705946,-1.58455215598479,0.658280008957092,-2.40710964091888,0.0160793417163258,0.0367024467472967
"ZNF689",155.891985426625,-0.750441719733021,0.177556009166496,-4.22650702308434,2.3734686743998e-05,9.18254164477432e-05
"FBRS",470.609362734363,0.294447914946347,0.0987029428691713,2.9831726024282,0.00285277064613975,0.00773777540850158
"SRCAP",2088.05429044747,0.61245958389693,0.07326565263946,8.35943667779554,6.30184396122572e-17,7.25658338819481e-16
"PHKG2",152.72370401281,-0.420282198078224,0.160126014693951,-2.62469654841225,0.00867262214859764,0.0212119060450432
"RNF40",1178.58453671948,0.191692319907012,0.0780217982922772,2.45690722468245,0.0140138872360011,0.0325905616053653
"ZNF629",484.671041641067,-0.264382697128028,0.11323331499964,-2.33484904269444,0.0195513081600749,0.0436868102111233
"BCL7C",197.352892965193,-0.36966779047468,0.149493284742989,-2.47280532440114,0.0134057146276872,0.0312811580092646
"ORAI3",119.753622526823,0.421369652660215,0.168442108572567,2.50156956731923,0.0123644147920247,0.0291308166631289
"ZNF646",420.241635562132,0.353185945126334,0.102732414541116,3.43792119268237,0.000586198274931549,0.00180548267177259
"PRSS53",82.4866539379353,1.28586761820895,0.220882841286656,5.82149165919224,5.83247167377277e-09,3.4907662581554e-08
"VKORC1",424.191041627188,0.614347305730912,0.107517042540511,5.71395279496674,1.10381629921812e-08,6.42917696451513e-08
"BCKDK",580.211178962765,0.68091596028768,0.096892278467131,7.02755648912384,2.10181726949741e-12,1.7208927311955e-11
"KAT8",174.703814663746,-0.465223561330924,0.157116145697926,-2.96101689144902,0.00306625121934331,0.00825345977950497
"PRSS8",427.326474689943,1.42942183886523,0.110705468231404,12.9119352612045,3.8548929210305e-38,1.21875483034896e-36
"FUS",2274.87449386369,-1.11295857181389,0.0882744492997858,-12.6079355990567,1.90928847058612e-36,5.69657078285305e-35
"TRIM72",670.342576251871,-0.419049189222756,0.0948738244786635,-4.41691047583939,1.0012167288298e-05,4.0922945498394e-05
"ITGAM",14.4289698600337,1.7045539563337,0.519271537191437,3.28258692081036,0.00102859269361263,0.00303276651367691
"ITGAX",64.5497136325014,0.82298437077762,0.228801915297301,3.59692955239578,0.000321995644390186,0.00103804713909759
"ARMC5",158.826042685137,0.401122765694508,0.164478773652751,2.43875095117964,0.0147381215775971,0.0340507293525484
"TGFB1I1",108.275671986107,0.799188076414823,0.179081840910346,4.4626974591741,8.09342877855255e-06,3.35368314597138e-05
"KRBOX5",224.478580537178,-0.31773098993175,0.139226523227346,-2.28211537978953,0.0224825292199511,0.0493492885594078
"SHCBP1",568.953350780262,-1.5772057048608,0.0977949265775932,-16.1276843294054,1.63019140778992e-58,8.44186188499489e-57
"ORC6",286.488387829265,-1.46432088796844,0.128255366139408,-11.4172290177457,3.42996157967545e-30,8.11172409807496e-29
"C16orf87",207.777571300631,-0.700384076342111,0.141357755896585,-4.95469153354769,7.24451245299796e-07,3.41941746766569e-06
"GPT2",467.699775569294,0.896605875169432,0.101358209255866,8.84591274601214,9.07831750433823e-19,1.17782836389978e-17
"NETO2",150.842385759681,-1.51343711901388,0.166230093883266,-9.10447130034517,8.66876152639614e-20,1.20354199897677e-18
"PHKB",684.303853780251,-0.333174606945265,0.0897515982981895,-3.71218578011648,0.000205477073205996,0.000683696886308208
"TENT4B",654.265725805338,0.301825172110546,0.0889495007339177,3.3932194067443,0.000690762864227746,0.00209813544180823
"BRD7",656.979148826785,-0.620008285087591,0.095505388656527,-6.4918670434123,8.4779064556321e-11,5.99844335441485e-10
"NOD2",145.786396442623,1.11966524647759,0.156992907022925,7.13194798230017,9.89582758743027e-13,8.37636021386007e-12
"LOC105371267",32.1348196777418,-0.89869612376493,0.332802124200818,-2.70039178963486,0.00692578629520752,0.0173325935434959
"RBL2",577.844229581428,-0.747788523514042,0.0952064947684546,-7.85438562077817,4.01736494764293e-15,4.0672434674985e-14
"AKTIP",168.256306132405,-0.494399912139378,0.152866849070871,-3.23418658227311,0.00121989731542859,0.00354863107689083
"RPGRIP1L",246.615509664742,-0.711974749910412,0.126086479751486,-5.64671764422085,1.63540092852698e-08,9.35605083586817e-08
"FTO",609.768663392064,-0.322440329641474,0.0867180731347328,-3.71825985040629,0.000200599868435094,0.000668703335010884
"CRNDE",70.6496077121625,-0.727199485963615,0.228550830228692,-3.18178448634803,0.00146370691683882,0.0041975592533979
"LPCAT2",334.942508684847,0.383732721294062,0.109328127697306,3.50991761567977,0.000448245552234251,0.0014077785111212
"AMFR",1229.51578653382,0.32999567462571,0.0742231033982194,4.44599672497158,8.74852807965903e-06,3.60854256176551e-05
"NUDT21",2769.12005015913,-0.659632318333363,0.0607714670784499,-10.8543095969996,1.90238949951152e-27,3.88255505896909e-26
"OGFOD1",672.932629939652,-0.600577461457024,0.0938053294547862,-6.40238102619212,1.52972322939636e-10,1.06395763477236e-09
"MT2A",1428.45932101533,1.39761170919791,0.0809628765641772,17.262377135156,9.03151543871641e-67,5.65128262920515e-65
"MT1E",2174.35542327217,1.49692040570986,0.076938488805803,19.4560671640974,2.58906870825515e-84,2.30978253423099e-82
"MT1F",59.0485126122148,0.680468169525518,0.259509573496078,2.62213127769562,0.00873817647930187,0.02135485195735
"MT1X",592.491232105876,3.0411953863329,0.106869240095526,28.4571630116814,3.97355393130028e-178,1.23461061027521e-175
"NUP93",802.852051526258,-0.7212947971752,0.0867850744920838,-8.31127704154928,9.4677598850054e-17,1.07918090378041e-15
"NLRC5",95.7468215527365,-1.1606951892346,0.203465212924697,-5.70463703622976,1.16591262841357e-08,6.779900444221e-08
"CPNE2",421.873199984769,0.331502647832814,0.101848266341908,3.25486785135792,0.00113445139329775,0.00332097929802123
"PSME3IP1",679.799358059616,-0.500715698099185,0.0887528530757908,-5.64168565568926,1.68393330124457e-08,9.61843487218015e-08
"RSPRY1",669.028421717517,0.339273124423188,0.0845972603470921,4.0104504925005,6.06030071675049e-05,0.000219611259232979
"ARL2BP",855.82003712956,0.55083231501604,0.0785985652056765,7.00817265015746,2.41450753665937e-12,1.96886155285694e-11
"POLR2C",916.561442996222,0.264732724566479,0.0790737889096983,3.34792006576037,0.000814204917501394,0.00244383524621796
"CCDC102A",49.5593768780118,0.847003051222272,0.271511267442101,3.11958711401505,0.00181104699882766,0.00510190369952685
"ADGRG1",485.170617539973,0.340818504029252,0.100329075664429,3.397006319177,0.000681273936981527,0.00207245739674951
"KATNB1",169.073541542353,-1.08762439705745,0.153011553328344,-7.10811944195838,1.17634738767701e-12,9.87375699735789e-12
"KIFC3",366.912650444711,0.820847832648347,0.106312315717896,7.72109822935752,1.15331626101431e-14,1.13263827464517e-13
"ZNF319",72.7452423910955,-1.16597126144566,0.229868159165416,-5.07234784355936,3.92937290571676e-07,1.91796395270644e-06
"USB1",448.777560114834,-1.01517335185542,0.104971986488101,-9.67089778729198,4.00846004258496e-22,6.34209468195114e-21
"MMP15",432.127201891659,-0.282568593363904,0.0987390642845303,-2.86177102660851,0.00421281138876998,0.0110139379133939
"CSNK2A2",765.45867536568,0.677380079111143,0.0831059397516984,8.15080223068291,3.61517928789178e-16,3.96767027692435e-15
"CCDC113",144.714059151748,-1.11784692612499,0.166263227528751,-6.72335634728182,1.77585558999101e-11,1.34691471326717e-10
"GINS3",176.431310710508,-1.24919847845855,0.15503462633936,-8.0575450011028,7.78419403398547e-16,8.30053021813326e-15
"NDRG4",215.209577861313,-0.795482729556517,0.147909176717285,-5.37818374229079,7.52410079140865e-08,4.00448376733536e-07
"SETD6",191.871861969326,-0.715812556090568,0.146486979332373,-4.88652683912894,1.02630342464351e-06,4.748398977022e-06
"CNOT1",5179.26932045828,0.310950139449052,0.0527573449869597,5.89396868864253,3.77028642623481e-09,2.3039786940379e-08
"SLC38A7",156.299202125732,-0.52475552127089,0.156207411512236,-3.35935098207414,0.000781257735233824,0.00235160274706009
"GOT2",1456.33752993388,-0.498847480391915,0.0717271346863294,-6.95479448012847,3.53076379539772e-12,2.84943548396159e-11
"CKLF",53.0814634313611,-0.722669820935777,0.277417647698603,-2.6049886405241,0.0091877306009037,0.0223323567789163
"CMTM3",328.388286837803,0.974536201360074,0.12011169004991,8.11358329031192,4.91484797389012e-16,5.33235853928199e-15
"CMTM4",1312.94674896932,-0.221603324455595,0.0723135315572547,-3.06447935377267,0.00218049224167744,0.0060384881842999
"DYNC1LI2",1999.16739650985,0.221760848994274,0.0684599714806814,3.23927755442978,0.0011983289921227,0.0034903970853472
"NAE1",826.810308740826,-0.7179392328015,0.082817321755114,-8.66895013732036,4.36122885696956e-18,5.4016292255291e-17
"RRAD",18.5037420709816,0.97480542976208,0.419204520529576,2.32536955596428,0.0200522079243556,0.0446952181824133
"CES2",472.082209718495,-0.239870312785345,0.104814285979537,-2.28852689825293,0.0221068555237261,0.0486372412883735
"PHAF1",318.020561914321,0.350720871745001,0.119372594535972,2.93803509179247,0.00330299634834296,0.00882611168349474
"HSF4",87.7067054409835,0.75017256051298,0.198867875368959,3.77221589520775,0.000161804155932614,0.000547376139301977
"NOL3",285.306559674173,1.28210579971179,0.125086437850964,10.249758660802,1.18639389250977e-24,2.12103217628159e-23
"KIAA0895L",249.889559304907,0.58302662846133,0.138469237458665,4.21051375136931,2.54790613420148e-05,9.79850969791824e-05
"ELMO3",300.215438157442,0.503614955230483,0.120332554321568,4.18519292696687,2.84924002772499e-05,0.000108531292622346
"TMEM208",114.799553519865,-0.663424828374564,0.177108028734332,-3.74587664441641,0.000179764913836554,0.000604054356190293
"SLC9A5",114.59441662888,0.468393988508447,0.192051644248889,2.43889600810411,0.0147322070896971,0.0340501608263987
"KCTD19",19.7238664256607,1.95709539306711,0.446382074762357,4.38435032165889,1.16332436412939e-05,4.70789767931185e-05
"ZDHHC1",56.2942247919593,0.563690918782629,0.244454981342386,2.30590890677379,0.021115722851249,0.0467284582028923
"RIPOR1",447.637220519781,-0.231514091771227,0.100558157794188,-2.30229050382034,0.0213187949955223,0.0471220415324797
"CARMIL2",77.1735084298712,-0.584917745225134,0.238942815371454,-2.44794029197253,0.0143675462629196,0.0332927287133951
"ACD",188.665958825487,-0.588891760131689,0.144962750323669,-4.06236608243723,4.85778164981799e-05,0.000178184577877814
"PARD6A",29.0303704157111,-0.849067316814337,0.365369576433377,-2.32385883111195,0.0201330613811714,0.0448587906961042
"TSNAXIP1",11.704869753651,-1.43289651625345,0.584910574629219,-2.44977023566683,0.0142947398697056,0.033148407926111
"CENPT",318.851757055845,0.356637442979398,0.115225441904949,3.09512757845263,0.00196728257649941,0.00549820088571585
"PSKH1",135.773080469083,-1.31633690926018,0.176140857197345,-7.47320599096085,7.82641862142936e-14,7.20326302230738e-13
"PSMB10",106.1948814752,-1.0540890854306,0.196186239115765,-5.37290021044037,7.74802124127696e-08,4.11636470486592e-07
"DDX28",83.536564227037,-1.30475872798358,0.220916424154433,-5.90611917143597,3.50260644319127e-09,2.1440377280146e-08
"DUS2",167.703378175114,-0.33913263848567,0.148029803968852,-2.29097539409719,0.0219648368256664,0.0483720303599334
"NFATC3",746.004610529116,-0.28479675396289,0.0821713333703186,-3.46588940792047,0.000528480611645278,0.00163863542712656
"ESRP2",288.841099984999,-0.452275534823237,0.122483596455397,-3.69253963723979,0.000222025722614657,0.000734960607501603
"PLA2G15",126.060816072212,0.542043225768763,0.177638847072868,3.05137775154786,0.0022779378798858,0.00628335875423282
"SLC7A6",362.976938422403,-0.270429241109276,0.111680916698891,-2.42144539194995,0.0154589234953752,0.0354659783972193
"PRMT7",164.066304683393,-0.847898683704983,0.153982345187948,-5.50646687884934,3.6610680450469e-08,2.01700113848335e-07
"SMPD3",28.5677102481948,-0.859774794775595,0.357030385028792,-2.4081277975998,0.0160345669825696,0.0366234387316712
"ZFP90",414.689234383859,-0.257856826502612,0.103479299112613,-2.4918686994777,0.0127073002953544,0.029840794712351
"CDH3",2364.70059296374,0.562469606510497,0.0714749844763919,7.86946105173733,3.5617227409965e-15,3.61511677082597e-14
"CDH1",1630.14671193012,1.50686438020654,0.0696890825541001,21.6226749582584,1.09918278790514e-103,1.39495584653793e-101
"TANGO6",220.705917175714,-0.552703666080188,0.139457111846481,-3.96325191854413,7.39356898454692e-05,0.00026431165774751
"HAS3",598.327203486771,2.06237352754223,0.101694052818392,20.280178342634,1.92432361532546e-91,1.90539757537253e-89
"UTP4",1193.8245129178,0.213023926208069,0.0708101494208914,3.00838125537438,0.00262643418283388,0.00716267711998326
"SNTB2",1314.16526848847,0.200754803779225,0.0818483490570795,2.45276546310326,0.0141762735223943,0.0329299594157086
"COG8",232.45127678476,-0.796937989142013,0.144963284416894,-5.49751609414514,3.85178170684995e-08,2.11560372261941e-07
"NIP7",598.10947892963,-0.326477667681886,0.0905401236866946,-3.60588934925283,0.000311085680355805,0.00100485302844452
"TMED6",38.076628336885,1.0039622156819,0.309538861752464,3.2434125072307,0.00118107078495527,0.00344458271818723
"CYB5B",6805.04952592527,-0.549206302836871,0.0557092102580761,-9.85844710942124,6.30164258720385e-23,1.04376747301471e-21
"NFAT5",5948.90554994845,0.619648990652763,0.085547871283898,7.24330110560441,4.37893236980827e-13,3.80485729201132e-12
"NQO1",3717.07308131301,0.241065356775498,0.0767886817006898,3.13933448831864,0.00169332041121324,0.00479273239052518
"NOB1",1253.58191618005,0.766449839311204,0.0937228107524564,8.17783667772807,2.88985093463303e-16,3.18325205947566e-15
"WWP2",484.641686972888,-0.396132281634199,0.100711258483782,-3.93334655527107,8.37713236330129e-05,0.00029710679522839
"PDPR",1316.53540955009,0.269841443985065,0.0712407579504047,3.78773965561848,0.000152024022390297,0.000516325840085853
"EXOSC6",452.222701079724,-1.31847120311144,0.10302938032832,-12.7970409887929,1.70318200680252e-37,5.24667400762193e-36
"AARS1",1763.23239555599,-0.47397557325244,0.081543175111831,-5.81257196083443,6.1520223686574e-09,3.67713416602239e-08
"DDX19A-DT",12.8406609790389,-1.24835550668128,0.529350574832585,-2.35827741771338,0.01835996651738,0.041368461691636
"DDX19A",428.736909030154,-0.595114575583496,0.104818094412306,-5.67759392040261,1.36602527403325e-08,7.86741497710234e-08
"FCSK",104.916247507057,-0.840705764528221,0.190671195218211,-4.40919124446714,1.03757369509492e-05,4.23513376201711e-05
"COG4",440.684572910321,-0.426381792355836,0.0975241305522834,-4.37206453357971,1.23077131590339e-05,4.96079845311898e-05
"HYDIN",5.8596533074004,2.71705105827749,0.867267951636665,3.13288534777516,0.00173097042804246,0.00489391560774289
"CALB2",106.683599073273,1.22148443254778,0.180720605260519,6.75896603371228,1.38979968559332e-11,1.0621535256182e-10
"ZNF23",208.456285067075,0.570372978985178,0.13374240575759,4.26471301868897,2.00159301942877e-05,7.82444854731581e-05
"AP1G1",2452.54184897918,0.288077858836667,0.0589455969420598,4.88718197425044,1.02289539997899e-06,4.73506242050383e-06
"ATXN1L",771.106065640788,0.383129227439923,0.0830882073772095,4.61111437511905,4.00516082982347e-06,1.73127856354638e-05
"IST1",1475.8579760055,0.524428667811161,0.070674023730194,7.42038786150378,1.16777845163972e-13,1.06017810967251e-12
"DHODH",105.532519873387,-1.08151948588694,0.193177021926913,-5.59859280932557,2.1609870374741e-08,1.22002341485967e-07
"DHX38",813.665575712165,0.262784702560801,0.0891702015467481,2.94700133006915,0.00320871823281636,0.00859713221433
"PMFBP1",40.9841812906457,-1.40924790549804,0.305012978851435,-4.62028832610579,3.83207129871544e-06,1.66284028110164e-05
"LINC01572",96.6417405064622,-1.50544793744463,0.209168532328456,-7.19729646083011,6.14181310799011e-13,5.2806113558726e-12
"ZFHX3",1055.55033802487,0.643170760306703,0.0784237685219141,8.20122231344927,2.37955009298698e-16,2.63726151449682e-15
"CLEC18B",33.4477678742541,1.705072778961,0.34736603511012,4.90857656368294,9.17398137911569e-07,4.27194621274015e-06
"GLG1",5984.02053698692,-0.228028182965846,0.0624041424773101,-3.65405522636188,0.000258130707423594,0.000843490709460792
"RFWD3",1574.64550029348,-0.605306487769388,0.070975742891495,-8.52835719796209,1.48440589571233e-17,1.78217712502545e-16
"FA2H",100.051098244231,1.61320340920959,0.205087863398522,7.86591357712306,3.66413445605438e-15,3.71589009749893e-14
"WDR59",762.120313188351,0.611499977071415,0.0818923050577592,7.46712376260652,8.19666694032439e-14,7.52865111781783e-13
"ZNRF1",432.295984625645,0.583914364411446,0.100215601423219,5.82658145157987,5.657426135295e-09,3.39050470183409e-08
"LDHD",61.7446864658487,1.25646169121255,0.236472633037829,5.31334926613494,1.07628467749706e-07,5.60894336991745e-07
"ZFP1",365.726796484853,0.451378936210587,0.110939255672256,4.06870348530264,4.72754637763858e-05,0.000173584175369651
"BCAR1",528.22938802819,0.918153610467689,0.0951588194181817,9.64864440397061,4.98097932676682e-22,7.81220439057135e-21
"TMEM231",98.6244396485218,0.47106819323489,0.190269559093092,2.47579379213474,0.0132940335294498,0.031044677754855
"GABARAPL2",487.847048467784,-0.515855663654734,0.100348059395402,-5.14066407225778,2.73769139873098e-07,1.36362456319876e-06
"ADAT1",357.669910690047,-0.833802031340559,0.109811994941256,-7.59299593625085,3.12592353004014e-14,2.97581975355802e-13
"TERF2IP",550.734382542148,0.214198915723316,0.0926063013881269,2.31300583775154,0.020722318180927,0.0459727804922425
"MON1B",540.592968404138,0.511442499309373,0.0908402853030406,5.6301287210098,1.80075178748694e-08,1.02531905094162e-07
"NUDT7",45.612005319404,-0.646756661213182,0.275621904061956,-2.34653578573276,0.0189488464864451,0.0425516713435798
"CMC2",384.306987341466,-0.744405302722977,0.111501817619392,-6.67617191016548,2.4526425304282e-11,1.82640789424986e-10
"CENPN",796.39372539548,-0.725129416348475,0.0867528645179098,-8.35856453130461,6.34859862369079e-17,7.30109098899372e-16
"GCSH",213.27528102251,-1.00792691326072,0.13989078403662,-7.20509875044282,5.8001799225142e-13,4.9940297364371e-12
"GAN",2013.59384290275,1.19356534109771,0.0709426515644931,16.8243689060967,1.61776317733002e-63,9.46549033073518e-62
"CMIP",798.536627818071,0.719466765940437,0.0823113393199146,8.74079770642692,2.3147016465922e-18,2.91700967645021e-17
"PLCG2",633.466416988252,-0.577053375253754,0.0965891318024157,-5.97430957795732,2.31066652410751e-09,1.4353850889673e-08
"HSBP1",1706.80634576653,-0.40226326460562,0.0771341611546907,-5.21511167793593,1.83706522906852e-07,9.31506823101964e-07
"MLYCD",108.078004942702,-0.637100984202962,0.181481055223802,-3.51056468906515,0.000447155994262901,0.00140460138968306
"OSGIN1",183.517593477017,1.99007519397424,0.156053084350425,12.7525527756018,3.01701288807725e-37,9.27808690376113e-36
"NECAB2",9.24769326628782,3.44472212027681,0.774969858634331,4.44497561020911,8.7901839091344e-06,3.62489483355861e-05
"MBTPS1",1947.53211947682,-0.259413032632521,0.0629116741227885,-4.12344825105447,3.73242343967573e-05,0.000139489844061378
"TAF1C",386.063720068611,-0.362049418998125,0.10423591916535,-3.4733652458497,0.000513975386380939,0.00159778341175969
"ATP2C2",130.399980393178,0.393122843472894,0.168179004336878,2.33752628648838,0.0194118357665518,0.0434182316431712
"ATP2C2-AS1",61.5396623780718,1.25187845124459,0.239725787239951,5.22212677099914,1.76879807359908e-07,8.98407837777032e-07
"MEAK7",565.629033635081,0.459723507786786,0.0937674482837775,4.90280493072052,9.44777935198036e-07,4.39490014718735e-06
"COTL1",2052.69242927781,0.527458061443363,0.071851692414855,7.34092745370482,2.12118769841426e-13,1.88490747106131e-12
"KLHL36",905.911921175816,-0.356818864497528,0.0862484896198775,-4.13710276052525,3.51718620881575e-05,0.000132075875534629
"KIAA0513",293.445997780922,0.700437283086995,0.127204664795454,5.50638047915384,3.66286441404925e-08,2.01737407107523e-07
"GINS2",401.757762741477,-1.84744892380251,0.119463477145772,-15.4645500695432,6.01923593214214e-54,2.84705120034471e-52
"EMC8",615.771196462927,-0.206104067857233,0.0900916218699483,-2.28771625573301,0.0221540504199298,0.0487113399972615
"FBXO31",490.065836241455,0.32680616405717,0.105186504294231,3.10692104704818,0.00189046881313343,0.00530078395541894
"MAP1LC3B",2245.50237806161,0.666237773367962,0.0608654360588223,10.9460773882255,6.93878215064751e-28,1.45738686639649e-26
"ZCCHC14",1530.77480551487,0.39399084776411,0.0756426655667344,5.20857963970768,1.9029167321105e-07,9.63000910681364e-07
"KLHDC4",291.937665786696,-0.762196969499153,0.122616619409024,-6.21609838187287,5.09668554482328e-10,3.34355188217184e-09
"SLC7A5",4478.82722843801,0.583142489152778,0.0666472891432031,8.74968054439239,2.1395756181382e-18,2.70767501506099e-17
"BANP",270.820012612785,0.383661587805248,0.120852937641241,3.17461532415678,0.00150035257288453,0.00429308569640396
"LOC107984862",50.5758326872433,4.2974036689918,0.402766790654863,10.6697070580338,1.41070428833102e-26,2.79365955824322e-25
"ZNF469",342.475616727508,1.02180084421453,0.119749254230562,8.5328368078784,1.42802058963278e-17,1.71562393638482e-16
"ZC3H18",412.988714294361,-0.454253328110389,0.103511826893547,-4.38841958202078,1.14177338010053e-05,4.62795728357885e-05
"CYBA",651.78945249943,-0.23930439092523,0.0966523763371233,-2.47592868374531,0.0132890119938275,0.0310369731908715
"MVD",1618.69351912428,1.34051909694038,0.0721128316554529,18.5891895542978,3.9307224282741e-77,3.09325540960383e-75
"RNF166",147.145701158283,-0.388372344342271,0.158378529890189,-2.45217798530867,0.0141994407433398,0.0329710245632941
"CTU2",176.662481309566,-0.790043350689698,0.147892321620553,-5.3420173679923,9.19178456968536e-08,4.83494307443958e-07
"PIEZO1",2112.25879702836,0.649595849050457,0.0622954735870332,10.4276572862538,1.85403056095141e-25,3.42681894758003e-24
"CDT1",788.535911414533,-0.635228873358137,0.094675477612869,-6.70953967568675,1.95239330049987e-11,1.47398741802715e-10
"APRT",699.929514513886,-0.308818041150693,0.0979404513837979,-3.15312046031453,0.00161535133527412,0.00459514544798342
"GALNS",229.627578716636,0.526599660062993,0.126771886182312,4.15391516148688,3.26834394537955e-05,0.000123219301756663
"CBFA2T3",185.369704701902,0.748773982405524,0.150217383873802,4.98460273435843,6.20892492712281e-07,2.95695127145032e-06
"ACSF3",415.469686779883,-0.282068618565839,0.101049074075878,-2.79140230769491,0.00524801972939575,0.0134759993649816
"SLC22A31",176.95379095389,-0.348870424472456,0.151659896301523,-2.30034724393355,0.0214285551135767,0.0473298188137965
"ZNF778",472.840767095037,0.432576607503014,0.0965013975985063,4.48259422420748,7.3741065601564e-06,3.07399431692293e-05
"ANKRD11",4386.28890877953,1.41810502975208,0.0793901983834971,17.862469909722,2.31179160168808e-71,1.64018883677248e-69
"LOC100287036",146.31776231388,2.01419140221828,0.17470791031325,11.5289078703239,9.43327693616352e-31,2.30036649075241e-29
"SPG7",837.322314380274,0.520534978285375,0.0889514064033692,5.8519027335543,4.8598082773049e-09,2.93281073596798e-08
"RPL13",8492.2937904638,0.332946127163021,0.0799180790813837,4.16609271631728,3.09864720510007e-05,0.000117287799376409
"DPEP1",10.0081514192794,1.63283725992947,0.611163451815109,2.67168669049182,0.00754710779201125,0.0187465788449117
"SPATA2L",146.238011210009,-0.384012451273716,0.163129697921296,-2.35403152318094,0.0185710361147747,0.0418022285566268
"VPS9D1-AS1",98.1720322572382,-1.25726706949353,0.202333248278713,-6.21384315325997,5.17041394536577e-10,3.38945179008499e-09
"FANCA",716.324504199923,-1.07238423049968,0.0933402152741282,-11.4889838999216,1.49864251556642e-30,3.62024621622286e-29
"MC1R",142.488676626243,1.23327511396727,0.177340583157792,6.954274605435,3.54380726340682e-12,2.85868176785382e-11
"TUBB3",1431.96585780155,0.584265237265408,0.0762912300924286,7.65835387052427,1.88331365126094e-14,1.82174961402971e-13
"AFG3L1P",250.487382375514,-0.457692082768614,0.134829918385803,-3.39458844333773,0.000687318359606904,0.00208872920041754
"DBNDD1",469.318525292484,0.520497377573548,0.107560689003318,4.83910415967578,1.30425682658713e-06,5.94586700529389e-06
"RFLNB",429.325121400382,-0.307306697750503,0.103732134833213,-2.96250239373372,0.00305149436753022,0.00821619303709281
"TLCD3A",380.451118251436,0.496596077330644,0.1047927133319,4.73884167649924,2.14943357622449e-06,9.57837351066805e-06
"GEMIN4",610.57530851605,-0.509457387674548,0.104314291452423,-4.88386951184832,1.04023929562084e-06,4.80917197187868e-06
"MRM3",193.294881951616,-0.434539429780666,0.13975451744833,-3.10930507088133,0.00187527980024987,0.00526228858304313
"ABR",1207.33850529557,0.395679271094013,0.0725812698703184,5.45153414649505,4.99371304908433e-08,2.70977726159436e-07
"PITPNA-AS1",7.39997262712747,-2.27332399180472,0.797990945264802,-2.848809256915,0.00438831810856299,0.0114181173309867
"SLC43A2",167.683390614222,-1.06054791662332,0.153360058126491,-6.91541154574018,4.66507054140244e-12,3.73143525195798e-11
"SCARF1",19.7254995551292,1.26892696513576,0.423053679002815,2.9994467088119,0.00270470434078964,0.00735942577764911
"SERPINF2",44.1698178129607,0.718997146776198,0.302534513706959,2.37657891645591,0.0174740231051589,0.0395701646617326
"RPA1",1732.46544044277,-0.660983256721298,0.0780190394372991,-8.47207632250465,2.41057100814166e-17,2.85419843217614e-16
"SMG6",561.81925169045,0.510094402433294,0.090073714046195,5.66307726771084,1.48682167462749e-08,8.53040859549887e-08
"TSR1",1247.27501642838,0.593698667235768,0.0703511117415418,8.43908010177462,3.19844853167837e-17,3.74767496679948e-16
"SGSM2",624.843888309902,0.657748865177483,0.0936475819623829,7.02366095732928,2.16128902944789e-12,1.76797955513756e-11
"MNT",275.094803202603,0.881431405229487,0.131418744182513,6.70704480333008,1.98605300012287e-11,1.49689088729462e-10
"TRPV3",52.8663188948183,1.19525107095876,0.25757649185185,4.64037328238101,3.47780384265892e-06,1.51751823362122e-05
"TRPV1",120.333361581724,-0.840464574167062,0.185527078710201,-4.53014503332904,5.89432094500088e-06,2.4922937060033e-05
"SHPK",297.995148819775,-0.739320729694589,0.117088455623215,-6.31420685975814,2.71550515070318e-10,1.84039557430696e-09
"ITGAE",163.520495308506,-0.736269638308972,0.150973144312176,-4.87682522387257,1.07806875845798e-06,4.97385486333109e-06
"HASPIN",229.274695286423,-1.37397399799837,0.148570908254026,-9.24793429713137,2.28872959183524e-20,3.28909058807518e-19
"NCBP3",812.41401355355,-0.232699744345044,0.0816758808342765,-2.84906317468679,0.00438481727756913,0.0114141041191195
"CAMKK1",111.015481359669,0.597035095812854,0.178972678504371,3.33590076877725,0.000850235062650078,0.00254435172102575
"ATP2A3",218.679853272329,-0.911656345625639,0.136620477127642,-6.67291144631193,2.50777727687842e-11,1.86592296889455e-10
"ZZEF1",795.296193721395,0.328391070785981,0.0818264688497993,4.01326215590185,5.98853407507448e-05,0.00021705424892783
"UBE2G1",1050.90108752995,0.338064251121207,0.0740962210449634,4.56250327416915,5.05473051156289e-06,2.15447725990716e-05
"SPNS2",96.2983936338067,1.39222082800165,0.195008582477673,7.13927977073031,9.3821203974179e-13,7.94899819848933e-12
"MYBBP1A",638.575901818104,-0.857617484183604,0.0904844162472564,-9.47806837632782,2.59033529034663e-21,3.89328042263024e-20
"PELP1",432.351878764749,-0.416398637085327,0.10417408864921,-3.99714211551669,6.41118142108644e-05,0.00023144210815184
"ARRB2",277.691909505029,-0.548624991917565,0.129394975630664,-4.23992499897,2.23594481397116e-05,8.68778816140022e-05
"CXCL16",431.397766073796,0.47646980937757,0.107839020378183,4.41834326486487,9.9460367845971e-06,4.06710980020931e-05
"MINK1",990.337995959295,0.214499162632633,0.075750737759777,2.83164453543487,0.00463092986791893,0.0119991354636617
"CHRNE",7.66008004836444,2.31750378707802,0.796718411628443,2.9088116369009,0.00362805381334838,0.00961911987205402
"SLC25A11",392.828814739478,-0.650038583426191,0.11428619344798,-5.68781375785405,1.28676042308927e-08,7.4489911932193e-08
"RNF167",619.39408305323,-0.253024080009198,0.0988942910123599,-2.55853070403806,0.0105115537110823,0.0252302489913978
"ENO3",92.3490734309162,0.53763768066644,0.206320891679629,2.6058324791523,0.00916512747968129,0.0222804211940289
"KIF1C",1303.00635880054,-0.351819264383485,0.0736932736273338,-4.77410280567303,1.805101595895e-06,8.11136574424372e-06
"ZNF232-AS1",36.5364718081402,-1.21422228635758,0.319455889594586,-3.80090749899311,0.000144167117440943,0.000492052201402127
"ZNF594",159.803123539624,-1.16013455886105,0.176837751432355,-6.56044622522152,5.36469986113277e-11,3.87950466281997e-10
"NUP88",553.03762476755,-0.896708602893702,0.100093468941092,-8.95871241530693,3.28491659996999e-19,4.38175292731749e-18
"MIS12",328.863069186268,-0.717962154563123,0.113828836967807,-6.30738373235052,2.83791614482165e-10,1.91830783367708e-09
"NLRP1",231.425128318136,0.669020616629565,0.127698543272842,5.23906224364775,1.61394601166596e-07,8.2207238768322e-07
"PIMREG",223.343577747583,-1.18120464358977,0.144925541979575,-8.1504241933851,3.62649916528845e-16,3.97767142164718e-15
"PITPNM3",122.677373593838,0.5164325510676,0.177454432974149,2.91022626153742,0.00361167188966964,0.00958414653567025
"KIAA0753",435.583083207128,0.323876567658082,0.102885786343075,3.14792333489203,0.00164434813667281,0.0046665823261387
"XAF1",5.11112297795922,-2.82101987219654,1.06463594073534,-2.64975074037803,0.00805511752986053,0.0198579032839421
"DLG4",263.068751699786,1.12757265065631,0.128149285326046,8.79889925088121,1.38164654167798e-18,1.77214607313729e-17
"ACADVL",2497.44041962144,0.448346001492591,0.0598674680091608,7.48897550542786,6.94132923696396e-14,6.42474032764908e-13
"DVL2",576.897578503319,-0.317253109919968,0.092557941473598,-3.42761631113483,0.00060890539892872,0.0018703058111632
"GABARAP",1009.8241948609,-0.436124233268583,0.0840008013071245,-5.19190563044776,2.08152507911112e-07,1.04985064233589e-06
"CTDNEP1",791.658361086426,0.278941005461399,0.0819478582581731,3.40388402321154,0.00066434954414154,0.00202507495517163
"SLC2A4",18.2870126631694,-1.7309698157851,0.484516739120413,-3.57256968856739,0.0003534953700172,0.00113149912310479
"EIF5A",5269.52618406276,-0.324780654840007,0.0737673721233637,-4.4027683987016,1.06878242786478e-05,4.3536455995821e-05
"ACAP1",220.398454414766,2.06021616488172,0.141165823648626,14.5942984755983,3.05337357783301e-48,1.27078164540713e-46
"KCTD11",301.962706669084,2.29974156010212,0.1497500082372,15.3572048988431,3.16947710397193e-53,1.4720914147082e-51
"TMEM95",7.8695771671508,3.84265579262712,0.920749110054617,4.1734015821087,3.00085322275404e-05,0.000113897169181235
"TNK1",258.669110886113,0.395067045090882,0.12194668902508,3.23967012347199,0.00119668055810483,0.00348672277083381
"NLGN2",532.427350514971,0.378206027645288,0.0984956355846044,3.83982524099174,0.000123121921440602,0.00042448443586782
"SPEM1",4.5084483345075,4.02167941533013,1.25406466827283,3.20691549413399,0.00134166401554037,0.00387283793433493
"SPEM2",3.29906028604573,4.50564724443484,1.44593119063756,3.1160869020663,0.00183268255536455,0.00515559980178343
"TMEM102",170.756006278095,0.332335865733865,0.143391269591527,2.31768549564124,0.020466419872192,0.0454778486457178
"FGF11",101.815081354819,0.516536982465052,0.184804330774191,2.79504803973559,0.00518920034675409,0.0133382655040444
"ZBTB4",685.443168597003,0.258202512657373,0.0887495194282723,2.90933984004334,0.00362192911897353,0.00960853594185514
"SLC35G6",16.4147809452909,1.10405022992341,0.451852820704587,2.44338461404719,0.0145502215460437,0.0336770540047847
"POLR2A",4568.43748932215,0.276853833712046,0.0595790926467265,4.64682863422656,3.3707695249631e-06,1.4722403686224e-05
"SENP3",45.3659871867665,-0.778268378179927,0.274883802501726,-2.83126314135967,0.0046364559353509,0.0120117269135938
"CD68",260.768208566595,1.76485727717717,0.128545416172051,13.7294454344059,6.7649328130098e-43,2.46284553986363e-41
"FXR2",715.412342336963,0.398554949030938,0.0998041429988366,3.99337078657731,6.51405834574146e-05,0.000234873640353355
"WRAP53",219.047883925148,-0.538738102181908,0.159220112382345,-3.38360584049963,0.000715406273328083,0.0021660511511501
"KDM6B",523.980865248829,1.10827088926889,0.0962909546245044,11.5096053787264,1.18017191256068e-30,2.86629084046576e-29
"NAA38",171.979806957158,-0.889293139373844,0.152592116578904,-5.82791011299722,5.61257933753093e-09,3.36474691422638e-08
"CYB5D1",370.648742567291,0.469201906780334,0.110514116076941,4.24562873446567,2.17981311496626e-05,8.48249020617727e-05
"PER1",491.069380196034,1.47624257699821,0.0964015467923284,15.3134739650846,6.21535740659475e-53,2.8646280261955e-51
"TMEM107",162.12326717211,-0.698488655337305,0.157954886029201,-4.42207691636823,9.77566414077359e-06,4.00107298389464e-05
"BORCS6",109.804935420723,0.442267726794194,0.174387002851828,2.5361278051781,0.0112085819345829,0.0267076365256008
"AURKB",414.647654046253,-1.49391745478342,0.120126150939298,-12.4362384302009,1.66145649509391e-35,4.82143437972422e-34
"CTC1",511.121973045877,-0.595925197409023,0.0965044226403974,-6.17510763863753,6.61184093796165e-10,4.2829613782533e-09
"PFAS",366.9677543554,-1.38582058258795,0.115365960017201,-12.012387210069,3.05885637567947e-33,8.23970863170698e-32
"SLC25A35",29.3667359913969,-1.20357707375419,0.36726222360703,-3.2771600137182,0.00104856926776999,0.00308835869109657
"RANGRF",16.1256507422684,-1.39663610734949,0.481776608014969,-2.89892884817292,0.00374439855703317,0.0098899367714316
"RPL26",6830.98637930389,0.560234506794675,0.0738536776848103,7.58573607106773,3.3060478592121e-14,3.13569939320322e-13
"NDEL1",502.281022689616,0.702876811591172,0.0981293803476317,7.16275603800993,7.90709958564206e-13,6.7245795956987e-12
"PIK3R5",14.2225723677963,-1.68146588835789,0.540361843200778,-3.11174060403284,0.00185987844366733,0.00522395097152883
"MYH3",50.2854447170043,0.877783748242038,0.278749965073429,3.14900038825408,0.00163829977610899,0.00465161497798333
"SCO1",479.737975914228,-0.344125082460959,0.0968549572695582,-3.55299400425339,0.00038087314579796,0.00121138633258472
"ADPRM",90.5181844553792,0.685771643293051,0.192153198965019,3.56887965949448,0.000358511042871048,0.00114572220315289
"MAP2K4",1170.07956187243,0.725390655350344,0.0738443024290561,9.8232447391218,8.94181219164405e-23,1.47160180370427e-21
"ARHGAP44",97.4539149227921,-0.435961808839665,0.189065345079582,-2.30587899996247,0.0211173943512765,0.0467284582028923
"ELAC2",1044.29994834084,-0.198364849354513,0.0797081845788651,-2.48863840523486,0.0128233313700141,0.0300853340133284
"COX10-DT",59.3705253858457,-0.831712873991184,0.244229843931276,-3.40545144116466,0.000660547596483843,0.00201519015341719
"COX10",338.098861236398,0.43146541503349,0.109615243500142,3.93618078340475,8.27886165208851e-05,0.000293745551943861
"HS3ST3B1",69.6918557945382,0.710773067784942,0.226710629513381,3.13515545923263,0.00171763061792429,0.00485848710808563
"PMP22",930.218318252489,1.1612570726775,0.092439858171803,12.5622982947383,3.40302023760703e-36,1.00864848193941e-34
"CDRT1",52.4289452493485,2.26167510040646,0.29850484945782,7.57667791499664,3.54515431008838e-14,3.35190062025722e-13
"TRIM16",369.479196435384,0.798359904030783,0.108995346281622,7.32471551554118,2.39406032236989e-13,2.12110919712034e-12
"ZNF286A",338.324883774118,0.30717873835829,0.110554965551587,2.7785159791394,0.0054607827363538,0.0139685969754197
"ADORA2B",415.575546614668,0.626818664053201,0.104552469632707,5.99525450001531,2.0316700853733e-09,1.26729960042076e-08
"TTC19",1075.19240631155,0.393612929334612,0.0721861999927167,5.45274483730028,4.95982136299294e-08,2.69381979452971e-07
"NCOR1",1035.51355370346,0.309506047938472,0.0793190768331123,3.90203794970628,9.53861981134672e-05,0.000333972153915444
"CENPV",201.071114746532,-0.444500218362602,0.156662744591275,-2.83730646697325,0.00454959191494417,0.0118019570892772
"UBB",4636.45102798033,-0.853534464931933,0.074194400193114,-11.5040281033386,1.25899582158452e-30,3.04951125010411e-29
"SNHG29",5791.36110847332,0.544509953104251,0.0659881823489976,8.25162830254139,1.56250761656146e-16,1.75329699614285e-15
"ZNF624",67.235713717096,1.04178721511514,0.226289431143579,4.60378202309471,4.14886709725117e-06,1.78867784592257e-05
"MPRIP",2662.8371331592,0.289971742446968,0.0667829490337372,4.34200266149495,1.41189822480659e-05,5.65921216842517e-05
"RAI1",666.033926274055,0.376531586248129,0.0986575999177068,3.81654922238332,0.000135331087563635,0.000463474254843076
"SREBF1",1871.0972486535,0.327660877215173,0.0671791331553436,4.87742044032478,1.07482177685377e-06,4.96014423576996e-06
"TOM1L2",416.361396301792,0.283068848026929,0.102366330919222,2.76525343328268,0.00568785866674774,0.0145021082390296
"GID4",290.91129220309,0.710435242721857,0.120812948786024,5.88045610889055,4.0913749038699e-09,2.4917427219547e-08
"MYO15A",91.5487958420783,0.811813135199653,0.192750120639664,4.21173866198141,2.53412623341409e-05,9.75592583899922e-05
"ALKBH5",2208.42251782928,1.31622937235693,0.073495062506033,17.9090856919658,1.00167442574561e-71,7.16316461363556e-70
"FLII",1953.32706293716,0.43018031454726,0.0712841210960292,6.03472846312786,1.59230207555245e-09,1.00424904224754e-08
"TOP3A",703.734601732765,-0.331081942500788,0.0859280784481681,-3.8530122921403,0.000116673530784954,0.000403719988148167
"SHMT1",427.559101322467,-1.06070748978936,0.10910625644975,-9.72178428904194,2.43477017206642e-22,3.90017717962747e-21
"ZNF286B",81.3021103888358,1.41773863161982,0.220577086025693,6.42740665934211,1.29799246861598e-10,9.07336007638812e-10
"FOXO3B",109.096410773438,0.910055425347278,0.183111842771087,4.96994302266383,6.69725792222282e-07,3.17441570269273e-06
"TRIM16L",113.379895135845,1.23728514042958,0.184201510348744,6.71701951893369,1.85479132267893e-11,1.40501027431682e-10
"TVP23B",731.414623079626,0.745677724691349,0.0863935884331987,8.63116972236802,6.07276938783459e-18,7.43460442514722e-17
"PRPSAP2",416.364910205868,-0.301629063053928,0.121279634079447,-2.48705452769043,0.0128805655018602,0.0301925950714129
"FAM83G",863.029247127762,0.999870343638711,0.0897855291181993,11.1362081780731,8.36035720842081e-29,1.84634800555088e-27
"EPN2",467.914274348253,0.849728490892071,0.0948991898536082,8.95401206483285,3.42791352450836e-19,4.56236555577291e-18
"MAPK7",286.458060355253,1.45850608474259,0.12360429855505,11.799800668688,3.91237103950116e-32,1.00865291134264e-30
"MFAP4",33.808768559221,1.899206867285,0.343985758671978,5.5211787680317,3.36732968954672e-08,1.86086011454527e-07
"RNF112",20.8429126288867,2.89928585968568,0.484111721990263,5.98887762470662,2.11294065800089e-09,1.31527818990791e-08
"SLC47A1",13.2684599143108,1.22172247172811,0.513405818269412,2.37964282494166,0.0173294259733069,0.0392772714708795
"AKAP10",680.134225051928,0.678256222219168,0.0825080150940148,8.22048889973077,2.02675246707928e-16,2.25457445736023e-15
"USP32P3",44.3125967959438,0.737183504156203,0.284990886666767,2.58669150013269,0.00969023074168112,0.0234305176701778
"CCDC144NL",2.16943476865017,-4.22062451723379,1.57419382715277,-2.68113395214335,0.00733731388182714,0.0182758442936292
"CCDC144NL-AS1",11.9028709347193,-2.20583621592598,0.632034140743615,-3.49005864355795,0.000482914563010037,0.00150929645161357
"USP22",4339.83944277304,0.233862022721905,0.0595648021623267,3.92617811580371,8.63062556695114e-05,0.000305324898590551
"DHRS7B",117.355137895077,-0.652118028622774,0.181772201671471,-3.5875564174625,0.000333791523979693,0.0010730033987938
"NATD1",90.1769793653918,-0.495475705782663,0.199151216544303,-2.4879371282798,0.0128486445103894,0.0301334490788298
"MAP2K3",641.648064143227,-0.252100502942562,0.0868706159067713,-2.90202274164965,0.00370761623732592,0.00980266317676797
"KCNJ12",170.694188205546,0.928559849731061,0.15590096561823,5.95608786673531,2.58347467115408e-09,1.5971456963591e-08
"LINC02693",174.106608048594,-0.729824184819379,0.150311327155197,-4.85541707755553,1.20133618993733e-06,5.50592051853018e-06
"WSB1",3275.24618838594,2.23395752736384,0.0741798886971778,30.1154068386844,3.04542705406155e-199,1.19307915089659e-196
"KSR1",300.182166948093,0.384989174218506,0.116469212469955,3.30550165193071,0.000948065451827596,0.00281514046916874
"NLK",207.37403634666,-0.719233232157132,0.143487124955317,-5.01252800473286,5.37195540987235e-07,2.57810941255152e-06
"TMEM97",1616.37548114959,0.489093856797393,0.0835446335903733,5.85428214570266,4.79074727279749e-09,2.89420236684826e-08
"TNFAIP1",596.871757947548,0.422190924495693,0.0917374812224897,4.60216390148929,4.18123953375613e-06,1.80005058857666e-05
"TMEM199",253.643921452407,-0.484760082685519,0.135826336792456,-3.56896971627997,0.000358387844893158,0.00114553163405811
"UNC119",278.15601550654,0.554569842660986,0.119775426225306,4.63008031061228,3.65523935207008e-06,1.58840290242718e-05
"ALDOC",3244.99437202024,3.30778150448809,0.0746483956336113,44.3114882297447,0,0
"SPAG5",873.767139152743,-0.615813162750944,0.0918582201711202,-6.70395269583672,2.02855955682098e-11,1.5276503039478e-10
"RSKR",180.483386139605,0.553396311522004,0.169883304793454,3.25750851265125,0.00112394887198092,0.00329290889643442
"RPL23A",3696.81061240636,0.336937010423867,0.081673538621684,4.12541217277944,3.70071389424787e-05,0.00013836351806342
"TLCD1",132.278927128343,-0.462051628154153,0.163010504137322,-2.83448990357649,0.00458989082745138,0.0119013557700002
"TRAF4",588.398758317335,-0.24734973633814,0.0909340971414967,-2.72009888604551,0.00652623965558234,0.0164144263549545
"FAM222B",332.765286089282,0.47195132816636,0.109446647002476,4.31215885632094,1.61668208211477e-05,6.42288972702608e-05
"ERAL1",414.925476750419,-0.376026219896649,0.108392970986824,-3.46910151528514,0.000522202096574156,0.00162084119572216
"FLOT2",685.892040023092,-0.30919190211806,0.099476358431875,-3.10819482128315,0.00188233938414207,0.00528045424060154
"PHF12",475.471399139204,-0.227821012070413,0.0972432844699388,-2.34279429486815,0.0191399324949333,0.0429005874989046
"TIAF1",17.144645164428,1.16155464915297,0.442479662183914,2.62510291076423,0.00866227816923035,0.0211923587955064
"CRYBA1",61.0364175940244,0.689894802057576,0.269871702051127,2.55638066834764,0.0105767341653151,0.0253731797647956
"NUFIP2",3035.06901992419,-0.162542195612076,0.0674063813591882,-2.41137696957707,0.0158924127016222,0.0363402067372078
"TAOK1",4573.77840884669,0.924564419464742,0.0691476026053528,13.3708817750562,8.94738299655315e-41,3.05959751386877e-39
"ABHD15",152.188359525186,-0.371222639345092,0.158496117640977,-2.34215604060397,0.0191726971552419,0.0429473182640914
"TP53I13",109.970216689562,-0.564427138531376,0.185548389164073,-3.04194038587032,0.00235058442270638,0.00646818427304439
"ANKRD13B",142.895438575273,-0.63087203089687,0.161549016593508,-3.90514312126256,9.4169635833908e-05,0.000330097453289799
"SSH2",874.426975393217,0.698402504435538,0.0849035463630195,8.22583430672495,1.93836821947024e-16,2.16025563902741e-15
"BLMH",599.28669741808,-0.258258465387498,0.0924845401595068,-2.79245012130766,0.00523105317592462,0.0134343464847282
"GOSR1",854.492236020484,0.334361444825173,0.0802322447201468,4.16741979476505,3.08066853004033e-05,0.000116682056299768
"SMURF2P1-LRRC37BP1",424.952694830208,0.724240461075956,0.0988867140758347,7.32394101517568,2.40792558686748e-13,2.13234530717144e-12
"SUZ12P1",263.181724543995,-0.564623604892623,0.124231949885348,-4.54491461668039,5.49575272426663e-06,2.33142560838062e-05
"CRLF3",718.112018476106,0.400968464450661,0.0820718570721243,4.8855780623837,1.03125835953024e-06,4.76887526227727e-06
"ATAD5",441.927548664771,-0.633817347701992,0.109939690166426,-5.7651367467247,8.15916579309643e-09,4.8082513655131e-08
"ADAP2",189.125738902898,0.376004582339195,0.142155427617722,2.64502445415119,0.00816850135152044,0.0200907005398867
"NF1",1356.89451234436,1.09397285149283,0.0940950259921228,11.6262559041581,3.03102655130808e-31,7.56539189489236e-30
"RAB11FIP4",230.971257720164,-0.342125733116223,0.138174673022157,-2.47603794265077,0.0132849459019504,0.031031498392618
"COPRS",196.39126124657,-0.502384036293581,0.143351291035755,-3.50456583030198,0.000457352479678852,0.00143462994539471
"UTP6",519.978135092349,-0.329702331887988,0.100222980957805,-3.28968794119978,0.00100298549785477,0.00296356806965745
"SUZ12",1539.39553946879,-0.239679547444284,0.0725333984594052,-3.30440255847692,0.000951790560123162,0.00282480528392284
"RHOT1",621.752874600977,0.316024138033058,0.0867802411921895,3.64166005638506,0.000270885625158086,0.000882434897139167
"PSMD11",2033.7264319001,-0.215236068583982,0.0778339165509589,-2.76532491388975,0.00568661231245366,0.0145009820974568
"MYO1D",852.296953579226,0.47735187535009,0.0787266991237514,6.06340518100137,1.33269362902083e-09,8.45352759189874e-09
"TMEM98",185.415666500728,-0.462581422877797,0.143770622687819,-3.21749613537002,0.00129314769116985,0.00374298338300222
"LIG3",435.329617257417,-0.729416622316406,0.109110981828075,-6.68508898092163,2.30784373725346e-11,1.7242807623982e-10
"RFFL",107.632141702495,0.510131490602446,0.17737347384292,2.87603033052288,0.00402711013301532,0.0105664255379622
"RAD51D",257.395484409565,-0.324587700929827,0.129220723620837,-2.51188580155488,0.012008794236303,0.0283742599885166
"NLE1",304.231120129635,-0.458374855708429,0.118910527783945,-3.85478783292657,0.000115830036418003,0.000400955260524169
"SLFN5",773.968845445018,-0.43113790689221,0.0875726114945575,-4.92320486433141,8.51382408207514e-07,3.9820302045958e-06
"PEX12",96.3036831470293,-0.652013305472789,0.192849215187696,-3.38094871082673,0.00072236025002554,0.00218600404126117
"AP2B1",4421.87605169361,-0.311550855552691,0.0555231065944459,-5.61119279272922,2.00936748842632e-08,1.13620368713306e-07
"RASL10B",6.5224268167677,2.4053597086545,0.783989072373631,3.06810361702103,0.00215421908356394,0.00597432780931144
"TAF15",875.51787325502,-0.864492902958306,0.0926434694004233,-9.33139603420719,1.04485485201169e-20,1.52959620536984e-19
"CCL5",92.5060365119981,-1.11962725544662,0.215698196806922,-5.19071217108424,2.09491253184069e-07,1.05571640761468e-06
"LRRC37A8P",39.8260183359589,-2.2856909717915,0.350610707774793,-6.51917046771903,7.06972726054498e-11,5.03372402063537e-10
"RDM1",39.5605305072274,-1.87627302320914,0.328485702294294,-5.71188642337975,1.11730650604881e-08,6.50564799531684e-08
"MYO19",914.368904945442,-0.289442663865358,0.0793458524618132,-3.64786129186347,0.000264432322973021,0.000862191947222149
"PIGW",141.169314289601,-2.03352425535838,0.182824383644112,-11.1228284478555,9.71425719416622e-29,2.13749241631342e-27
"DHRS11",65.7914220716256,-1.21002300154914,0.241619558059955,-5.00796794458538,5.50076929493257e-07,2.63641924106329e-06
"MRM1",49.5019168493814,-1.25912788408542,0.27581183570771,-4.56516987697286,4.99090019619344e-06,2.13130361221806e-05
"ACACA",5297.62002038405,0.175137602674139,0.0592833292509272,2.95424708576737,0.00313432945816219,0.0084140847855714
"TADA2A",263.75716305923,-0.564860383517952,0.127667580894866,-4.42446218185268,9.66828378193156e-06,3.95982140986792e-05
"DUSP14",390.082806721128,0.493385070002492,0.102058502770545,4.83433576437777,1.33590942546923e-06,6.08247189398204e-06
"HNF1B",45.1532735811198,0.696555513102886,0.27449623702948,2.53757763909921,0.0111622606044875,0.0266219029054353
"TBC1D3L",40.8287573035589,1.25844704325576,0.298746891093875,4.21241887621959,2.52650465733951e-05,9.72866248502465e-05
"NPEPPSP1",30.2819751917114,0.990072205306661,0.34083975182293,2.90480262355376,0.00367484759071658,0.00972601386874777
"SOCS7",935.620071479733,0.587420793004843,0.0852708803832694,6.88887918553844,5.62336698815478e-12,4.46622725841945e-11
"ARHGAP23",654.523396401101,0.692153122629638,0.0876342023702918,7.89820759370864,2.82942629867261e-15,2.8889003585484e-14
"EPOP",289.821911442873,0.405598904351283,0.130569067341686,3.10639351730891,0.00189384502474098,0.00530859872310735
"CISD3",96.6104629063102,-1.11889381041526,0.202455784623594,-5.52660825421959,3.26480840961811e-08,1.80586594075286e-07
"PSMB3",1240.3737201047,-0.437352621439537,0.0875721197921154,-4.99419932368606,5.90803562585857e-07,2.82185820338185e-06
"CWC25",283.085898179178,0.405838694395648,0.120196258775856,3.37646694272294,0.000734231944946101,0.00221932134851957
"RPL23",4625.77567631218,0.384644742546281,0.0857768722766832,4.48424770380488,7.31716237813148e-06,3.0523746114886e-05
"LASP1",3443.47849846815,0.517726874455093,0.0709384142054322,7.29825835908589,2.91516471080609e-13,2.56639879108142e-12
"LINC00672",36.1538653656187,0.814418809215783,0.304755105143599,2.67237134167788,0.00753172501162603,0.0187161081680244
"CACNB1",154.022226084955,0.350319026001827,0.15072285564177,2.32425947949425,0.0201115911497933,0.0448164936454094
"RPL19",6926.9123021991,0.240110735455222,0.0794998381994775,3.0202669702641,0.00252551966062729,0.00691152464755723
"FBXL20",671.556780981907,0.404808662179929,0.0896326012989819,4.51631054229513,6.29263644216233e-06,2.64660225097451e-05
"MIEN1",215.544607390035,-0.725627973728278,0.140016599528268,-5.1824424830556,2.18998911454977e-07,1.10139232224299e-06
"GRB7",508.492457493883,0.844554675374532,0.10355617895881,8.1555218033919,3.4767549706254e-16,3.81807442569411e-15
"GSDMB",199.909284258383,0.496732996313096,0.147779046797381,3.36132223801772,0.000775702696473014,0.00233683354950521
"PSMD3",1772.768399763,0.220868895520594,0.0827281216769009,2.66981639427532,0.00758927339284482,0.0188279592252831
"THRA",253.918546271548,-0.676964987643603,0.127573686335621,-5.30646254010912,1.11773117932068e-07,5.81820727398553e-07
"NR1D1",338.98913091921,0.666741547164523,0.114663429099165,5.81477069369607,6.07170586195019e-09,3.63033216118794e-08
"MSL1",1555.12727723618,1.20430235848554,0.0681177748162901,17.6797078550126,6.01068450106509e-70,4.08749227900732e-68
"CASC3",1142.13760245369,0.289369343939998,0.074643745055783,3.87667236851186,0.000105894798677751,0.00036890202338522
"WIPF2",1054.45351400519,0.68084910744021,0.0802386913229617,8.48529675913811,2.15168895973605e-17,2.55607031927511e-16
"CDC6",1248.20557571815,-0.840877268746994,0.075203057148902,-11.1814240088945,5.02766969265181e-29,1.12272162987953e-27
"RARA",404.433942359844,1.78357792339561,0.105499508703728,16.9060306091509,4.06161236444114e-64,2.40770777696032e-62
"TOP2A",3579.51550233413,-0.96563327190152,0.0600812838298123,-16.0721144813882,4.00199039088192e-58,2.05469711778015e-56
"TNS4",725.236840893691,1.20258709080881,0.0850100297223402,14.1464141906161,1.96525771652166e-45,7.64922447288054e-44
"SMARCE1",1572.97548028336,-0.44672623366629,0.0771461467907597,-5.79064868758678,7.01150963933436e-09,4.15913150791456e-08
"KRT222",61.4275650916332,-0.952239169082874,0.242359013389448,-3.92904375936172,8.52843205801411e-05,0.000302006040710301
"KRT10-AS1",130.153613380779,-0.558706102318061,0.18563593356064,-3.00968724967008,0.00261516822502587,0.00713519251827271
"KRT23",165.132543330486,-1.32293083384163,0.156982686203212,-8.42724039088687,3.53912323664215e-17,4.12806083155522e-16
"KRTAP2-3",71.2420447528097,0.810904296787737,0.250817617866585,3.23304361027411,0.00122478863947192,0.00356113521650912
"KRT35",4.09004383531004,-3.12706522794539,1.2691391917106,-2.46392613857477,0.0137424427447802,0.0320005893143409
"KRT13",9.56893865773932,1.96812741556173,0.615746639202013,3.19632668740565,0.00139189418398456,0.00400500161098287
"KRT15",359.999570814607,2.14543498876413,0.118530159166353,18.1003299401049,3.16764670611914e-73,2.34914243995773e-71
"KRT19",6978.57900591584,0.7446349404385,0.0706049182563967,10.5465024084358,5.27233542008143e-26,1.0118504430808e-24
"KRT14",25.2090527402803,1.7357297819154,0.391305911734049,4.4357361590159,9.17581765628269e-06,3.77442159287538e-05
"KRT16",38.8280177724092,2.69657305942426,0.337314849206232,7.99423169709198,1.30384361428807e-15,1.36766971903872e-14
"KRT17",98.9359608770486,0.500716023339872,0.193902891647476,2.58230302336179,0.0098143369385939,0.0237078688971012
"EIF1",4276.29944963052,0.59439074688286,0.0659278831868436,9.01577175166266,1.95489117356807e-19,2.65679440715462e-18
"JUP",3812.27822924172,0.724350611791789,0.0581194997960856,12.4631253595299,1.18628700723537e-35,3.46484248904191e-34
"KLHL11",750.643754528006,-0.196636434353286,0.080673224630383,-2.43744359115687,0.0147915218037316,0.0341390899622244
"ACLY",10457.4733040459,1.2475297047729,0.0620545572111848,20.1037564497848,6.84138020081129e-90,6.5232017248053e-88
"CNP",775.67223586291,-0.264460483780444,0.0827496996821347,-3.1959086836123,0.00139391220047204,0.00400952781559564
"DNAJC7",592.805590918779,-0.460059281200199,0.102445635828856,-4.49076505287902,7.09678001826741e-06,2.96593396820958e-05
"DHX58",102.330635644624,-1.00663874848743,0.196172276998319,-5.131401663325,2.87592463364604e-07,1.42852915719226e-06
"KAT2A",486.550081619564,0.318583804493253,0.0958359426290208,3.32426223141024,0.000886527930715119,0.00264724438101361
"STAT3",1327.3562308174,0.639601666730337,0.0680795116780629,9.3949214817361,5.72605152495111e-21,8.44428596817873e-20
"CAVIN1",1746.62323314602,0.618552104398812,0.0839905641141065,7.36454280219466,1.77755015187692e-13,1.58501886625304e-12
"ATP6V0A1",591.205070442411,-0.223815118101447,0.0915283503910416,-2.44530920906177,0.0144728000595234,0.0335150770846404
"NAGLU",78.6966689332495,-1.01751914813775,0.22385557949385,-4.54542679006893,5.48240509218424e-06,2.32685874155092e-05
"PSMC3IP",60.1338792392978,-1.42826104810039,0.253002378619182,-5.64524751069715,1.6494377750751e-08,9.42438749037043e-08
"RETREG3",853.277521348129,0.431333934831388,0.0788971257980365,5.46704243619129,4.5760652906833e-08,2.4944123594496e-07
"TUBG1",559.874750644897,-0.80104072939855,0.103346912899687,-7.75098846132029,9.11799728649708e-15,9.0184099396248e-14
"TUBG2",168.796211196862,0.462669876088318,0.147136962681386,3.14448434748647,0.00166379811732656,0.00471658107162842
"VPS25",357.295638584199,-0.38319958727784,0.117569175179573,-3.25935422012231,0.00111666151836929,0.00327262273906863
"WNK4",68.4006027110822,1.7202621129817,0.262873381741679,6.54407114780517,5.9866293184401e-11,4.29307787296494e-10
"COA3",115.554224406308,-0.771066074349385,0.180430949470215,-4.27346902853089,1.92455027758381e-05,7.5494820531863e-05
"PSME3",1470.7684700765,-0.806523964239395,0.0714966165876378,-11.2805892464966,1.63646145624019e-29,3.74722641714162e-28
"AOC2",129.224256014269,1.34410281349252,0.175717687141431,7.64921753386545,2.02205923470495e-14,1.94655606135779e-13
"AOC3",68.1936975686173,1.50264219248726,0.239436920890865,6.27573302770696,3.4799085411488e-10,2.32609168471968e-09
"RUNDC1",533.112012302364,1.70136707018289,0.100798121488822,16.8789561258993,6.42712470082732e-64,3.78507236057546e-62
"IFI35",94.5940394403243,-0.876461673166202,0.204410339285018,-4.28775607061692,1.80487135370049e-05,7.11563917414931e-05
"VAT1",1938.89250419535,0.363880727225093,0.0712929991526966,5.10401766722882,3.3251721012493e-07,1.63813358219283e-06
"BRCA1",796.989784042475,-2.10909694339884,0.0913781541596279,-23.0809755657186,7.18974703606078e-118,1.07972026114043e-115
"NBR2",65.1990942716465,-0.629122946396355,0.230406928515377,-2.73048623342231,0.00632409743338606,0.0159549992786014
"LINC00910",22.950023049382,-0.946850342941988,0.407650864373205,-2.32269921565809,0.0201953164467846,0.0449641459954912
"ARL4D",135.193758833587,0.702466278090813,0.165549191154343,4.24324802309603,2.20307715664258e-05,8.56931867901055e-05
"ETV4",374.64215984339,-0.438041093093623,0.11000650002101,-3.98195645720902,6.8350303651548e-05,0.000245611330429621
"DUSP3",572.160978784038,0.2910464380903,0.100252812444683,2.90312491982099,0.00369459234869219,0.00977109608391282
"MPP2",231.167630694629,-0.413257170223467,0.132727810715692,-3.113568799147,0.00184839409992126,0.00519331307681339
"NAGS",157.023447706115,1.17856654561162,0.170190740188612,6.9249745568148,4.3605388571095e-12,3.49560812918017e-11
"TMEM101",238.446177836712,-0.341969249681638,0.126288026237316,-2.70785172490558,0.00677202704616312,0.0169757545415086
"LSM12",592.128696792443,0.361662542787277,0.0885961167529601,4.08214892528225,4.46211872199391e-05,0.000164374164940826
"G6PC3",227.436138469381,-0.723336076093797,0.135473314506815,-5.33932515585871,9.32931925599408e-08,4.9044242214781e-07
"HROB",123.394604039333,-0.723780332500911,0.172201383184476,-4.20310405826149,2.63279481419523e-05,0.000100905136849452
"ASB16",34.1510529151519,-1.28081000983593,0.34262562786756,-3.73822010282027,0.000185327666476656,0.000621471878968333
"ASB16-AS1",93.5903200289601,-1.26678490720422,0.204109741660443,-6.20639121336815,5.4215119115389e-10,3.54631819084728e-09
"TMUB2",236.727068317627,-0.437107912684731,0.132869122169345,-3.28976293022865,0.00100271825467528,0.00296326429444133
"ATXN7L3",1052.39105087287,0.678713059523893,0.0793655608471227,8.55173266942898,1.21254355026703e-17,1.45966915961002e-16
"UBTF",933.118484203962,-0.378211535664915,0.0887334101467591,-4.26233517949303,2.02301701242065e-05,7.90134147829052e-05
"SLC25A39",1230.0207839954,-0.420260739683838,0.0790283695030559,-5.31784651925012,1.05002581423409e-07,5.47684955088642e-07
"GRN",1240.62402125603,0.315460111095373,0.0728326965497911,4.33129797521245,1.48232917172428e-05,5.92175881260104e-05
"FZD2",146.042169301681,-1.00350763298186,0.165915002965415,-6.04832362984702,1.46360727482394e-09,9.27088460442958e-09
"MEIOC",45.9045279222752,0.717942097111338,0.284282366204562,2.52545420490389,0.0115548840138677,0.0274348570242304
"DBF4B",168.749007009842,-1.53239140315817,0.173027750042211,-8.85633317652422,8.26894858778765e-19,1.07591857401098e-17
"ADAM11",80.7130456950542,-0.756294771200644,0.220617791588512,-3.42807697309951,0.000607873080731516,0.00186745325398272
"GJC1",1721.76233872077,-0.190698831661546,0.0754389872575176,-2.52785513955244,0.0114761691974998,0.0272731168545621
"EFTUD2",1318.98655948256,-0.422119681742729,0.0711626590383359,-5.93175813617827,2.99707900206911e-09,1.84524635108601e-08
"KIF18B",630.992600848212,-1.03386411485936,0.102889377944443,-10.048307565992,9.3458662539156e-24,1.60707877635318e-22
"DCAKD",174.942133842406,-1.46320096508128,0.159564037603248,-9.16999210511012,4.73053684090533e-20,6.63933056152297e-19
"PLCD3",870.938755079241,-0.219824164494468,0.088670709539852,-2.47910686217833,0.0131711838512547,0.0308056981419158
"ACBD4",53.803689580346,-0.745670788694821,0.259709948666041,-2.87116759494521,0.0040895863985522,0.0107119820477194
"HEXIM1",1504.87018982597,0.232904853287842,0.0676333271685561,3.44364033292929,0.000573938653434903,0.00177014350052206
"FMNL1",83.858226616216,-0.612873008849539,0.209870658325098,-2.92024151322846,0.00349760214500746,0.00931023460194673
"MAP3K14",214.534244492508,-0.358641624070729,0.134690990980087,-2.66269942377773,0.00775166217390909,0.0191832881126086
"ARHGAP27",528.317056846911,0.462345899808338,0.0907635791418233,5.093958437733,3.50663671872398e-07,1.72188284218324e-06
"PLEKHM1",456.141488037938,0.802424522117252,0.100477314206761,7.98612630574533,1.39245020682909e-15,1.4555304627185e-14
"LRRC37A4P",270.452298657585,-0.705681516753329,0.129770397550845,-5.4379236718978,5.39050564573832e-08,2.91368632998951e-07
"MAPT",653.355778678671,0.573427372338044,0.0849688488101042,6.74867766679515,1.49198627685242e-11,1.1388007071223e-10
"KANSL1",1488.6434640395,0.311560839791814,0.0674879033083442,4.61654347695956,3.9018430835675e-06,1.68945493053748e-05
"ARL17B",69.8041195770963,-0.585738537577588,0.226760165150624,-2.58307510575552,0.00979240029069943,0.023663737963136
"ARL17A",107.680926297218,-0.579710216632938,0.196127318656102,-2.95578515326275,0.00311874255048429,0.00837539837398845
"NSF",966.73297377924,0.274328115369386,0.0766267939666684,3.58005471935463,0.000343522263821331,0.00110192501180566
"WNT3",101.661118543778,0.693612479131696,0.184205512894665,3.76542736551173,0.000166264453209891,0.000561621689090054
"NPEPPS",2981.9208054727,1.27954577078625,0.0683824229431823,18.7116179233573,3.98103813039562e-78,3.26101309762998e-76
"KPNB1",7113.75567600948,0.26787579667701,0.0599291383008175,4.46987566102474,7.82650824709424e-06,3.25205222782765e-05
"TBKBP1",166.212624668877,1.01816360525648,0.151235514950791,6.73230494561923,1.66996179478716e-11,1.26873446474956e-10
"OSBPL7",163.702746317104,-0.396826083394242,0.148071658830328,-2.67995973388098,0.00736310167405413,0.018335008327778
"SCRN2",160.789068775882,-0.899595857804306,0.157020905415618,-5.72914705480246,1.00936866041178e-08,5.89430739769303e-08
"SP2-DT",18.3937342526446,-1.38665266885206,0.464696626141235,-2.98399555935363,0.00284510900853601,0.00771993519974122
"SP2-AS1",53.6900424896503,-1.39234882242021,0.286900080319529,-4.8530792353544,1.21559093914877e-06,5.56276391934991e-06
"PNPO",1005.96548011662,-1.00319221186298,0.0830192804696631,-12.0838461401695,1.28562307052007e-33,3.51033535664275e-32
"CDK5RAP3",1118.69728098748,-0.185216892817314,0.0755472008692142,-2.45167114977506,0.0142194546670772,0.0330089904103308
"NFE2L1",2786.49758314117,0.373283354180868,0.0662125718184903,5.63765073503196,1.72385692607242e-08,9.83400622499244e-08
"SNX11",317.075209155178,0.370121886542398,0.110125766080836,3.36090180994262,0.000776884385888933,0.00233961121626077
"HOXB7",387.481062354896,-0.754911851307269,0.113605018454066,-6.64505724817523,3.03099244186223e-11,2.24134242079603e-10
"HOXB8",131.741046926353,-0.577875101210745,0.183798036147359,-3.14407658168576,0.00166611831382719,0.00472167292553541
"HOXB9",204.228561099577,-0.334899998610674,0.139159494326481,-2.40659108623209,0.016102188031847,0.0367437416068552
"HOXB-AS4",46.3607505106455,-0.718198462142671,0.273735769958711,-2.6236924105717,0.00869822990125383,0.0212687654071228
"TTLL6",20.8525905137922,-2.26178108946976,0.472365467037285,-4.78820160935099,1.68282545014052e-06,7.57965444563415e-06
"ATP5MC1",480.13151697093,-0.99576536229897,0.114901216444664,-8.66627345741398,4.46493823037512e-18,5.52628103362569e-17
"SNF8",582.568961370126,-0.461829052166086,0.0933538533192313,-4.94708076577003,7.53347245169488e-07,3.54929953077107e-06
"ZNF652",1265.36513202791,0.425047740780617,0.0781106795650272,5.44160853736734,5.28016063178586e-08,2.85661287137235e-07
"PHB1",2237.4006559938,-0.338900854293429,0.0806409351826974,-4.20259082469252,2.63877317698648e-05,0.000101091265779068
"SLC35B1",712.535724768967,-0.261220413719603,0.0995775767727735,-2.62328550448343,0.00870862613863359,0.021289887554457
"FAM117A",189.38991776377,0.567756714264994,0.153927662349305,3.68846447480373,0.000225611518857623,0.000745496187961588
"DLX4",68.7060874635223,-0.607702035130852,0.24094093218773,-2.52220338658505,0.0116622257081307,0.0276423739952943
"PICART1",68.0835394369257,1.41401397321748,0.232516770688203,6.08134187066284,1.19180868986509e-09,7.59730611958218e-09
"ITGA3",4661.61498803529,0.887932477181734,0.0562238430664064,15.7928101096361,3.48693628205694e-56,1.73585852870022e-54
"PDK2",173.785914863529,-0.650064162489139,0.157164548408869,-4.13620100124599,3.53102924906756e-05,0.000132485276072135
"COL1A1",205.45660263578,0.428320983456766,0.140523970665301,3.0480279017801,0.00230348538440316,0.00634726454316963
"TMEM92-AS1",13.9934529921145,1.18983621919039,0.488452540132603,2.43593004730282,0.0148535566891244,0.0342515604727716
"XYLT2",350.029676308769,-0.387614270899797,0.106865099422976,-3.62713620249024,0.000286582140609655,0.000931715092175104
"MRPL27",344.894998714615,-0.288761706978629,0.117664875978892,-2.4541028456991,0.0141236581071372,0.0328246637540262
"EME1",169.592688847691,-2.0726256018857,0.177928958316061,-11.64861314033,2.33223425153883e-31,5.85364811239293e-30
"RSAD1",363.135993340316,-0.336414584636716,0.108948922626278,-3.08781928749035,0.00201631042279864,0.00562737031582072
"EPN3",69.166035970403,-1.28881940247796,0.233492221708867,-5.51975304806918,3.39476406730696e-08,1.87544583865539e-07
"SPATA20",568.238474404707,0.219870382571724,0.0908363796824475,2.42051018920352,0.0154987449345566,0.0355482859190079
"ABCC3",283.989892912371,0.524605570929754,0.118030559878439,4.44465883640685,8.80314500042741e-06,3.62940919818582e-05
"ANKRD40",1525.86283083725,0.179857841665902,0.0712381454892277,2.52474064885784,0.0115783701721535,0.027479758840034
"TOB1",1996.0052141366,1.07267887334536,0.0695203644671542,15.4297072745089,1.03337843684617e-53,4.83701631439085e-52
"TOB1-AS1",15.2239950950725,1.17794344097165,0.470613254944423,2.50299673584579,0.0123146679831897,0.0290246706415199
"SPAG9",4232.68972046208,0.798519823955004,0.0563581777799396,14.1686593749174,1.43208355468205e-45,5.62256595619284e-44
"MBTD1",1180.52229640998,0.241242977765585,0.0838431609145984,2.87731253371175,0.00401078142151357,0.0105300541953811
"UTP18",826.412309281076,-0.277049559200773,0.0842284546570715,-3.2892632344824,0.00100450029684982,0.00296755735238206
"NOG",8.04292835734274,2.74827218330846,0.739234515414467,3.71772708930884,0.000201023260856136,0.000669866897908364
"TRIM25",2869.84668405355,0.221754537050382,0.0589990033338394,3.75861496838529,0.000170856527277456,0.000576053410302532
"AKAP1",1120.36890793039,0.290329298858313,0.0764822488073138,3.79603507200418,0.000147028707182507,0.00050068109072864
"MSI2",2410.70848987423,-0.381930291350042,0.0682937266580669,-5.59246522396253,2.23868003172302e-08,1.26190969195122e-07
"MRPS23",726.962244842883,-0.462073822733985,0.0917303057454143,-5.03730821541587,4.72124218917109e-07,2.27795195424504e-06
"CUEDC1",632.923536112319,0.566726881367833,0.0965565608123534,5.86937724997477,4.37435075812186e-09,2.65064475494667e-08
"VEZF1",1899.53194939769,0.727474767136847,0.0660361805763183,11.0163059218136,3.18878461377056e-28,6.81673636118142e-27
"DYNLL2",1695.75347445125,-0.734346634601126,0.067211193837386,-10.9259573096981,8.66221141736325e-28,1.80464406881275e-26
"MKS1",209.79443245412,-0.849906285844374,0.138090838111788,-6.15468989446174,7.52245413541338e-10,4.84843154414465e-09
"TSPOAP1-AS1",18.5879619731321,-1.49462606190458,0.453539582123171,-3.29546994533032,0.000982572130599474,0.00290897525308578
"SUPT4H1",627.564710157774,-0.389576200252987,0.0980176748903083,-3.9745505153939,7.0512295685996e-05,0.000252725155242111
"RNF43",1062.46346065465,-0.331884325567076,0.0749802173761165,-4.42629185645428,9.58667971876491e-06,3.92997168361835e-05
"MTMR4",1598.05168700655,-0.294944791220463,0.073210220412227,-4.02873792155942,5.60770901395226e-05,0.000203948585550825
"RAD51C",383.408779360793,-1.09857194154262,0.117926896357358,-9.31570299462118,1.21147582040713e-20,1.77064118082375e-19
"TRIM37",1195.8564694059,-0.301793485158678,0.0724525340774517,-4.16539585538942,3.10812784958795e-05,0.000117621948713617
"SKA2",721.839784365128,-0.867889787960662,0.093841378187177,-9.24847657532864,2.27714954499047e-20,3.27506081007768e-19
"PRR11",1433.65552680835,-0.627684244690265,0.095761362328766,-6.5546712100368,5.57646032613666e-11,4.01652244353752e-10
"SMG8",475.965099062245,-0.295156097630644,0.100211222257512,-2.94533976316729,0.00322600196009042,0.0086395870594129
"YPEL2",156.286284906288,0.769074254131854,0.161158820087387,4.77215118424687,1.82268600274523e-06,8.17894035245812e-06
"DHX40",1579.18324502311,0.463463674047976,0.0657160286778384,7.05252102679587,1.7570485108019e-12,1.44847992740902e-11
"CLTC",16036.4677668385,0.423782522712717,0.0506977102443945,8.35900715574376,6.3248274949582e-17,7.27839823030918e-16
"PTRH2",511.414316063505,0.351543638425745,0.102426397978456,3.43215855837952,0.000598797358898929,0.00184145515438867
"VMP1",5325.45864053017,0.472246995683899,0.073727588661392,6.40529555161208,1.50078370395447e-10,1.04544349164915e-09
"RNFT1",200.546017799793,-0.63534082014279,0.158982927283082,-3.99628331796606,6.43447216995196e-05,0.000232236376877036
"HEATR6",711.191700560391,0.29928280284409,0.0869892746618095,3.44045635519574,0.000580734090599462,0.00179018286806242
"WFDC21P",24.0146209932795,1.56688716503261,0.382989293983988,4.09120356533548,4.2914023186237e-05,0.000158604104150775
"USP32",1531.18666063933,0.512911280727269,0.0713869802066411,7.18494155716581,6.72359412154414e-13,5.75883506009254e-12
"BCAS3",267.846762897302,-0.397826769827322,0.124088903012305,-3.20598184180797,0.00134602482013887,0.00388418147057208
"BRIP1",666.700596921457,-1.59317547094444,0.0923976159079015,-17.2426036677446,1.27177706657316e-66,7.93034412343078e-65
"INTS2",1367.33120543944,0.199530364152558,0.0716766652874836,2.78375623855091,0.00537334004636638,0.0137664146965551
"MED13",5409.30774833076,0.575933018222298,0.0627412756389663,9.17949168799825,4.33131123248629e-20,6.09325212495203e-19
"TLK2",1108.75408816883,0.439358446262886,0.0756410686711174,5.80846429038686,6.30484731731601e-09,3.76224018229642e-08
"MRC2",254.810698184561,0.7840067504427,0.122474451201749,6.40139018995258,1.53968530593309e-10,1.07006050513769e-09
"TANC2",1798.31611497336,0.83700955774553,0.0645717816548734,12.9624665185672,1.99720688521774e-38,6.35895146263409e-37
"CYB561",650.680208690299,-0.339954930968638,0.0996976248788759,-3.4098598776215,0.000649962637234026,0.00198727123949684
"DCAF7",2230.66209898163,-0.973639575600405,0.0686603187078276,-14.1805280535263,1.20933126352563e-45,4.77924532894634e-44
"TACO1",209.571335338233,-0.471555201618319,0.158360532878958,-2.97773184420105,0.00290389926277081,0.00785953580844531
"STRADA",267.621099688789,-0.383258943762278,0.1260228568852,-3.04118596606175,0.00235648237106542,0.00648239487238132
"CCDC47",3104.64083607041,0.951478120391143,0.0641789392249452,14.8253949330051,1.00387753442663e-49,4.31763175367597e-48
"DDX42",1898.08262942773,-0.22517165415141,0.066428886131123,-3.38966475678889,0.000699781439336205,0.00212266643970338
"FTSJ3",704.079556548393,-0.544670426739463,0.102708694071736,-5.30306057984772,1.13877109951601e-07,5.91576649881179e-07
"PSMC5",1092.3832822999,-0.268788464707146,0.0922649253649484,-2.91322475625455,0.00357717033416771,0.00950098549624706
"SMARCD2",1063.2248905106,-1.28639480084102,0.0870910376131022,-14.7706909470497,2.26380190952874e-49,9.66729246720793e-48
"TCAM1P",24.4045725428281,-1.44659283441383,0.394340828175989,-3.66838209754997,0.000244090209748286,0.000801959830423676
"ERN1",397.348788014236,0.562980586039607,0.101903489759262,5.52464481216098,3.30152831277134e-08,1.82561649967635e-07
"SNHG25",121.802864227412,-0.516030844466836,0.180695501651586,-2.85580349123377,0.00429280736052989,0.0112003303089777
"PECAM1",11.2198143075655,2.26576617990754,0.622627469364518,3.63903986154046,0.000273656442102479,0.000890816969495806
"DDX5",7069.05053979698,-0.135427237207965,0.0540039550052173,-2.50772813203925,0.0121510116462214,0.0286726961996277
"CEP95",1033.20574809951,0.208948267286573,0.0734496559379849,2.84478211120543,0.00444418119197791,0.0115534606550251
"SMURF2",5978.56188733736,0.955903519980951,0.0535219378243273,17.8600319577081,2.41500977104802e-71,1.70670161113946e-69
"ARHGAP27P1-BPTFP1-KPNA2P3",380.731204793448,1.4390553047494,0.109066330974755,13.1943129643051,9.46135161512874e-40,3.10005486284064e-38
"ARHGAP27P1",64.0577354145815,0.794338250018032,0.231483120117669,3.43151694868398,0.000600215623222816,0.00184518692359235
"PLEKHM1P1",223.172875372673,0.883773951595402,0.131471402814475,6.72217632637975,1.79030113086049e-11,1.35729981822621e-10
"GNA13",3082.12135298496,0.840297966336549,0.0572624871898668,14.6744929808995,9.39149205665463e-49,3.9543008960975e-47
"LOC100507002",25.9756003387767,-1.32649615043439,0.376760653828393,-3.52079267554987,0.000430258879568986,0.00135601526210436
"RGS9",49.3594627285126,0.820015612494931,0.257883594247388,3.17978976091162,0.00147381937848828,0.00422521460702153
"AXIN2",182.434957405373,-0.841309951989928,0.160548604914017,-5.2402196359196,1.60385589275964e-07,8.17394995571874e-07
"CEP112",155.888720718669,-0.687834337334141,0.166118087753597,-4.14063481367789,3.46345981369394e-05,0.000130248349963645
"PRKCA",589.795281737585,0.990899711006978,0.0898493050765064,11.028462715023,2.78586252980371e-28,5.98379364119102e-27
"PRKCA-AS1",10.0013819145738,1.69954921265856,0.604569234637477,2.81117383301463,0.00493611093787829,0.0127349542178246
"HELZ",2986.05644747801,1.10215269439064,0.0738997358857341,14.9141628340164,2.66599989533366e-50,1.16329259355467e-48
"PSMD12",2251.8231454411,-0.732585621905267,0.0607606192638179,-12.0569150015479,1.78338656652472e-33,4.84012188484066e-32
"PITPNC1",1296.84124301945,1.92005075784209,0.0726064629081901,26.4446260144909,4.20684346234404e-154,1.01082034713203e-151
"NOL11",1637.93244992358,-0.358626128891824,0.0662953682342077,-5.40952012853858,6.31938482771843e-08,3.39337407569469e-07
"BPTF",2734.40710885221,0.392049339272178,0.0727673800788209,5.38770722331234,7.13621749529582e-08,3.80591226643167e-07
"KPNA2",4281.2392961092,-0.759782982182064,0.0701321354656536,-10.8335925768888,2.38606211448394e-27,4.83680825254387e-26
"LINC00674",1105.52514277777,0.249403801503282,0.0762389627897418,3.27134305579562,0.00107037981141314,0.00314568078628119
"FAM20A",103.716896048016,1.22431764149496,0.19436074043761,6.29920239415826,2.99181130673534e-10,2.01402433913625e-09
"ABCA5",324.06163019963,0.490456553735695,0.130911546286985,3.74647284862493,0.000179338404292727,0.000602845995851379
"SOX9",2907.09909200121,1.08553228258333,0.0670442525512303,16.1912802555871,5.81069011618184e-59,3.04402460999165e-57
"LINC02003",7.34045530091684,3.07552972002435,0.808241445062823,3.80521159711785,0.000141683016060856,0.00048421574671585
"LINC00673",317.746402328625,1.35146732735178,0.118049755590891,11.4482856875653,2.39841783321143e-30,5.73995853549843e-29
"LINC00511",37.1034524935641,1.79919315420588,0.329771560018631,5.45587725668106,4.87316483788583e-08,2.64994880940074e-07
"SLC39A11",509.622599238611,0.483474145290656,0.0947398764626833,5.10317474903073,3.34002318065175e-07,1.64410154980948e-06
"SSTR2",30.8383944879389,-1.72149231240324,0.380338851526299,-4.52620684291098,6.00518053872446e-06,2.5355988399333e-05
"FAM104A",838.0904349548,0.457397410431205,0.0773381854220276,5.91425061158635,3.33389947686873e-09,2.04354430179086e-08
"C17orf80",531.687770315283,-0.358437781960145,0.0933131759905426,-3.84123440398678,0.0001224171443341,0.000422296967466466
"CDC42EP4",784.084581555287,0.563903491083022,0.0856857497482762,6.58106502819468,4.67090224534393e-11,3.39823695451526e-10
"GPRC5C",292.245623031854,0.565060282372801,0.118060188926188,4.78620513411239,1.6996434213449e-06,7.64966885515893e-06
"SLC9A3R1",1032.49955668906,0.336739429637744,0.0859737591159129,3.91676987374414,8.97433413532192e-05,0.00031587202236843
"NAT9",332.38195034176,-0.365852191148359,0.110464229866983,-3.31195167511604,0.000926475482399531,0.00275830409190847
"TMEM104",292.608785673392,0.363360746000166,0.119050083243469,3.05216708884661,0.0022719559386186,0.00626805235300761
"GRIN2C",68.9926338487172,0.871143925776948,0.246409210151094,3.53535456423393,0.000407228341389652,0.00128952063612422
"FDXR",412.994016596492,-0.322011066842185,0.100753232017889,-3.19603709372827,0.00139329198202306,0.00400838359004432
"HID1",346.811686518653,-0.312044521343579,0.114658505722815,-2.72151219289341,0.0064983987793699,0.0163466840316897
"CDR2L",409.568505018245,0.650263169830762,0.112126339546421,5.79937927574593,6.65608360111977e-09,3.9561109028951e-08
"KCTD2",621.970829692483,0.462137514150822,0.103650770565125,4.45860181869517,8.24960077210878e-06,3.41368669378122e-05
"ATP5PD",1004.09064986225,-0.660566386075334,0.0990229242393611,-6.67084305123725,2.54338107767332e-11,1.89163311600293e-10
"SLC16A5",352.94550856221,-0.644959131109586,0.12035868455186,-5.35864224099,8.38497073819893e-08,4.43775499774105e-07
"SUMO2",3115.62048695649,0.182134402943236,0.064393643916222,2.82845311845061,0.00467735512911053,0.012108981005847
"NUP85",882.138208001463,-0.367944656002788,0.0857468374858911,-4.2910580353862,1.77823829481764e-05,7.02293059629821e-05
"MRPS7",504.997751466825,-0.503435247490739,0.105168743078107,-4.78692844238752,1.69353181826043e-06,7.62406617458688e-06
"MIF4GD-DT",20.2316986939159,-1.12811045831349,0.418540072461354,-2.6953463540045,0.00703154983234512,0.0175822893754255
"GRB2",2127.12103127364,0.423754867832556,0.0714982531816097,5.92678630562056,3.08920555643151e-09,1.89807614498644e-08
"LLGL2",1169.62197041801,0.535834318958671,0.0723172347174759,7.40949679633122,1.26779538511055e-13,1.14751083049107e-12
"MYO15B",214.408342347961,0.696136700872278,0.140842630445819,4.94265620195213,7.70653151935642e-07,3.62042243249015e-06
"RECQL5",433.71977367653,-0.238305908442517,0.0982184126748878,-2.42628547898989,0.0152542656445648,0.035067881257903
"SAP30BP",998.039485130424,0.236333997324283,0.0796852664617826,2.96584309519288,0.00301854446442757,0.0081432918852469
"ITGB4",7692.61643965174,1.11089564831717,0.0701798044132013,15.8292782034058,1.95450399823948e-56,9.78392126452045e-55
"H3-3B",5792.62549507508,-0.557936960225177,0.0666948796844786,-8.36551415737873,5.9853342821129e-17,6.90535909718032e-16
"UNK",381.201621778639,-0.434391715487717,0.112827631329757,-3.85004728334795,0.000118095024369237,0.000408403460786418
"TRIM65",502.241584812074,0.269947846997059,0.0967612764956172,2.78983346203878,0.00527351596022989,0.0135318284378902
"MRPL38",503.374295061414,-0.820187420535381,0.102696719599058,-7.98650067633616,1.3882300396941e-15,1.45196132010026e-14
"FBF1",80.2264078150836,-1.50354320874909,0.229362083397612,-6.55532591296974,5.55204847625125e-11,4.00213862362095e-10
"SRP68",1993.97704267379,0.302612473494775,0.0688281830146221,4.39663609063291,1.09941439540092e-05,4.46832359483988e-05
"UBALD2",314.201913446202,-0.620662273565737,0.134765552451349,-4.60549645125225,4.11483003434254e-06,1.77445782095339e-05
"QRICH2",190.585046348764,1.00791851036023,0.146293757428232,6.88968913013733,5.59144409202128e-12,4.4428313043349e-11
"UBE2O",1621.5030389949,1.03084883544763,0.0763203032956181,13.5068755093223,1.42439529607533e-41,4.99397424719331e-40
"SNHG16",5104.27116640404,0.496685089718525,0.062552665376193,7.94027059808645,2.01740643852773e-15,2.09060847778656e-14
"ST6GALNAC1",5.26842923691941,2.03097890893633,0.830243811136812,2.44624396074137,0.014435328651562,0.0334368968675835
"LOC105274304",12.3050242724922,-1.79875717514168,0.576064094914519,-3.1224948595496,0.00179325237044297,0.00505414466183184
"MXRA7",932.090923283545,0.559515032779044,0.0775953598092964,7.21067643934053,5.5674604774715e-13,4.80743676399204e-12
"JMJD6",838.329956671889,1.39529580549443,0.0856706645617378,16.2867396048845,1.2259295477182e-59,6.53623561521589e-58
"METTL23",360.456289870986,-0.338399157655578,0.114112085024322,-2.96549798019598,0.00302193329704961,0.00814877449440835
"SRSF2",2160.1971464085,-0.721225595364342,0.0667411513388489,-10.8063103631916,3.21335870194258e-27,6.49920731399632e-26
"MFSD11",444.736020750503,0.639743601460382,0.10259335355255,6.23572170425926,4.49699952449638e-10,2.96308696274037e-09
"MGAT5B",79.4277431482359,0.497418947244908,0.207577917497759,2.3962999207287,0.0165615325523459,0.037679002414572
"SNHG20",63.522668893679,-0.687987131957849,0.237165091130478,-2.90087857651591,0.00372118040515956,0.00983708259958638
"SEC14L1",930.559012464626,0.605817810666906,0.0819609291982099,7.39154395384938,1.45133570179044e-13,1.30772603409828e-12
"SEPTIN9",3176.90014564076,0.570332771526862,0.0661829460676997,8.61751864209035,6.84206275599983e-18,8.35371361286402e-17
"TMC8",148.284454377376,0.672335437697824,0.159522551933614,4.21467328317076,2.50140035290378e-05,9.64435938375676e-05
"SYNGR2",1085.44804454537,-0.228828756741559,0.0804879300724037,-2.84301952523458,0.0044688332637422,0.0116108483630188
"TK1",1370.75363392849,-1.11508101175919,0.0828398783833682,-13.4606790053312,2.66456317302299e-41,9.21652455682289e-40
"AFMID",320.557281385638,0.322000463423351,0.123392529347844,2.60956206283469,0.00906581995221594,0.0220657943488497
"BIRC5",1571.72882741034,-0.630753042618579,0.086558791515453,-7.28698993568981,3.16956573785697e-13,2.78356453030801e-12
"SOCS3",379.25534416548,1.04486373682264,0.105650341123699,9.8898283309779,4.60817444824673e-23,7.6750380528516e-22
"PGS1",228.720065127271,-0.67246857964186,0.130545687910144,-5.15121250197652,2.5880773441893e-07,1.292317589904e-06
"DNAH17",151.374262078059,0.535017481552386,0.156018625816989,3.42918980827305,0.000605385994127936,0.00186012975280128
"SCAT1",74.8259286259804,1.19058984578206,0.213340541592902,5.5807013373668,2.39550676488726e-08,1.34484197539044e-07
"CYTH1",655.678063651002,0.59330871011496,0.0867735502144869,6.83743731411726,8.06223472091833e-12,6.29776904662632e-11
"TIMP2",2731.62226254496,0.302318054040007,0.0586298063416118,5.15638841238063,2.51758398550398e-07,1.25991060824124e-06
"ENGASE",153.648330022515,-1.206862211921,0.169482502203322,-7.12086614388768,1.07250914279185e-12,9.04265227535826e-12
"CBX2",463.037875118241,-0.851425399352535,0.0988118584878765,-8.61663177256199,6.89524330753903e-18,8.4072516674669e-17
"CBX8",304.361108222861,0.433686066165209,0.11725182046726,3.69875763495124,0.000216657360579861,0.000717453563948858
"CBX4",655.649136621159,0.877424690499254,0.0908286026694167,9.66022447458278,4.44888049788691e-22,7.02042692227846e-21
"TBC1D16",583.176586707658,-0.583454445129334,0.0920063282721172,-6.34145994179567,2.27597940116993e-10,1.55243848555955e-09
"GAA",966.376802678544,0.226945342586597,0.08149391376488,2.7848133940574,0.0053558536174726,0.0137266151631547
"EIF4A3",2131.14104220307,0.200722717929184,0.0639898834823721,3.13678830161456,0.00170809410993955,0.00483302935393637
"CARD14",45.5964911830396,-0.651171768344492,0.278166076658773,-2.34094601385663,0.0192349482460286,0.0430546518869311
"SGSH",159.2601469804,-0.562857272245116,0.153109789876146,-3.6761677532209,0.000236763863537858,0.000779879653594543
"RNF213",3119.71653727576,0.345739219845138,0.075231280016335,4.59568439843197,4.31331145133996e-06,1.8524829758007e-05
"ENDOV",138.063500094195,0.68641327569302,0.16113515478927,4.25986046676592,2.04554560943544e-05,7.98587032661092e-05
"NPTX1",2.80687444299985,3.27937464630508,1.35607426993549,2.41828542802533,0.0155938394810871,0.0357300166927744
"RPTOR",1267.40216717475,0.848747208001974,0.0869199071249573,9.76470449723103,1.59576528497298e-22,2.586086888534e-21
"LOC400627",32.2161068364345,1.1957260182031,0.338303187199009,3.5344804998828,0.000408577582151082,0.00129333859264793
"CHMP6",135.157220016564,-0.428759882436585,0.175463410210078,-2.44358571352991,0.0145421147842126,0.0336626140688883
"BAIAP2-DT",175.973524180609,-1.17147823851845,0.152792628356766,-7.66711228884084,1.75911769298267e-14,1.70711146716428e-13
"BAIAP2",792.194947486707,0.619394974711253,0.0784200245936111,7.89842872303454,2.82441215457506e-15,2.88541561437626e-14
"CEP131",163.789724112017,-1.00974220778831,0.156680352356723,-6.44460005737909,1.1590564862194e-10,8.13053987472159e-10
"NDUFAF8",150.379061617711,-1.23519380342112,0.164138683592612,-7.5253058961216,5.25970375749811e-14,4.90860286969826e-13
"SLC38A10",790.051996631968,-0.367757431261217,0.0840424601297698,-4.37585276172739,1.2095864674447e-05,4.88305504700292e-05
"LINC00482",138.183503915906,1.63805901009463,0.169429013608068,9.66811395056503,4.11898803134608e-22,6.50554630261943e-21
"BAHCC1",403.223231672516,-0.722752030610755,0.111252599778234,-6.49649565090123,8.22124913698783e-11,5.82599806125276e-10
"ACTG1",34659.7529056133,0.912510319647243,0.0519868644104309,17.5527093237066,5.67091027508487e-69,3.75718654659207e-67
"FSCN2",74.4697512255722,1.60098909417215,0.225565338153462,7.09767337161937,1.2687459825338e-12,1.06097778892072e-11
"FAAP100",296.731411849917,-0.413693760105976,0.119191672075959,-3.47082772563453,0.000518856762638902,0.00161129031871716
"OXLD1",181.172514813759,-0.617077510236438,0.149355594024857,-4.13159958463785,3.60247559094032e-05,0.00013496925701525
"CCDC137",408.057992799806,-0.335187310701836,0.107726712647543,-3.11145956712233,0.0018616496611341,0.00522729643865653
"MRPL12",576.763617822757,-0.872997110598813,0.112222374585187,-7.77917161195093,7.30009786101117e-15,7.26021322037982e-14
"SLC25A10",251.628096095525,-1.08283183546495,0.135944673747797,-7.9652391345159,1.64904563704902e-15,1.71677940065051e-14
"P4HB",15067.5715074636,0.981836105276049,0.0611493539086159,16.0563610654553,5.15945858580092e-58,2.63395476415633e-56
"ARHGDIA",1853.5268666495,-0.453485810535409,0.0789855934800511,-5.74137371835971,9.39115781245888e-09,5.49295861533014e-08
"ALYREF",1208.73312090778,-1.00870325374882,0.0928024482459982,-10.8693603758705,1.61327866418333e-27,3.31882360813332e-26
"SIRT7",344.775173873248,0.512028497533163,0.109907578674284,4.65871874996519,3.18183571108561e-06,1.39343526973205e-05
"MAFG",916.12214475727,0.316470981639785,0.0799102117819071,3.9603321600937,7.484558304946e-05,0.000267246334879001
"NOTUM",84.469233942534,1.2149703756456,0.211454685561666,5.74577183011289,9.15026273836182e-09,5.36424478880997e-08
"CENPX",309.662542518228,-0.461586097397613,0.12001068010793,-3.84620849563132,0.000119959695864591,0.000414454309657935
"LRRC45",151.589222416883,-1.2249847174213,0.172095112393452,-7.11806802868799,1.09450350645909e-12,9.21684471490617e-12
"GPS1",809.72009087279,-0.355070855533281,0.103037940995851,-3.44602048625543,0.000568907229037845,0.00175582756884586
"DUS1L",677.178505613417,-0.318228985597306,0.0904446366221866,-3.51849482160717,0.000434002285943568,0.00136661806657156
"FASN",23714.1315532543,0.900716824429411,0.0513334641298466,17.5463869368152,6.33862987556115e-69,4.1689214958937e-67
"SLC16A3",2048.56396603065,0.943234977221056,0.073405645932006,12.849624374871,8.64288919638548e-38,2.70875662970544e-36
"CSNK1D",1766.29861600157,0.6083505687831,0.0778352096536485,7.81587884827627,5.45808533001601e-15,5.47357572243842e-14
"CD7",3.88204679521166,2.72603334388641,1.06905888107313,2.54993751246891,0.0107742228450878,0.0257817381345541
"SECTM1",123.315269361843,-1.01933700627172,0.1957112451222,-5.20837218952471,1.90504504504936e-07,9.63807320517531e-07
"OGFOD3",225.204504995057,-1.10487036673371,0.136880640004853,-8.07177966653674,6.92808163733905e-16,7.41395244575339e-15
"CYBC1",383.137756551542,-0.557086952253921,0.104091908022934,-5.35187569173176,8.70471904431136e-08,4.59887839042906e-07
"NARF",908.103558789157,1.398589112538,0.0839771738506311,16.6543960508322,2.81168211203842e-62,1.61367271786765e-60
"FOXK2",2068.64696110465,0.322311247784515,0.0665920377010727,4.84008687692287,1.29782380804918e-06,5.91953501514916e-06
"WDR45B",2455.53161370265,1.51565367727555,0.0626850981949587,24.1788514482608,3.71387331711531e-129,6.82935827017703e-127
"FN3KRP",313.483884958811,-0.843904066331946,0.117111438935716,-7.2059917801469,5.76228792934336e-13,4.96614972619305e-12
"B3GNTL1",95.2338269110436,-0.774294407299944,0.198653637121921,-3.89771070148961,9.71063231069633e-05,0.000339532993541053
"METRNL",352.649507724905,0.769195364836588,0.110031812935299,6.99066337559021,2.73589491456501e-12,2.22589445848199e-11
"TYMS",506.084116945647,-1.08132333585886,0.103205534177314,-10.4773774437432,1.09744824653414e-25,2.05156793058006e-24
"ENOSF1",447.434381754277,-0.757878925008246,0.102555043444824,-7.38997224857105,1.46859461839826e-13,1.32261587297126e-12
"YES1",1951.54080548877,0.407840311460766,0.0702521720043264,5.8053765431715,6.42215108647148e-09,3.82590362741496e-08
"METTL4",224.747101985635,-0.491357557522935,0.134228850546222,-3.66059573276114,0.000251629514105992,0.000824625472577573
"NDC80",478.027578685164,-1.55378249688964,0.1060387135504,-14.6529738513956,1.28946064834407e-48,5.41663644377819e-47
"SMCHD1",1735.75020671182,-0.572170097304575,0.0809603485256434,-7.06728797151046,1.57990876488213e-12,1.31007099784892e-11
"LPIN2",489.194197841382,0.954507651707985,0.11062759780596,8.62811514159593,6.23712738999917e-18,7.63063629974032e-17
"MYL12A",1891.61832513254,0.34978152936448,0.0720594612015464,4.85406806451355,1.20954190972483e-06,5.54071041056206e-06
"MYL12B",3553.40772990683,0.337754964072786,0.0684534318725351,4.93408372427125,8.05278938171778e-07,3.77521637481624e-06
"TGIF1",1191.9557268422,-0.350753308112281,0.0775237436891498,-4.52446297638452,6.0549050721106e-06,2.55420047529272e-05
"DLGAP1-AS1",132.294318856516,-0.605629265809509,0.167174497004158,-3.62273717978912,0.00029150196634638,0.000946003409963645
"DLGAP1-AS2",113.743496859145,-1.23816640710159,0.191523436954356,-6.46482971896893,1.01412942027953e-10,7.13056039128266e-10
"ZBTB14",238.012060663133,0.462217538339056,0.123427299307371,3.74485661545584,0.000180496829426766,0.000606400701547305
"PTPRM",290.738765541252,1.14877376917087,0.132091187209218,8.69682371278368,3.41303044470437e-18,4.25943363185717e-17
"LOC100192426",4.3759524678691,2.20605741842571,0.945366955114941,2.33354614997886,0.0196194991190619,0.0438228797254108
"RAB12",716.607997584103,0.670867245329242,0.0831227912186721,8.07079785812755,6.98402626875137e-16,7.46938500825925e-15
"ANKRD12",889.4690694022,0.930499246107831,0.0850499892910085,10.9406156763174,7.36977196927556e-28,1.544070341432e-26
"RALBP1",1294.64349607088,0.381766614880937,0.0790763094646296,4.82782539379508,1.38032033973333e-06,6.27041916872558e-06
"PPP4R1",1166.03785651381,0.394621773509792,0.0700053220929964,5.6370253248113,1.7301267756883e-08,9.86040943221976e-08
"RAB31",622.710658272362,0.245218203063956,0.087404105272338,2.80556848330972,0.0050227906718546,0.0129345113886099
"VAPA",2411.61414536395,0.38793251419881,0.0627744597537212,6.17978260140764,6.4189932856971e-10,4.16402728587283e-09
"IMPA2",90.2289067019612,-1.30316509359949,0.206094210603517,-6.32315235728048,2.56280385471326e-10,1.74148899946409e-09
"ANKRD62",6.577548353595,-3.86845689379733,1.17025435180198,-3.305654781664,0.000947547529256522,0.00281406625325178
"AFG3L2",939.102415367335,0.257539709598408,0.0782541831445774,3.29106635900338,0.000998083660370482,0.00295005177030285
"SPIRE1",737.806730791313,0.52873739090078,0.0813239961545197,6.50161595473189,7.94617508732563e-11,5.63549867173142e-10
"CEP76",245.625851498944,-0.456519377595009,0.12887488169869,-3.5423456578789,0.000396585427144261,0.00125807293250175
"PTPN2",518.690016519066,0.462323408587172,0.09148272044586,5.05366922118125,4.33401961219801e-07,2.10577965574064e-06
"CEP192",1224.17478548862,-0.189066780815806,0.076454426308888,-2.47293439953295,0.0134008739214555,0.0312739120614543
"LDLRAD4",55.7293635470638,2.04328727308998,0.274673149878737,7.43897710421295,1.01467906759037e-13,9.26788214751445e-13
"FAM210A",1101.2996296069,1.93324271602312,0.0779467249280146,24.8021032032906,8.5085548016661e-136,1.68497435253654e-133
"RNMT",1742.38728157229,1.1999947858317,0.0652811417992197,18.3819515522941,1.83255650868075e-75,1.41130345482631e-73
"ZNF519",190.103532728707,-0.841466691425621,0.147509289134508,-5.7044996715991,1.16685319109332e-08,6.78318108280413e-08
"ROCK1",1523.02965234931,0.257100062147143,0.0754473605600801,3.40767470509998,0.00065518951230391,0.00200087615679186
"ESCO1",894.35523528466,0.772869151262714,0.0839397643030179,9.20742579729792,3.34039392941031e-20,4.73621077906398e-19
"SNRPD1",784.12332230061,-0.713979217667271,0.0854859306731765,-8.35200847724176,6.71118440407954e-17,7.70332828954887e-16
"MIB1",2818.37745012168,0.521586387319746,0.070223540909742,7.42751477015576,1.10657029971257e-13,1.0066382317577e-12
"RBBP8",1121.39836808082,-0.3181483608156,0.0739917676517699,-4.29978051494746,1.70967347261679e-05,6.76994630850961e-05
"TMEM241",178.486317400737,-1.1421790993173,0.149246386929631,-7.65297654981645,1.96379735227195e-14,1.89249155536326e-13
"RIOK3",2172.78319207351,1.90058570713668,0.0742591259313795,25.5939681931208,1.78065376687443e-144,3.73129785265629e-142
"RMC1",563.534007731189,0.64968449243103,0.0933895174700168,6.95671752067479,3.48292323387677e-12,2.81208600348088e-11
"NPC1",1760.19618786882,1.15963718765399,0.0745885687655677,15.5471167612659,1.66431474054695e-54,7.97675955835014e-53
"LAMA3",751.947520469829,2.01155315439525,0.0869899728030023,23.1239657810977,2.65812731299858e-118,4.05950104301249e-116
"IMPACT",426.129014424647,-0.659253188915992,0.103447405890218,-6.37283441999133,1.85566200347609e-10,1.27783282249303e-09
"SS18",1107.30126616171,-0.203560966393909,0.0753583964579967,-2.70123803002324,0.00690818782967024,0.0172954227394398
"KCTD1",183.081574735635,-0.32958390012173,0.144339487800071,-2.28339385947003,0.0224071786485161,0.0491958779757442
"DSC2",1877.89794250423,1.2394331951322,0.0688781485222782,17.9945776958757,2.14853636790063e-72,1.56124088249747e-70
"DSG2",4071.18549646623,0.600731073347589,0.0632987744938166,9.49040606475362,2.30136018417393e-21,3.47343483073688e-20
"B4GALT6",281.476033175233,0.373073718147508,0.127380240940122,2.92881937884604,0.00340252077636114,0.00906910021208076
"TRAPPC8",825.541243385508,0.377213966940105,0.0779565494183188,4.83877197945172,1.30643825713028e-06,5.95430547085098e-06
"RNF125",436.924261880211,0.772683091623861,0.103973706220137,7.43152398538057,1.07353530056065e-13,9.78562450753843e-13
"GAREM1",449.255968352012,1.45543756988708,0.107330083931274,13.5603878854602,6.87714559568816e-42,2.43110994581615e-40
"DTNA",101.309643722245,-1.30511740041161,0.199454078700366,-6.54344804034942,6.01163778025988e-11,4.30929691479965e-10
"INO80C",230.479220615876,0.317994788688999,0.138176720258855,2.3013629799092,0.0213711226083146,0.0472184891173813
"GALNT1",1409.13665219959,0.436105041574259,0.0693690256669983,6.28674018960212,3.24201264463342e-10,2.17110032957781e-09
"SLC39A6",2382.87488135538,0.30232462973876,0.0622222307294895,4.85878802791744,1.18106497271901e-06,5.41852644434046e-06
"MOCOS",233.536486931848,-0.834225075437342,0.134826065557594,-6.18741689143916,6.11580711656517e-10,3.97306993682844e-09
"FHOD3",102.681488858567,-0.635943804635845,0.186548700749735,-3.40899616068083,0.000652023973342428,0.00199255961058231
"TPGS2",810.552802437062,-0.64015613329915,0.0819524678820672,-7.8113100171719,5.65966117035987e-15,5.66941378271569e-14
"PIK3C3",920.439634730313,0.644778186886211,0.0821650838899562,7.84735019256797,4.24919514763964e-15,4.29712377977632e-14
"HAUS1",232.954809034789,-0.946015128880562,0.139707438899804,-6.7714012677523,1.27540986667529e-11,9.76802431251821e-11
"C18orf25",966.796540038749,0.31466762999236,0.0804512555717147,3.9112830217033,9.18071127091029e-05,0.000322631821008335
"RNF165",167.134540720277,1.74533454500607,0.157043515929358,11.1137001402284,1.07606267388189e-28,2.36196412253661e-27
"PIAS2",737.852308109677,-0.371606584194161,0.0968696586421915,-3.83615044589729,0.000124977865852018,0.000430142498189308
"HDHD2",232.129683454003,-0.529730506416654,0.128806359536137,-4.11261142946933,3.91208539437873e-05,0.00014569061973982
"IER3IP1",456.484386686376,-0.90838718951608,0.112991676964202,-8.03941683070935,9.02670285098552e-16,9.5632105865732e-15
"SMAD2",2621.24610877085,0.339524223986481,0.0699919929123476,4.85090093679249,1.22901923162839e-06,5.62135928253179e-06
"CTIF",241.675466555836,0.331702418782544,0.130750618885416,2.5369089768763,0.011183602796964,0.026658691270382
"SMAD7",115.839194017355,1.10635786861576,0.177375146462771,6.23738945776135,4.44933303027051e-10,2.93275166563661e-09
"DYM",745.185980651219,0.544349204588692,0.0831412213863812,6.54728419322762,5.85928000576198e-11,4.21013098021678e-10
"C18orf32",70.9171313796743,0.653481624802454,0.21646569838673,3.01886917730016,0.00253720065898385,0.006941226111222
"LIPG",378.348744434994,0.715999065679244,0.103658900731957,6.90726083938215,4.94100954040289e-12,3.94689419005321e-11
"ACAA2",182.579015608769,-0.792255514674767,0.145330059488355,-5.45142221412389,4.99685775951197e-08,2.71066747995681e-07
"SNHG22",18.9874746209785,1.22978642760607,0.42995351034995,2.86027767654488,0.00423270217030344,0.0110627303569309
"MYO5B",1554.96235804828,0.804046815732168,0.0714308379782814,11.2562982388172,2.15627262385969e-29,4.91875809551588e-28
"MBD1",838.237579326216,0.591970348796158,0.0773836239666957,7.64981424300999,2.012698454339e-14,1.93858037657098e-13
"CXXC1",514.102407930084,0.368917872823108,0.0979574429851562,3.76610354027934,0.000165815049763353,0.000560208663626807
"SKA1",525.81890180958,-0.632717403574634,0.10153808823594,-6.23133067174178,4.62489713416945e-10,3.04402013348677e-09
"ME2",784.300731118684,-0.562950780186845,0.0878814091766342,-6.40580056079166,1.4958239388579e-10,1.04239146180039e-09
"ELAC1",49.3447457509347,-1.30978531517673,0.276360069385555,-4.73941592969216,2.14335139298633e-06,9.55599590623619e-06
"SMAD4",1635.22384462479,0.287945264650953,0.0803249829195717,3.58475351235703,0.000337396699687624,0.00108381923798051
"MEX3C",1000.35168703145,0.202481039252191,0.074202979396001,2.72874540753418,0.00635757659239646,0.0160237605274932
"POLI",357.392868478073,0.528718333090582,0.114729998746622,4.60837042505545,4.05837163985336e-06,1.75259801873466e-05
"C18orf54",327.871411194448,-1.31204792312902,0.127398838250388,-10.2987432314755,7.13878292430059e-25,1.29035112416069e-23
"RAB27B",181.358515355316,0.539548743266273,0.140248998187866,3.84707734270971,0.000119535243144344,0.000413067040595249
"CCDC68",337.04433888382,0.68824045548294,0.116133045543557,5.92631022687518,3.09817044451718e-09,1.90293556852911e-08
"TXNL1",1251.2194669182,0.517783922433004,0.0752660905635817,6.8793784632085,6.01142592549324e-12,4.76393608633745e-11
"FECH",528.817004825582,-0.227584043799916,0.0908832495638613,-2.50413629455446,0.0122750737827826,0.0289351346814291
"NARS1",1780.78481508675,-0.878783049175805,0.0915009765410997,-9.60408382943411,7.68382103359682e-22,1.18960600383547e-20
"NEDD4L",1123.49980237858,0.520105274801175,0.0749544314522143,6.93895297081611,3.95016594978971e-12,3.17794377594466e-11
"MALT1",1151.89608949194,0.499883959590513,0.0746887504612183,6.69289493402457,2.18798238442776e-11,1.63948567774522e-10
"ZNF532",414.430112450187,0.500607627970714,0.104224852463048,4.80315026733377,1.56188579574643e-06,7.0692232387199e-06
"SEC11C",201.634530575009,-0.380846301542877,0.148252000668737,-2.56891171670501,0.0102018443977121,0.0245686807284739
"LMAN1",2504.70176586105,0.555376664817382,0.0619574165540667,8.96384477769075,3.13550252654204e-19,4.20110713983748e-18
"PMAIP1",2536.8851354995,0.621389409090067,0.0741038212746331,8.3853895575393,5.05580437007587e-17,5.8667514844261e-16
"TNFRSF11A",75.8526017482536,1.27934158997855,0.219400378469948,5.83108196485533,5.50691241820658e-09,3.30469759202467e-08
"BCL2",53.6983962408122,-0.697602734808205,0.261180176536808,-2.67096356261897,0.00756338565174471,0.0187740733925746
"KDSR",882.678645424485,0.340462389638628,0.0784035214596662,4.34243747347209,1.40910595415639e-05,5.6492766184321e-05
"SERPINB5",1004.23268055659,0.879027750928511,0.0786666639755676,11.1740819618526,5.46121291719111e-29,1.21802621263244e-27
"SERPINB8",221.086946147443,0.888932842454088,0.136713730730462,6.50214749977575,7.91814033703817e-11,5.61782704778602e-10
"TMX3",927.483901705598,0.364814729567608,0.0853339307664521,4.27514268112246,1.91014925414453e-05,7.49788710715281e-05
"SOCS6",1272.28086107446,0.501896671832321,0.0802476035002442,6.2543509081962,3.99172584295547e-10,2.64554751030675e-09
"LINC01910",32.703855514112,-1.32342226297836,0.351327459809663,-3.76691951063359,0.00016527425611476,0.000558486287163714
"TIMM21",246.775062842005,-0.457798199466886,0.131540659830756,-3.48027902593694,0.000500891826615448,0.00156034081373154
"CYB5A",92.4954371079239,-0.876787331842622,0.209277772934526,-4.18958649811766,2.79463240523934e-05,0.000106586392750938
"ZNF407-AS1",143.463687446765,-0.456149868432314,0.158945481787448,-2.86985111688992,0.0041066511070234,0.0107551169306305
"TSHZ1",170.345587917258,0.395351061743381,0.154986542048486,2.55087349209778,0.0107453321825463,0.025719435683579
"ZNF516",463.999264729495,0.278507558610779,0.110884447585645,2.51169180777733,0.0120153970325963,0.0283861392140033
"MBP",949.803653165288,1.02137029090379,0.0777096262115029,13.1434204576396,1.8564165982685e-39,6.0278348679994e-38
"ATP9B",260.402848195558,0.292929263697048,0.119568597459632,2.4498845844198,0.0142902011975363,0.0331476014648991
"CTDP1",412.652193137535,0.506656110289516,0.104194208209472,4.86261298968687,1.15846210581396e-06,5.32024607769455e-06
"RBFA",260.145913698529,-0.637410882833154,0.125397543882072,-5.08312095356983,3.71283100894098e-07,1.81952776592528e-06
"ADNP2",1069.68964463249,-0.488894493624529,0.0823035185542576,-5.94014086168419,2.84777274772391e-09,1.75692272121646e-08
"PLPP2",478.536820134978,-0.905998488366894,0.101279551298532,-8.94552233645236,3.70194787902415e-19,4.9198232100217e-18
"C2CD4C",47.8307808723456,-0.756222366438684,0.271398756088045,-2.78638847627347,0.00532989546264811,0.0136667680894112
"SHC2",50.2585733601534,1.53270259799762,0.269935527898253,5.67803212097128,1.36253133159124e-08,7.84980087167704e-08
"GZMM",5.7187398786901,1.78642043483306,0.783183226822014,2.28097381768755,0.0225499962386107,0.0494732751663018
"BSG",4101.69564683858,0.314221147947259,0.0663799263073539,4.73367726400215,2.20488223286969e-06,9.815756600431e-06
"HCN2",55.4634017017045,0.885524728574103,0.24390175290632,3.6306616005102,0.000282695636944599,0.000919245412013464
"POLRMT",740.65958309128,0.415150936714098,0.0931111688604019,4.45865884614249,8.24740660090347e-06,3.41356257131101e-05
"RNF126",400.80859985994,0.652121618387537,0.122289629810828,5.33259949675468,9.68166894770936e-08,5.06748057236917e-07
"MISP",677.478633982521,0.521691917431899,0.0890683022332331,5.85721187393696,4.70702462412318e-09,2.84553139051741e-08
"PRTN3",13.2145476188366,1.25955293001505,0.501387326070727,2.51213555772524,0.0120002982406129,0.0283579038282305
"CFD",121.683340851151,-0.902119151655814,0.201504793707207,-4.47691161614062,7.57305825237076e-06,3.15328287352064e-05
"MED16",384.815165197051,-0.3632625148186,0.109148010707496,-3.32816431984364,0.00087420286762122,0.0026121720904331
"KISS1R",11.9891120112218,-1.74077073820395,0.603909507973041,-2.8825026187229,0.00394529856565087,0.0103732456159315
"ARID3A",439.839536793776,1.43527765815892,0.110630000173735,12.9736749155287,1.72554689607431e-38,5.50691935336444e-37
"WDR18",297.749173549381,-0.28523290658604,0.118274889194693,-2.41161000892181,0.015882259739123,0.036321599334865
"RNU6-2",27.6432274781732,-2.08009954442235,0.417869504893342,-4.97786873668439,6.42882286931031e-07,3.05360613937378e-06
"CNN2",1419.05679862787,-0.313626564082144,0.0825368066745589,-3.79983884424761,0.00014479021452106,0.000493991756131017
"ABCA7",636.142902128876,0.423720621469965,0.0903704933777889,4.6887054129341,2.74938844448169e-06,1.21141147085586e-05
"ARHGAP45",357.831553359257,0.675974999667813,0.10710517611728,6.3113196221966,2.76666133485339e-10,1.87154669352076e-09
"POLR2E",807.793306125735,-0.37559483952053,0.0872224771915283,-4.30617028562232,1.66105207852087e-05,6.59044903281035e-05
"SBNO2",565.275249397777,0.559957682925593,0.0940453552551574,5.95412374599846,2.61468915223802e-09,1.61588865612076e-08
"CIRBP-AS1",25.3906755847718,-1.10919463262907,0.386067268368648,-2.8730605350618,0.00406516214479548,0.0106573009908873
"CIRBP",955.881539612881,-0.988589941103338,0.0859198016503554,-11.505961630665,1.23109448984447e-30,2.9859426381544e-29
"PWWP3A",533.735024459485,-0.929512683576247,0.0952109992217135,-9.76266073431005,1.62826205424521e-22,2.63638009699488e-21
"GAMT",291.83381561156,-0.903745733393929,0.121859506506549,-7.41629241166639,1.20444423502704e-13,1.09181537019226e-12
"DAZAP1",907.616549768832,-0.416160159254268,0.0827906786467738,-5.02665476423758,4.99109707247007e-07,2.40236539377626e-06
"C19orf25",132.319683037548,-0.812562473925833,0.176092308886417,-4.61441206072181,3.94209639170237e-06,1.70606433897378e-05
"REEP6",171.435538083638,-0.861141226528765,0.162022967682422,-5.31493305453255,1.06696545961948e-07,5.56359506591511e-07
"MBD3",627.776038542019,0.379029237780042,0.105631534148819,3.58822051420789,0.000332942642002592,0.00107046553996944
"UQCR11",549.172633166397,-0.508483887040474,0.114261752010457,-4.45016707772816,8.5803510548212e-06,3.54566627743483e-05
"TCF3",979.403130682404,-0.28660369326497,0.0828210471434363,-3.46051762384271,0.000539137941792449,0.00166909549030093
"ONECUT3",700.720387112875,1.18373635756016,0.095158908595602,12.4395747600543,1.59349989216922e-35,4.63916987993238e-34
"ATP8B3",240.302610629457,1.12206609004888,0.128884910888598,8.70595388019268,3.1491488888191e-18,3.94376734714448e-17
"REXO1",434.906914085335,0.237768844109036,0.101769726415143,2.33634158687939,0.0194734457128233,0.0435361782432519
"KLF16",282.245875504991,-0.373350256568394,0.125376538765428,-2.97783189937081,0.00290295151043103,0.00785850821232953
"ABHD17A",218.004507754786,0.333180195520374,0.132173281807262,2.52078325486557,0.0117093953130155,0.0277354693744284
"BTBD2",675.468420322858,0.582006705337892,0.0860417156057031,6.76423873281433,1.34011953482713e-11,1.0259258342022e-10
"MKNK2",1764.17620839765,1.33920292382904,0.0816927069880725,16.3931760031476,2.1396712970782e-60,1.16141615797127e-58
"MOB3A",671.421254805234,1.40174016798032,0.0924598480595685,15.1605285688684,6.45477721710783e-52,2.93741263205809e-50
"IZUMO4",29.6192544712294,1.91388654099317,0.371641104558958,5.14982470322936,2.60730028242566e-07,1.30119519217925e-06
"AP3D1",2055.54304667243,0.176307630834934,0.0644655880760926,2.73491076552078,0.00623971888613526,0.0157730360565358
"DOT1L",541.661010430838,0.506455600910256,0.0937928079579762,5.39972746244225,6.6742211676078e-08,3.57592571334922e-07
"PLEKHJ1",222.594139013106,-0.992976661360134,0.13315182901243,-7.45747669202078,8.81951584408896e-14,8.09248956345862e-13
"AMH",68.9323256164199,0.836586833072141,0.263552694521467,3.17426780474066,0.00150215023969406,0.00429754714550352
"LSM7",134.343055017165,-0.558593241300985,0.178817686296132,-3.12381427626752,0.00178523101759148,0.00503389894664622
"TIMM13",183.374587902905,-1.26418713741349,0.166359816777549,-7.59911354737737,2.98166078926251e-14,2.84449492235573e-13
"LMNB2",2623.50752470526,-0.57447219759891,0.0896415353281556,-6.4085492901913,1.46910785724725e-10,1.02496293826762e-09
"LINC01775",6.20172544988589,-2.66007588427745,0.935950808072709,-2.84211078331672,0.0044815915593756,0.0116389626014567
"GADD45B",245.55342956987,0.561491540040547,0.156345236610367,3.59135687286628,0.000328960818701875,0.0010586076631833
"GNG7",106.435345869493,-1.03901461482289,0.195110959815898,-5.32524987731742,1.00814353684929e-07,5.26448990946423e-07
"DIRAS1",321.020774982236,-0.569669405449063,0.118925300633265,-4.79014475822751,1.66661035586662e-06,7.51225243198407e-06
"SLC39A3",166.634758321946,-0.921980924921315,0.153441772481263,-6.00866967327231,1.8705179191267e-09,1.17043761877022e-08
"THOP1",609.935901940771,-0.582352208846617,0.103565822153058,-5.62301536105191,1.87652707837378e-08,1.0657703901473e-07
"ZNF555",92.549157322459,-0.473292368637353,0.197657389265549,-2.39450885391133,0.0166426416310902,0.037844422061057
"ZNF57",109.723123784623,-0.743808029453023,0.18140376563893,-4.100289907617,4.12632893036972e-05,0.000153162870554465
"TLE6",44.5458208763217,1.01686949407282,0.280911118894955,3.61989763193772,0.000294719589549641,0.000956101120301366
"GNA11",1006.33489293484,0.338888373766329,0.0814737591218638,4.15947879929585,3.18974624906183e-05,0.000120457705688062
"NCLN",785.964211756361,-0.385352799357017,0.0832247359153426,-4.63026761357349,3.6519343539124e-06,1.58734946917162e-05
"CELF5",22.593703692448,-1.86138822999585,0.448439083191646,-4.15081624185811,3.31291674036876e-05,0.000124873609241132
"NFIC",1538.41959997227,-0.221988496212407,0.0934134729031764,-2.37640769916027,0.0174821345979289,0.0395835591895059
"FZR1",553.163344748304,0.34988700950053,0.10707402571076,3.26771135369171,0.00108420879455766,0.00318217047015043
"C19orf71",72.1965701267662,-0.524569551006158,0.2248946840031,-2.33251200814923,0.0196737719480698,0.0439223295684051
"CACTIN",133.10621681248,-0.413872460524661,0.165800626094702,-2.49620565538917,0.012552980044303,0.0295245697439812
"EEF2",30292.0267286673,0.639546591681956,0.0662711687288177,9.65044987057626,4.89405549027343e-22,7.68925666871992e-21
"MAP2K2",1018.62039277114,0.537338512698647,0.0867372681158602,6.19501310533428,5.82801807910784e-10,3.79843449560949e-09
"MPND",81.9538826509893,-0.7440372115466,0.214200811372381,-3.47354992158791,0.0005136218057085,0.00159695972406364
"SH3GL1",840.053431991102,0.890885027583681,0.0856565357965778,10.4006660939383,2.46206059914662e-25,4.54132999562142e-24
"CHAF1A",538.091053609102,-1.27131812582136,0.107975304323887,-11.7741564497735,5.30450704391346e-32,1.35977982131386e-30
"UBXN6",445.375254974972,0.366884611083188,0.114645771198605,3.20015825483542,0.00137352147989798,0.00395845683499783
"HDGFL2",390.102588511953,-0.867708307691435,0.110724527691656,-7.83664040643111,4.62760842488276e-15,4.67194013584382e-14
"PLIN5",30.1151257831027,-1.25836905516755,0.349666613952214,-3.59876809783022,0.000319728134513645,0.00103110606873128
"SEMA6B",404.569227333577,-0.785003712851813,0.108075814660497,-7.26345404212571,3.77328678018149e-13,3.29449617566137e-12
"TNFAIP8L1",221.290668253966,-1.20227414034386,0.141213100054885,-8.51389948862092,1.68179807140133e-17,2.01246235356728e-16
"DPP9",1144.11326530345,0.446993940526033,0.0721163839310901,6.1982300853181,5.71016259865191e-10,3.72431560587427e-09
"TICAM1",416.389577402239,1.01138521997717,0.105118965211626,9.62133919356077,6.49795792394169e-22,1.01122365930357e-20
"PLIN3",2147.48844640735,0.33447720611624,0.0750827810014413,4.45477913384454,8.39796032003249e-06,3.47268570278351e-05
"UHRF1",1037.60810371872,-1.24668647278639,0.0793534227857028,-15.7105570121798,1.28049121789674e-55,6.25358597228109e-54
"KDM4B",1221.17242686814,1.76471653450852,0.0726384375734747,24.2945277109449,2.23959289283754e-130,4.20413578352348e-128
"PTPRS",1696.76214370567,0.25565021165985,0.0655064899042197,3.90266998023629,9.51373808789198e-05,0.000333230464687855
"SAFB",819.31327349385,-0.378441332497173,0.0929896106167142,-4.06971628322047,4.70704243989479e-05,0.000172937027134239
"LONP1",1140.74066633587,0.795595428631439,0.0798383590322589,9.96507741735995,2.1670496701115e-23,3.68418887783768e-22
"FUT3",11.5983231272818,2.56001205073242,0.622332208641211,4.1135779495037,3.89573409253262e-05,0.000145201704408543
"FUT5",3.16840855020019,5.46814969216144,1.49176607586825,3.66555439262072,0.000246803346453722,0.000809987817600168
"NDUFA11",302.066756900953,-0.541558226385521,0.138006580323392,-3.92414785669264,8.70372698594189e-05,0.000307548752967958
"RANBP3",401.083598635562,-0.337762110725752,0.107094521243436,-3.15386918774291,0.00161121289464628,0.00458588204237033
"RFX2",82.8304324988208,-0.563929436489435,0.205538332978913,-2.74367038165718,0.0060756509839287,0.0154015060319847
"PSPN",10.2848938202331,1.49624810966513,0.589843208682823,2.53668786490973,0.0111906681624987,0.0266720051522799
"KHSRP",2862.33327976539,-0.427998161687376,0.068472121340384,-6.25069230088169,4.08637246379906e-10,2.70538273953427e-09
"CRB3",109.544545466662,-0.66331244656274,0.196507879379901,-3.37550050743963,0.000736815561887746,0.00222675720958898
"DENND1C",104.320529179749,-0.853056612758767,0.196987315829443,-4.33051544038178,1.48760714019345e-05,5.9402101204135e-05
"TUBB4A",198.358351519384,-0.921787733063267,0.152748111024709,-6.03469153811111,1.59266620206619e-09,1.00424904224754e-08
"TNFSF9",439.635210734944,1.15211108453962,0.110342515996536,10.4412254345894,1.60722395103743e-25,2.98288185598821e-24
"GPR108",461.295392526614,0.286817097989645,0.101243342823884,2.83294772762069,0.00461209272671194,0.0119520453017078
"TRIP10",955.439813261253,0.387175702411665,0.087440708851731,4.42786555022306,9.51701919548967e-06,3.90319078110877e-05
"SH2D3A",486.014535183935,0.669156800210272,0.0943674606082996,7.09096966154264,1.33175540988744e-12,1.11160556931827e-11
"VAV1",218.629084754006,0.83751449229949,0.132674375682858,6.31255649773295,2.74463212071712e-10,1.85873789731091e-09
"ZNF557",306.015545768539,-0.597823760601364,0.118580212106788,-5.04151367230641,4.61863850022315e-07,2.23083581915093e-06
"ARHGEF18",580.82986067047,0.621338298509136,0.0952888122190329,6.52057974110239,7.00361616073419e-11,4.99059576245911e-10
"PNPLA6",824.082182198323,0.274160376810316,0.0850884943904826,3.22206167560278,0.00127271735607346,0.00368858788578319
"CAMSAP3",234.564039980258,0.368837751092582,0.125115182249597,2.94798556386845,0.00319852000851083,0.00857490762769618
"PET100",86.9725934843953,-1.37980115483527,0.242991053322836,-5.67840311800318,1.35958001702528e-08,7.83530268206349e-08
"STXBP2",538.406550514451,0.292382315929834,0.0984260648745484,2.97057813194602,0.00297239785046629,0.00802480624168584
"MAP2K7",532.234216281771,0.352241005730033,0.0987866148949642,3.56567543188474,0.000362920296651502,0.00115837525078936
"CTXN1",70.5205215076091,-0.869783971778537,0.223772414435531,-3.88691329077616,0.000101526999349645,0.000354439762743115
"CERS4",119.852968938804,-0.69840531594737,0.17899129670947,-3.90189539260665,9.54424047369548e-05,0.000334104035696321
"NDUFA7",144.939069789125,-0.62868213959798,0.172061820163883,-3.65381546585513,0.000258371993371432,0.000844111981970011
"RPS28",2485.08177066544,0.400085795459184,0.0641348784842182,6.23819370855493,4.42652313247935e-10,2.91985261238691e-09
"KANK3",112.699139689121,0.845687457365958,0.182293023953366,4.63916522434945,3.49819304021547e-06,1.52567610788294e-05
"ANGPTL4",1433.77542635548,5.24357387773733,0.112483262737009,46.616480978126,0,0
"HNRNPM",2504.62949800824,-0.628655484401624,0.0701415534178773,-8.9626684008027,3.16914485090356e-19,4.23359224300468e-18
"PRAM1",11.1554013246198,1.94426593962366,0.59413079141274,3.27245442876397,0.00106618058678726,0.00313385097936605
"ZNF317",553.048876827675,0.268866184823255,0.0900105113656314,2.98705318683386,0.00281680712383171,0.00764828705417678
"ZNF699",251.592221790575,1.03149048550743,0.127466296398883,8.0922605790598,5.8567445740602e-16,6.30869061381584e-15
"ZNF559",142.330513694456,-0.448821506575376,0.173913490661599,-2.5807170269999,0.00985953618183553,0.0237951923842049
"ZNF426",82.9451591071887,-0.478688417190083,0.204068337185682,-2.34572606310073,0.0189900587294526,0.042622972769145
"ZNF561-AS1",49.2722933990798,-1.04730870576997,0.286427091990339,-3.65645825781485,0.000255724030271934,0.000836370734942018
"ZNF562",1059.50584438401,-0.29874714954609,0.0849034636414065,-3.51866857644185,0.000433718164812846,0.00136620084742043
"ZNF846",21.0580450797389,-1.99079316072816,0.466651274739575,-4.26612605277713,1.98896430855045e-05,7.77676845397867e-05
"FBXL12",166.268629936721,0.476046694604051,0.14978876620813,3.17812013981467,0.00148233314470544,0.0042475712602541
"UBL5",543.268593841367,-0.269728034169587,0.0951472349435591,-2.83484889844238,0.00458473647514478,0.0118897015424643
"PIN1",180.644271629968,-1.32256100464304,0.159993246757609,-8.26635518339552,1.3811665563349e-16,1.55659803075117e-15
"PPAN",136.50660063136,1.48485129341751,0.19023683277698,7.80527762022954,5.93707052329015e-15,5.92753173962392e-14
"EIF3G",838.12104495546,-0.326116625951985,0.0926846627071008,-3.5185608538337,0.000433894290637965,0.00136651677937553
"DNMT1",2053.80610523818,-0.459548017789508,0.0646469285335369,-7.10858239074897,1.17240902530185e-12,9.84528566866948e-12
"MRPL4",380.952552038991,-0.618663715101688,0.112650376240731,-5.4918921334059,3.97650247535314e-08,2.18211178770825e-07
"ICAM1",124.725145851094,0.709759024772558,0.168469028259053,4.2129941159343,2.5200763072972e-05,9.7142877291557e-05
"ICAM5",131.697614330244,0.461712921209556,0.168013909080782,2.7480636795824,0.00599483647691689,0.0152137654063539
"FDX2",102.173249012479,-0.575135866687393,0.189580480545619,-3.03372934297948,0.00241551032482078,0.00662454901287403
"TYK2",465.359594495975,-0.243786824847308,0.0996657845369239,-2.44604330342667,0.0144433651853748,0.0334512124412852
"KEAP1",865.564504561717,0.297078482347584,0.0931322867654189,3.18985491138925,0.00142344237085611,0.00408794501437417
"S1PR5",29.0636740464164,-0.943091326765461,0.354085661291062,-2.66345528742049,0.00773426897461547,0.0191502571105606
"ATG4D",159.662357461876,0.436846914261129,0.151461973286527,2.88420192066774,0.00392407054162461,0.0103234562380463
"KRI1",236.606489619294,-0.727841933241789,0.134676488410563,-5.40437266988248,6.5035603096105e-08,3.48915332954721e-07
"SLC44A2",848.31450279389,-0.34265782346085,0.0809244904535626,-4.23429077576311,2.29274128520963e-05,8.89313187704752e-05
"ILF3-DT",87.5465449509708,-1.59267008545415,0.229585253713699,-6.93716194612511,4.00055144418509e-12,3.21417465785374e-11
"ILF3",3710.8529173016,-0.265918424761836,0.0695805351966572,-3.82173583474551,0.000132515601016528,0.000454609489038425
"QTRT1",135.809007474775,-0.774722331295088,0.165163235989396,-4.69064635755156,2.72343336537648e-06,1.20056244318615e-05
"DNM2",1929.66669373327,0.862389900973665,0.0744101862313385,11.5896753475731,4.64891290225048e-31,1.15079751938813e-29
"TMED1",203.802555408254,0.385834166911701,0.140650354123078,2.74321504071062,0.00608408283408162,0.0154185426456173
"YIPF2",194.489522082255,0.351484562632422,0.137718602493538,2.55219379421829,0.0107046958340163,0.0256357905149247
"LDLR",6265.1283360098,1.55065685896282,0.0553339054872301,28.0236293698928,8.37466278720806e-173,2.51532996813794e-170
"SPC24",293.474465382305,-1.84562385095253,0.138973466877127,-13.2804044716271,3.00765162745578e-40,1.00186487945251e-38
"KANK2",601.39841170381,-0.77188313825203,0.0956496776454973,-8.0698979573442,7.03569453879064e-16,7.52018097767178e-15
"DOCK6",476.534741929572,0.562236123242537,0.0992418569940678,5.66531240216661,1.46756908297631e-08,8.42531457289458e-08
"TMEM205",136.036596909017,-0.796793888747405,0.181938723115172,-4.37946290434837,1.18972170951694e-05,4.80716926618942e-05
"EPOR",160.991660349993,0.470101006693056,0.148552654659748,3.16454127171135,0.00155327630914078,0.00442834873707104
"PRKCSH",1953.12589107428,0.231019977302541,0.0750833765645471,3.07684587285362,0.00209203441178903,0.0058179864405633
"ELAVL3",6.54816795678295,2.39829338757986,0.817142195142547,2.93497680310278,0.00333572624120886,0.0089043286317323
"ZNF653",103.520415876568,1.3519474824605,0.185888872086893,7.27288012070208,3.51902597859225e-13,3.08445365565228e-12
"ZNF833P",36.5156127845288,-0.801156144819706,0.309038464857009,-2.5924156243476,0.00953045560158593,0.0230875575206587
"ZNF823",146.826850156246,0.7311372661666,0.159261008758378,4.59081147273053,4.41526020866074e-06,1.893560309859e-05
"ZNF564",115.250981005472,-0.759794411729815,0.187551692697261,-4.0511199915228,5.09730577091432e-05,0.000186212339950632
"MAN2B1",352.173361296177,0.334598071450825,0.115973470403263,2.88512597137396,0.00391257070516814,0.0102992165757866
"FBXW9",47.5498235395958,-1.05842237866555,0.284350379012902,-3.72224711758703,0.000197457629700644,0.00065908204201432
"GET3",381.866272787459,-0.401291848336052,0.110772620790697,-3.62266276153462,0.000291585871552105,0.000946105327915102
"JUNB",783.82012523204,0.574280288612604,0.0968571480830532,5.9291472026429,3.04512013556324e-09,1.87162721565433e-08
"RNASEH2A",362.293959373829,-1.09782538873394,0.122859315095992,-8.93563005683526,4.04864463228901e-19,5.36869940533336e-18
"MAST1",227.052299862241,0.353141771955417,0.133267329112692,2.64987506170245,0.0080521541691904,0.0198560304163903
"DNASE2",195.626862013695,-0.381366717079139,0.142363916928191,-2.67881584960536,0.00738830143540112,0.0183926758070678
"GCDH",84.551344663376,-1.34173684995269,0.214398309961004,-6.2581503100315,3.8957025959481e-10,2.58770573098344e-09
"CALR",7908.47109859574,-0.255011449399368,0.0723602491147591,-3.52419253000269,0.00042477548160569,0.00133990529564434
"NFIX",381.719503104382,-0.289029054218084,0.110567974989089,-2.61403950146147,0.00894786907133213,0.021819965972189
"TRMT1",532.694464133671,-0.304739206238621,0.100376416358791,-3.03596419650353,0.00239767833784613,0.00657964996593955
"STX10",361.907192304551,-0.302634794282499,0.120501501234448,-2.51146078000881,0.0120232645206577,0.0283935591569615
"IER2",1271.47449903448,0.709035685442832,0.0814180917644484,8.70857655930025,3.07714469854004e-18,3.85627431240542e-17
"CACNA1A",85.0406080199672,0.877191867220073,0.211699114418859,4.14357834999961,3.41928175895484e-05,0.000128721279670201
"MRI1",165.168166822804,-0.544648656122705,0.160095026601182,-3.40203357771693,0.000668864193647281,0.00203814704662118
"ZSWIM4",159.943656264014,0.476643697624447,0.148173328418058,3.21679820999661,0.00129629737807885,0.00375089515901718
"CC2D1A",316.885598065702,-0.544424574222779,0.126261830327627,-4.31186980903172,1.61879746408597e-05,6.42987637211666e-05
"RFX1",241.07349320343,0.61015432609588,0.131483840788279,4.64052709776237,3.47521599108273e-06,1.51675629390414e-05
"PALM3",26.1617303532147,-0.860880374459509,0.376430712714459,-2.28695572752728,0.0221984073510769,0.0487969625364427
"SAMD1",317.658399600989,-0.34148271066104,0.118825857596393,-2.87380808831129,0.00405555312726145,0.0106352041481925
"PRKACA",520.521965580607,-0.442128286727716,0.102662637490119,-4.3066133652593,1.65772989178637e-05,6.57871622547504e-05
"ASF1B",660.26486553283,-1.7578580514811,0.103357324596787,-17.0075808206025,7.21563421215891e-65,4.33443147124386e-63
"ADGRL1",1067.65658762415,-0.219349219582067,0.0800439714597845,-2.74035902494258,0.00613721038483033,0.0155466219208641
"LINC01842",6.98056102897765,-2.1680785450927,0.804487967434226,-2.69497945632102,0.00703929709951059,0.0175967780594091
"DDX39A",1063.92640070722,0.423530890635758,0.0819398638920033,5.16880149073681,2.35599979815169e-07,1.18200090096023e-06
"GIPC1",460.263819987927,-0.582227345337193,0.114570158520502,-5.081841143067,3.73793962890467e-07,1.83047309925247e-06
"NDUFB7",226.822102485416,-0.337842268068628,0.146568722771233,-2.3050092931214,0.0211660529537889,0.0468246305278946
"ADGRE2",123.480972653837,-0.937940215821461,0.176975762711893,-5.2998229895942,1.1591500584198e-07,6.01469715023989e-07
"SYDE1",108.207197776975,0.456424959107574,0.18122781361403,2.51851495642741,0.0117850878242678,0.0278822459867572
"NOTCH3",392.081267260012,0.35742024169848,0.111968214970716,3.19215807621797,0.00141214026662271,0.00405807363176651
"BRD4",679.119141431596,0.27891421646549,0.0910486127337161,3.06335492756174,0.00218870298219627,0.00605970447720986
"AKAP8L",569.077221017007,0.238507107146923,0.0982913418590081,2.42653221164733,0.0152438970227798,0.0350485159795247
"WIZ",421.115088385381,0.469750618103425,0.108280598471727,4.33827134993236,1.43607783303263e-05,5.75229131564371e-05
"CYP4F3",101.948965396031,1.70998218226308,0.1906241512116,8.97043827549916,2.95336907687718e-19,3.96592132149059e-18
"CYP4F11",517.019939128457,0.744435819944786,0.0939893561804066,7.92042684616212,2.3669660239741e-15,2.43604195991075e-14
"TPM4",4211.75868684235,0.29986224526816,0.0700109837434699,4.28307430112534,1.84328583280958e-05,7.25756040923345e-05
"HSH2D",301.059905595688,0.891298538113608,0.117147886098018,7.60831943111508,2.77682857816662e-14,2.65611612564441e-13
"FAM32A",455.488708998608,-0.308511281892662,0.109602811182104,-2.81481176043991,0.00488058125902194,0.0126007098665952
"AP1M1",470.9664305681,0.235926163298087,0.0997862248195512,2.36431595367722,0.0180634000247101,0.0407767170042966
"KLF2",204.37817719641,-1.20109110701114,0.151813929579967,-7.91160014324289,2.54101416526151e-15,2.60772302233358e-14
"EPS15L1",451.510880593547,0.416484508225035,0.0979213099872062,4.25325711307836,2.10683437165183e-05,8.21312669269373e-05
"C19orf44",95.3178126943892,-0.481420022931827,0.210240742238319,-2.28985123343082,0.0220299420149701,0.0484976282740992
"SLC35E1",1594.18290382263,1.48159922345551,0.070631798413498,20.97637688314,1.07800519125558e-97,1.19918095997634e-95
"SMIM7",340.490979614384,-0.470938056673957,0.113974321706089,-4.13196630279922,3.59673158206569e-05,0.00013478207494366
"TMEM38A",182.291222081503,1.12083334243166,0.14951124205648,7.49664926205516,6.54698555791076e-14,6.07221959542511e-13
"NWD1",67.2259173042437,1.11326683679071,0.232254286301824,4.7933101882304,1.64051672664951e-06,7.40574948170111e-06
"SIN3B",605.452399165296,0.25390605943831,0.0935356868912953,2.71453674930931,0.00663685363018887,0.0166740191369906
"HAUS8",116.51992514834,-1.01702427778461,0.182247568201352,-5.58045458615377,2.39890783319166e-08,1.34633192344899e-07
"MYO9B",1452.7372365688,0.767505527055764,0.0664731678643431,11.5460952398428,7.72511047687973e-31,1.88637148921206e-29
"USE1",94.229565126146,0.614918591236819,0.200967529548419,3.05979076629225,0.00221491670298562,0.00612475278571489
"BABAM1",424.728049185266,-0.631036208978842,0.10496985639006,-6.0115944775037,1.83707397357898e-09,1.15030959269864e-08
"ANKLE1",86.1111065585244,-1.48998782113941,0.223478387730494,-6.66725689347769,2.60628670143159e-11,1.93602195575015e-10
"MRPL34",239.465061889306,-0.746637411469604,0.138252345060134,-5.40054066457137,6.64403479343281e-08,3.56133703189925e-07
"DDA1",470.48467333084,-0.864133094350019,0.112865442992725,-7.65631243219164,1.91347885560859e-14,1.84894383147037e-13
"ANO8",249.453502464202,0.641427835345017,0.123494530508356,5.19397768228786,2.05847828296986e-07,1.03880809681881e-06
"GTPBP3",248.74393290885,-0.542420548209437,0.126949103618821,-4.27274027738012,1.93085311455215e-05,7.56970617575436e-05
"BST2",50.8060344415975,-0.896133612515394,0.263600596427834,-3.39958871360418,0.000674872830305735,0.00205506645402833
"BISPR",11.5126948507003,-1.81502285464744,0.609947792865794,-2.97570197954106,0.00292318783118082,0.00790379113363985
"MVB12A",170.907259794143,-0.522823346746214,0.157248810771869,-3.32481590277148,0.0008847693623108,0.00264243100401109
"SLC27A1",264.349405291938,0.309134135267724,0.121739278537179,2.53931302191277,0.0111070397714426,0.0264972152132865
"UNC13A",1668.61143949813,0.363976166524247,0.0682098798388512,5.3361209165616,9.49560909097632e-08,4.97732319454579e-07
"FCHO1",138.89962693536,-0.833530494030694,0.164878486999702,-5.05542299179516,4.29437887210867e-07,2.0882083554849e-06
"B3GNT3",402.917821538508,0.919387532526705,0.103916507138601,8.84736754383452,8.96078931218125e-19,1.16425655511765e-17
"JAK3",99.5289800726044,-0.511341725063435,0.19179640950969,-2.66606515925211,0.0076744816755988,0.0190210197051253
"RPL18A",4613.96774399045,0.350235025654655,0.0910070835833801,3.84843697725762,0.000118873869708356,0.000410939191639035
"KCNN1",34.7651093832866,0.937799483995245,0.312323528441503,3.00265397446959,0.00267636546583146,0.00728781838315938
"ARRDC2",261.887387131694,0.408233957370559,0.121386963044475,3.36307909129406,0.000770782773401591,0.00232278868887459
"MAST3",258.095217186462,-0.445431810915645,0.123390986302464,-3.60992179626292,0.000306289335461967,0.000990780849822314
"PIK3R2",632.784768549594,-0.348986063234261,0.0903414466659154,-3.86296739883765,0.000112017962010517,0.00038873015470663
"IFI30",323.29264637718,-0.936381299095685,0.123200750746022,-7.6004512425905,2.95099934131266e-14,2.81673512340019e-13
"MPV17L2",113.244364839361,-0.675372308704019,0.183226986577189,-3.68598709895554,0.000227817891921642,0.000752337590309677
"JUND",775.670768502329,0.836671736358438,0.103987129002817,8.04591630119698,8.56024848655248e-16,9.09576874859447e-15
"LSM4",930.680001042604,-0.714335257335479,0.0937832135971027,-7.61687758327731,2.59885590325085e-14,2.49116926768529e-13
"PGPEP1",539.522784003349,0.33211063902512,0.10774737936091,3.08230827510603,0.00205401998795091,0.00572109647648582
"GDF15",2201.45166599781,2.21769445250688,0.076304683128934,29.0636742276957,1.03375890918917e-185,3.38715805499963e-183
"ELL",314.580212741803,0.626323493093108,0.117428217923013,5.33367110709057,9.62467830257067e-08,5.04057912498187e-07
"KXD1",770.85596645754,0.521831902823633,0.0965608215265175,5.40417836731358,6.51061331479886e-08,3.49189769482114e-07
"UBA52",3968.95932648436,0.231794722300556,0.0856784046852968,2.70540427488064,0.00682213073408779,0.0170965954608533
"REX1BD",119.277490713207,-0.737643269525759,0.188824912642038,-3.90649337105288,9.36452111574017e-05,0.000328514765479372
"CRLF1",353.238408764317,0.427402943924433,0.114584850167908,3.73001267879773,0.000191470135353732,0.000640282670107554
"TMEM59L",130.002001408736,0.593871953803101,0.181907106336337,3.26469903108161,0.00109580445368361,0.00321411003577999
"KLHL26",177.792842336047,0.375515579620915,0.145456315157066,2.58163819986384,0.00983326118958724,0.0237444995172922
"CRTC1",241.457103242997,0.63526939331852,0.129690015483002,4.89836778068535,9.66360311239299e-07,4.48834514660913e-06
"UPF1",1310.54408453498,0.25460072259648,0.0824566225922503,3.08769283281812,0.00201716853006453,0.00562878345887141
"DDX49",327.589603756807,-0.336963718683285,0.120656268009019,-2.79275767636122,0.00522608255625965,0.0134234939775307
"HOMER3",274.327058500217,0.317443109328685,0.122874410137795,2.58347616051783,0.00978102264906658,0.0236405323442635
"SUGP2",1090.72656750513,-0.374053636536562,0.0729307039598615,-5.12889107367492,2.9145391281936e-07,1.44651362239539e-06
"ARMC6",196.043059666738,-0.859591413031113,0.147935975793873,-5.8105637145952,6.2262830370226e-09,3.71905358336706e-08
"TMEM161A",204.338414869961,-0.576596590146162,0.13674790064349,-4.21649317783228,2.48130790413694e-05,9.57508559752713e-05
"BORCS8",38.7498113556941,-1.70458810618699,0.325163713983898,-5.24224577614278,1.58633872697703e-07,8.0892501977513e-07
"NR2C2AP",139.962469761225,-1.04475737195364,0.178655464064164,-5.84788927350365,4.97849754471506e-09,2.99958222177566e-08
"SUGP1",219.45297799643,-0.379558028376568,0.141425496642372,-2.68380198328998,0.00727902045339298,0.0181431850056148
"NDUFA13",566.628315521647,-0.528619429289753,0.0974208867405257,-5.42614060471136,5.75856022458343e-08,3.10517695413579e-07
"CILP2",58.1316556124058,-0.606512619357162,0.241480690944082,-2.51164023502652,0.012017152910557,0.0283865660769626
"ZNF430",244.092483970136,0.395668772203199,0.125863612414969,3.14363114653574,0.00166865625154961,0.00472812174672571
"ZNF714",552.528458051435,-0.386414829410794,0.0917893711956612,-4.20979928696864,2.55597653707291e-05,9.82325723493088e-05
"ZNF738",117.610501258625,-0.900169380074265,0.18000481077428,-5.00080734621615,5.70907388033589e-07,2.73117123433855e-06
"ZNF100",300.429549522511,-0.400765436577919,0.117387117926332,-3.41404954527826,0.000640049353535889,0.00195862275429958
"ZNF724",100.570916126674,-1.07363227719969,0.207099019799655,-5.18414948674458,2.17002835327535e-07,1.09204358990157e-06
"IPO5P1",67.3233169155909,-1.36788362119075,0.242114425785912,-5.64974026950502,1.60690441538919e-08,9.19886418987564e-08
"UQCRFS1",708.614741937478,-0.363518319576798,0.0858073282904258,-4.23644841086794,2.27083064517935e-05,8.81383567882339e-05
"C19orf12",252.388093842934,0.69470430253482,0.124878055589177,5.56306149432894,2.65082424755443e-08,1.48125593070321e-07
"CCNE1",295.575298317028,-0.316149671833091,0.125153156883834,-2.52610225506768,0.0115335905744956,0.0273915176255912
"URI1",783.219142569385,0.271943363906346,0.0813775015877757,3.34175120396172,0.000832516462143936,0.00249381302598003
"DPY19L3",301.049446986668,-0.766273988083955,0.117174595407533,-6.53959149949575,6.1687092225302e-11,4.41661934442657e-10
"ANKRD27",673.932598197976,-0.349753911405752,0.0871307313341805,-4.01412803554131,5.96659540011704e-05,0.000216389647223806
"SLC7A9",11.4657948825627,1.3526346093386,0.549270971846585,2.46259984355482,0.0137933762708353,0.0321067468066032
"CEP89",323.907236146443,0.361632871398386,0.11885826163336,3.04255561564505,0.00234578465201585,0.00645690930410535
"RHPN2",1130.69401140258,1.08923708932906,0.0726978077140885,14.9830802823229,9.47231652975381e-51,4.17360919762087e-49
"WDR88",15.6927115485005,-1.24886120480847,0.513198519477434,-2.43348559555497,0.0149542304228825,0.034448445155409
"LRP3",143.248013810525,-1.28676082961003,0.181505719018108,-7.08936796356072,1.34725870268543e-12,1.12350527908812e-11
"CEBPA-DT",16.4898358913292,-1.34995897036829,0.493104939486102,-2.73767075173729,0.00618759891944308,0.0156566582599387
"CEBPG",804.562953220338,-0.304935020948879,0.0977422873649344,-3.11978601247955,0.00180982464177992,0.00509925732794184
"KCTD15",225.808935774522,0.686013706508258,0.130460949772991,5.25838350634391,1.45327200771559e-07,7.44652114047276e-07
"LSM14A",1738.07524317338,0.198000742338597,0.0693215782743919,2.85626420037439,0.00428658274947705,0.0111857091990046
"GARRE1",620.244871439559,0.536469649419261,0.0888359088700802,6.03888288241449,1.55184824801269e-09,9.79882875873745e-09
"GPI",11431.9675283865,2.24898339527077,0.0692976346845291,32.4539705504964,4.76116743730844e-231,2.45145709679244e-228
"UBA2",1578.30517113823,0.211540175491049,0.0740878388958269,2.85526178983963,0.0043001367360745,0.0112162055465043
"ZNF302",189.047765125298,-0.656769082335684,0.141829984400913,-4.63067866156699,3.64469136965627e-06,1.5845834299777e-05
"GRAMD1A",441.915269052565,0.275142861402123,0.105429027605436,2.60974484590557,0.0090609777814566,0.0220569877886842
"FXYD5",546.494139552756,0.890307181268841,0.106323250205446,8.37358883920991,5.58895159290038e-17,6.46460183925916e-16
"LSR",1746.99310673386,0.598138685942124,0.0839344289569617,7.1262614564141,1.03131730946541e-12,8.71325327420357e-12
"CD22",35.441887062578,-1.62704028072322,0.335476338947866,-4.84994049304941,1.23498518962934e-06,5.64578084787173e-06
"SBSN",9.15751817885791,2.12704121456884,0.671438571747842,3.16788654103066,0.00153551433143996,0.00438186916340136
"GAPDHS",74.4207979184435,-0.988903662882353,0.223317604985875,-4.42823870937046,9.50057214434438e-06,3.8973323608748e-05
"TMEM147-AS1",84.8580773078672,-0.855610995048039,0.208699652416599,-4.09972410179245,4.13642959551946e-05,0.000153474568130237
"TMEM147",497.896996971572,-0.309031808732171,0.103051602543203,-2.99880643391852,0.00271039443208804,0.0073737949970801
"HAUS5",214.905831498927,-1.1021256339856,0.137500087029557,-8.01545408293948,1.09730855500911e-15,1.15640920876136e-14
"RBM42",330.027015406458,-0.311315505513177,0.111867898042011,-2.78288509002167,0.00538778845660102,0.0137995076430368
"UPK1A",15.6547802917977,1.86838860264082,0.485972178488912,3.84464108305627,0.000120729011188763,0.000416872487187716
"UPK1A-AS1",45.2089273668032,3.3630439213913,0.358642011468605,9.37716110731133,6.77729002372222e-21,9.97823067953416e-20
"KMT2B",421.284908944157,0.452405963442755,0.121301165787723,3.72960936117024,0.000191776857814005,0.000641070442342087
"IGFLR1",18.7611056334666,-1.68603981491844,0.497389715188876,-3.38977619245343,0.000699497060036765,0.00212216103012164
"PROSER3",187.321505524485,-0.664539107494417,0.152477031857953,-4.35828989715317,1.31082678399261e-05,5.27285925766312e-05
"ARHGAP33",64.7190079613309,-1.42719107789468,0.246622949945749,-5.78693539351721,7.16821320278556e-09,4.24649474449042e-08
"LOC105372383",8.52304211691948,2.16856312694065,0.673406571106896,3.22028803992234,0.001280618542429,0.00370969727585805
"SDHAF1",61.8858134005437,-0.626731839834805,0.236787290676046,-2.64681367840916,0.00812541083129231,0.0200038290424479
"ALKBH6",118.43179111583,-0.448024058178805,0.172949816836241,-2.59048587835754,0.00958405536733602,0.0231986919778056
"LOC101927572",10.3145426983418,-1.61664769708247,0.613146340666216,-2.63664249439358,0.0083731024952214,0.0205602507244018
"WDR62",164.321139780592,-1.38594383881527,0.158405073495014,-8.74936520804617,2.14556237541553e-18,2.71334593455181e-17
"POLR2I",111.694714181814,-0.702710161966237,0.18880660588998,-3.7218515668658,0.000197767271883497,0.000659871136199314
"ZNF566",101.096356107247,-0.676960790004987,0.188907357636585,-3.58355967959336,0.000338943277023335,0.001088399286393
"ZNF585A",112.550234906652,0.641613820305924,0.176517174481173,3.63485208842587,0.000278140166165255,0.000905085578632009
"ZNF585B",205.205624281279,0.501102641265392,0.142166138649061,3.5247678949934,0.000423853994941076,0.00133723264055202
"ZNF383",167.141584072254,0.508568265505756,0.149140944267005,3.40998421329071,0.000649666398793255,0.00198670255772158
"ZNF573",41.0808195466565,-0.7651301722673,0.29337620319663,-2.60801715998241,0.00910683889236923,0.0221566550127428
"SIPA1L3",871.615700052685,0.747792463935988,0.0824728303402737,9.06713715111607,1.22185069733107e-19,1.68083751271781e-18
"SPINT2",2450.69469389112,0.427768559865167,0.0770609389044426,5.55104266761672,2.83970759764123e-08,1.58091969777858e-07
"SPRED3",52.4386112982777,0.810528947393347,0.256214760667056,3.16347483370252,0.0015589782978251,0.00444319909933673
"FAM98C",105.494292991413,-0.544229327758058,0.201040351698803,-2.70706513970597,0.00678809367332201,0.0170136628771816
"ACTN4",6647.31042939002,0.210100461487892,0.0661104663778886,3.17802116667811,0.00148283925056549,0.00424769450555407
"ECH1",348.235576211644,-0.279639344827838,0.112825048384684,-2.47852182499751,0.0131928039601267,0.0308442553406127
"HNRNPL",3286.49494247569,-0.490022554858677,0.0617436444480349,-7.93640477881239,2.08126014711938e-15,2.15182955314047e-14
"SIRT2",201.077667868869,1.00209791955333,0.142047866296079,7.05464957470457,1.73036232132285e-12,1.42713315297753e-11
"ACP7",80.9051314847818,0.93856657236611,0.210702311110005,4.4544673830184,8.41017128175228e-06,3.4769372945276e-05
"PAK4",615.113372981623,0.307425971772092,0.100311451448263,3.06471461965289,0.00217877786836047,0.00603593481410053
"IFNL3",43.5398172253342,-0.833845802269699,0.291911625306469,-2.85650083786238,0.00428338873845744,0.0111789932593398
"IFNL2",42.4642752383938,-0.873179710166426,0.30401139770801,-2.87219399255905,0.00407632650226354,0.0106803547393561
"IFNL1",59.5807836795446,-1.13903251483579,0.258347871995236,-4.40890999426074,1.03892188097936e-05,4.23967645315422e-05
"LRFN1",155.509898993822,-0.530567531042901,0.155915709110796,-3.40291259981938,0.0006667160426511,0.00203194483419846
"PAF1",519.990469771181,0.236418088557154,0.100873575631278,2.34370683380284,0.0190931725035538,0.0428117533515668
"MED29",442.836753077898,-0.29258288674187,0.0998277066010121,-2.93087857774049,0.00338004867119988,0.00901329640480809
"ZFP36",427.597195166548,0.508493001196482,0.122011931907262,4.16756782101421,3.07866929196404e-05,0.000116654119660395
"PLEKHG2",206.21590008617,-0.741825890014541,0.139227872988848,-5.32814208886148,9.92224904953284e-08,5.18888131519534e-07
"RPS16",4786.62456695,0.419697968791248,0.0758796129565758,5.53110318355777,3.18223056242766e-08,1.76343717606116e-07
"SUPT5H",1238.73825500832,0.443330616709683,0.0848892702100573,5.22245762759731,1.76563967137294e-07,8.97056456662299e-07
"EID2B",18.497600943824,-1.32785860052859,0.466079762785321,-2.84899432790908,0.00438576623594572,0.0114147737345433
"EID2",91.2298025663537,-0.978007015044735,0.216839913946077,-4.51027210464557,6.47445234625692e-06,2.71908892407122e-05
"FBL",1408.15914158619,0.20410311288553,0.0828706650526749,2.46291148690308,0.0137813933142705,0.0320871432708617
"ZNF780B",273.316005286632,-0.626984411128158,0.127814798717141,-4.90541328094328,9.32308248916222e-07,4.33801367253272e-06
"ZNF780A",352.941656355962,-0.714917762605114,0.122191560481301,-5.85079493042828,4.89229116751181e-09,2.95060171116902e-08
"CCNP",109.803334659655,0.920280533641667,0.179046047491672,5.13990979714015,2.7487039089083e-07,1.36797550793804e-06
"AKT2",668.380229587067,-0.374237207286753,0.0851695891344672,-4.394023865677,1.11271592244616e-05,4.51729074980903e-05
"C19orf47",123.652374620044,-0.770627399864664,0.172022810861682,-4.47979774312781,7.47138025195903e-06,3.11310389642899e-05
"PRX",56.0334004000057,0.696850415989179,0.247715637931681,2.81310627705049,0.00490654317433813,0.0126641097887063
"SERTAD1",268.781161479045,0.935934925371372,0.128221181114883,7.29937844304208,2.89100113889019e-13,2.54637006470871e-12
"SERTAD3",252.268778209044,0.344016743616568,0.127257364574322,2.70331500866225,0.00686516503318915,0.0171972670368504
"BLVRB",398.531226603351,0.270492729290862,0.108214754382283,2.4995919533792,0.0124336426774509,0.0292821059448959
"NUMBL",289.05839013022,0.413159411254032,0.121332943961242,3.40517091043312,0.000661226565257575,0.00201692009690365
"COQ8B",208.589787717385,0.500328481967411,0.134857401678511,3.71005577550837,0.000207213590878451,0.000688966074025933
"ITPKC",298.101747613497,1.02339500560249,0.126422977065284,8.09500795946305,5.72606080115701e-16,6.17530470961403e-15
"SNRPA",566.912605681599,-0.557538023851025,0.102503948154089,-5.4391858449482,5.3524599773924e-08,2.89398983656131e-07
"HNRNPUL1",2317.37939654261,-0.473001169325337,0.0788713714629517,-5.99712114233388,2.00846232710307e-09,1.25327214670099e-08
"TGFB1",453.725338821616,0.608450066508322,0.105844160381246,5.74854639421495,9.00139481649928e-09,5.28212751508087e-08
"RPS19",7099.69125019932,0.438486692395769,0.0718257465529098,6.10486787036403,1.02885759349736e-09,6.57717016403544e-09
"ARHGEF1",684.511664667945,0.243367702625469,0.090905810840661,2.67714132215423,0.00742533079130696,0.0184746494808978
"ZNF574",299.874922694653,0.669295968928512,0.127878146803854,5.23385727473133,1.66008657433509e-07,8.44381037428524e-07
"POU2F2",25.7140416753802,1.45176838736846,0.362380759466576,4.00619610573547,6.17044247752729e-05,0.00022328824073799
"CIC",1006.65734101572,0.912903319573088,0.0814749382314049,11.2047132454432,3.86603660832548e-29,8.68701318187451e-28
"PAFAH1B3",379.327932596882,-0.270001016335888,0.108145438591397,-2.49664729139457,0.012537358950825,0.0294955281531094
"TMEM145",44.2315694024259,1.4847210425775,0.280659314746934,5.29011853362591,1.22237114305746e-07,6.32271824599267e-07
"MEGF8",409.289120051687,-0.508281907915244,0.10427023236752,-4.87465977944411,1.08996136374589e-06,5.02229448633718e-06
"LIPE",65.4512545927454,-1.13182952701895,0.239420743233176,-4.72736619114345,2.2745085393574e-06,1.01207205895703e-05
"CEACAM1",325.431897697884,1.11724128788658,0.121503951211379,9.19510251928288,3.74637185090876e-20,5.28687291505299e-19
"LYPD3",119.648735194504,1.95021504257238,0.20378749089397,9.56984667713031,1.0706432970953e-21,1.63925767688652e-20
"XRCC1",176.000537333269,-0.842964265166654,0.158882565189072,-5.30558066055591,1.12314888691737e-07,5.84472021112847e-07
"IRGQ",425.096630855546,-0.933966754707569,0.105473755677479,-8.85496822132208,8.37076572001669e-19,1.08838072900736e-17
"ZNF576",86.2114021221937,-0.598471812690465,0.205158434885408,-2.91712019066993,0.00353279611742156,0.00939559014640702
"ZNF428",72.2667698114678,-1.1322774925716,0.2294209276218,-4.93537143410976,7.99983646828162e-07,3.75136749921684e-06
"PLAUR",2160.80048236102,1.93737611095406,0.0680208920029998,28.4820744613085,1.95339433736256e-178,6.17581041291414e-176
"IRGC",2.02933701466265,3.77300588769743,1.59318425535796,2.36821690586548,0.0178740534416886,0.0403928731731328
"KCNN4",633.790869923801,0.923043144139163,0.0876184123294587,10.5348079199196,5.97050388204276e-26,1.14098038662028e-24
"ZNF226",206.279860023623,-0.347238218630166,0.137623441136442,-2.52310373700007,0.011632408002383,0.0275860215965757
"ZNF227",243.502761134651,-0.29980519894579,0.123699326859937,-2.42366071470427,0.0153649529505984,0.0352638585230175
"ZNF180",202.482891363638,-0.423410409988203,0.137381550091005,-3.08200344011059,0.00205612461219881,0.00572607350277156
"PVR",1165.62776208111,0.507981145583722,0.0776601713782399,6.5410768038307,6.10774526719813e-11,4.37470896105634e-10
"BCL3",110.659164884446,0.813401842970095,0.184783929898036,4.40190791168329,1.07303101850297e-05,4.36897695084546e-05
"APOE",18.288032982856,2.43625834603023,0.491646128285325,4.9553087187465,7.22155355882477e-07,3.41036731351104e-06
"RELB",200.882646447597,0.527554323363158,0.136141270416538,3.8750506863132,0.00010660250800646,0.000371152201851705
"PPP1R37",166.456283392544,-0.500446854906478,0.15718639047851,-3.18377980042044,0.0014536554776964,0.00417006134408895
"BLOC1S3",113.526112030143,0.598406773239498,0.189918200658392,3.15086585258807,0.00162787238730591,0.00462565252154524
"MARK4",333.933232918594,0.321503713707281,0.111177588196873,2.89180327547636,0.00383037706272883,0.0101019984551721
"KLC3",88.2103787554725,0.755014883815717,0.197757803893968,3.81787655884636,0.000134605241941672,0.000461251390954721
"ERCC2",300.798972700035,-1.17889716598984,0.123344532305743,-9.5577578020858,1.20335450205604e-21,1.83776707470778e-20
"PPP1R13L",561.646464743552,1.68733439479104,0.0964203633642013,17.4997722049397,1.43843302025146e-68,9.3581232700186e-67
"POLR1G",98.4208310018037,-1.3214938896092,0.205268023358411,-6.43789455360899,1.21142107913073e-10,8.49125603540061e-10
"ERCC1",601.569012556358,0.478791728758643,0.0955505614553388,5.01087300237827,5.41836650332035e-07,2.59899874251626e-06
"FOSB",81.6917497868343,1.09369879188129,0.212004203304669,5.15885428134439,2.48465589619787e-07,1.24377733070505e-06
"VASP",1016.68976352913,0.542783410138908,0.0822524577835433,6.5989932065897,4.13959279406517e-11,3.0342089232374e-10
"MEIOSIN",11.4139958579721,-4.08580780353716,0.942957231081284,-4.33297255576691,1.47109454222494e-05,5.87948430814719e-05
"SIX5",67.9098472371744,-0.843463337073047,0.238832608473674,-3.53160878015542,0.000413039937430275,0.00130631672734836
"CCDC61",19.4797690615087,-1.50210867818726,0.44339595572076,-3.38773653391925,0.000704719231516705,0.00213584683336067
"PPP5C",675.699693483088,-0.607668049016489,0.102202894677343,-5.94570291707405,2.75273005919874e-09,1.7006153032849e-08
"CALM3",2616.08406093927,-0.429093185340323,0.0836155096289437,-5.13174155422227,2.87073501493176e-07,1.42634451899877e-06
"STRN4",822.024540451747,0.192394354069903,0.0812427296746294,2.36814241520967,0.0178776527615073,0.0403928731731328
"ARHGAP35",1788.27016405875,0.255821716760209,0.0649403468581291,3.93933400631638,8.17081116965737e-05,0.000290083112861299
"TMEM160",55.6501198724712,-0.592109972850019,0.25897201132767,-2.28638596817646,0.0222316884954473,0.0488641612850905
"SAE1",1851.23983645544,-0.705343824148063,0.0720389496229918,-9.79114531568554,1.22895813831886e-22,2.0042583358049e-21
"EHD2",1405.56412079837,1.26641339792964,0.0721180611841897,17.5602806999375,4.96292018396391e-69,3.30025035554294e-67
"NOP53",1204.78739615856,0.517475518401928,0.0944351775829375,5.47969021340015,4.26071173276277e-08,2.33026665056504e-07
"PLA2G4C",49.6626673211193,-0.790534242136985,0.265341866196391,-2.97930459851321,0.00288903428796768,0.0078230676152801
"LIG1",489.352788094026,-1.16427196283936,0.106809152198419,-10.9004887584586,1.14639820494801e-27,2.37189920222366e-26
"ODAD1",45.5055873326886,1.16469433649807,0.27806313027202,4.18859679583801,2.80684587309688e-05,0.000106984284008204
"EMP3",561.543555361271,0.604480952107982,0.118632233266253,5.09541914086125,3.47970519458551e-07,1.70912421127352e-06
"TMEM143",65.5085605529889,-0.784102084974164,0.239264206408561,-3.27713909549534,0.00104864695803895,0.00308835869109657
"KDELR1",1725.36951303622,0.179055411133391,0.071265271434777,2.51251987859564,0.0119872351440053,0.0283307494465731
"GRIN2D",437.725741941671,0.43663983612627,0.103374434137895,4.22386675939448,2.40146058801251e-05,9.28485759634703e-05
"GRWD1",423.412883014796,-0.654878434177405,0.10964294317743,-5.97282793765982,2.33175792860746e-09,1.44649258628004e-08
"KCNJ14",66.0777929844943,1.0991291757192,0.233123829643202,4.71478688987493,2.41963861559786e-06,1.07373325515117e-05
"CYTH2",815.793861998677,0.327399455148021,0.0793478704072993,4.12612781499304,3.68922282100254e-05,0.000138047102278419
"FAM83E",29.9200947976888,1.13003405533383,0.335975995078596,3.36343688801182,0.000769784350608962,0.00232016788465029
"RPL18",4699.85723907683,0.371312104587405,0.0698909858098602,5.31273239724458,1.07993568996428e-07,5.6247170719209e-07
"CA11",105.492393386266,-0.557017508167632,0.184169160469636,-3.02448850147996,0.00249053938716325,0.00681890159466256
"FUT2",71.191329129729,-0.890467871709608,0.228504853505438,-3.89693198218399,9.74189649045306e-05,0.000340560071104665
"FUT1",276.678409148308,0.690990919562599,0.126190623732501,5.4757706961443,4.35611482464124e-08,2.38027729699393e-07
"PPP1R15A",846.4943007191,0.279307542113431,0.0975179395778556,2.8641657455287,0.00418109170209128,0.0109389450585637
"DHDH",48.4300046112232,1.09561734676289,0.262863876230484,4.16800270343054,3.07280291252099e-05,0.000116456322369171
"BAX",325.97603020935,-0.308945988258798,0.11699402276167,-2.64069890893619,0.0082735210410413,0.0203323500178106
"FTL",6215.5435533625,0.639027467450053,0.0866608835497995,7.37388590185372,1.65725038140455e-13,1.48435930036239e-12
"GYS1",1068.02634491438,1.48271453154023,0.0837149970055612,17.711456543942,3.42103871282341e-70,2.33524767590116e-68
"RUVBL2",1165.67165945474,-0.228051922220885,0.0879260573328977,-2.59367847414624,0.0094955241114372,0.0230184073193718
"SNRNP70",658.659154083261,-0.649908614132854,0.0994673131567447,-6.53389132074676,6.40824542552155e-11,4.58084057173042e-10
"SLC6A16",62.4029491159118,-0.838299191463185,0.241833427561521,-3.46643224601333,0.000527414642429233,0.00163589316199952
"CD37",54.6437703862102,-1.18183478623429,0.265061082031599,-4.45872618181419,8.24481653168891e-06,3.41327449385633e-05
"TEAD2",208.911316146151,-1.30720890953931,0.145057857841743,-9.01163803870224,2.03001371035998e-19,2.75681063107741e-18
"PTH2",6.31524500942714,-1.99434444966628,0.824031101630122,-2.42022958322934,0.0155107108823065,0.0355666777974355
"GFY",23.8228474737457,-0.913114258266511,0.390031834856659,-2.34112750976364,0.0192255997526347,0.0430444195728948
"ALDH16A1",127.045923368529,-1.32994778161472,0.18009009447626,-7.38490245941891,1.5256519243618e-13,1.37194477689242e-12
"RPL13A",12489.4286812746,0.438571290965919,0.074445909540203,5.89114020736192,3.8353995863925e-09,2.3421801405076e-08
"RPS11",5551.30878063801,0.383564859126686,0.0847412979938862,4.52630380000032,6.00242740769786e-06,2.53503033311749e-05
"BCL2L12",209.499839913384,-0.715444723499304,0.141057252802973,-5.07201656974441,3.93622105359211e-07,1.92078634191128e-06
"PTOV1-AS2",60.8763864224337,-0.588358119203085,0.240975219233528,-2.44157105064364,0.0146235104535377,0.0338249623775128
"PNKP",226.468596111922,-0.774873715922071,0.132036925608681,-5.86861374081499,4.39453881279901e-09,2.66108817021004e-08
"TBC1D17",307.687487566613,0.697055714508605,0.111295179470545,6.26312584089129,3.77335862764278e-10,2.51106705423746e-09
"NUP62",917.779483537991,-0.982169872209011,0.0886894815955282,-11.0742542919377,1.67266823897031e-28,3.63608616821279e-27
"ATF5",123.564877613546,-1.3450600307634,0.188145015782958,-7.14906012878408,8.73740547120586e-13,7.40973101160474e-12
"NR1H2",269.531698339194,0.496359591210304,0.119990176708725,4.1366685575871,3.52384527662448e-05,0.00013229836610427
"POLD1",391.739392460501,-0.518010694159787,0.105555536244231,-4.90747063196412,9.22584646374993e-07,4.29387859305882e-06
"FAM71E1",101.131412827079,0.499442490263822,0.183083559942812,2.7279483227212,0.00637295910929409,0.0160602847306095
"EMC10",581.213944273851,-0.418611603381692,0.0992728600030025,-4.21677791260402,2.47817822855595e-05,9.5671057962311e-05
"JOSD2",74.7554504450857,-0.729662651713364,0.218744170716381,-3.33568958351548,0.000850881150175369,0.00254586239536947
"C19orf48",733.865504285335,-0.57441757522843,0.0857528017076316,-6.69852837213258,2.10528852966817e-11,1.58410875127976e-10
"VSIG10L",36.0931068109822,-1.19012450701609,0.330241368635111,-3.60380200680152,0.000313595978742363,0.00101223591848758
"ETFB",273.479761916177,-1.1287006536883,0.129653861274864,-8.70549201227009,3.16200036480067e-18,3.95711170653284e-17
"SIGLEC10",15.3966932535156,-2.6516981619635,0.588640160757057,-4.50478635122877,6.64397524289707e-06,2.78803895034701e-05
"ZNF432",20.8731746898853,0.949405851736935,0.394865647519188,2.40437692592846,0.016200060128348,0.0369265473783152
"PPP2R1A",2619.52729267696,0.56173902908948,0.0670626271484848,8.37633497187221,5.46013661294988e-17,6.3196610084759e-16
"ZNF480",220.720282186441,-1.05391216269473,0.138500836929337,-7.60942811654225,2.75311381378629e-14,2.63483080394279e-13
"ZNF808",286.479759040482,0.399793808695399,0.137711424110843,2.90312740048065,0.00369456308294804,0.00977109608391282
"ZNF468",239.863009165093,-0.301604454071155,0.12449650276103,-2.42259378683176,0.0154101474187047,0.035358577365989
"ZNF320",302.981143607481,-0.316428324141759,0.115708909654458,-2.73469281740456,0.0062438514387244,0.0157812688327142
"ZNF702P",16.1551583804135,-1.69476201203461,0.507261634330576,-3.34100175794126,0.000834766944977144,0.00250013879265965
"ZNF160",517.989976829271,1.1873021493233,0.097449576637649,12.1837589273281,3.79384677912222e-34,1.05507581491607e-32
"ZNF818P",5.75082217140528,-2.14359990943575,0.886877535427665,-2.41701906273009,0.0156481975946079,0.0358408958887174
"ZNF845",205.207910039709,-0.384460928739931,0.134470624875487,-2.85906999462464,0.00424885022989539,0.0110984968825837
"TPM3P9",73.795687375152,-0.643661560148163,0.220902564148212,-2.91378039286274,0.00357081004008378,0.0094876584379926
"MYADM",1732.76504116835,0.734033072837034,0.0799059258749209,9.18621572555253,4.06904630277142e-20,5.73325124489788e-19
"CACNG8",33.5262473440944,1.02491176581127,0.333507422472109,3.07313030161117,0.00211825973174727,0.00588184262339254
"NDUFA3",213.641923062925,-0.767498997723908,0.145734314048319,-5.26642611752673,1.39105192377748e-07,7.14803157068549e-07
"TFPT",43.4989185651203,0.972033649515918,0.280858384483997,3.46093869087004,0.000538295388977458,0.0016670598392787
"PRPF31",538.090318110781,-0.381855351737095,0.101470521215447,-3.76321464759524,0.000167743106714225,0.000566085866310308
"CNOT3",410.52178179087,0.336345706899271,0.113410950222071,2.96572514594638,0.00301970226870199,0.00814397704044876
"TMC4",316.147503792398,0.562084971633665,0.117045040139917,4.80229637207816,1.56856298740431e-06,7.09693035300355e-06
"MBOAT7",607.950629151453,0.288239895279849,0.088732198347774,3.24842504352402,0.00116045779217442,0.00339050095213605
"RPS9",3398.63833199692,0.335223503724911,0.0859532121258185,3.90006953124928,9.6165066254319e-05,0.000336437712865285
"LENG8",670.419550370112,-0.860665181340125,0.102746406592602,-8.37659641716458,5.44802655388208e-17,6.3096970776034e-16
"NLRP2",476.656616805804,-0.479833360432737,0.0989775704756453,-4.84789996487948,1.24775288394102e-06,5.69981108276329e-06
"EPS8L1",168.408031406171,0.66758134192859,0.151237306122064,4.41413140081843,1.01416348971668e-05,4.14427216512115e-05
"PTPRH",574.058559576909,2.01456724008152,0.096988805384681,20.7711315970051,7.89756912003974e-96,8.57362006700218e-94
"HSPBP1",206.769586370284,-0.42443291099274,0.144512175518403,-2.93700450823738,0.00331399286083514,0.00885287064113698
"BRSK1",280.012085804141,1.27505759757617,0.118374895396629,10.7713514196058,4.70050388854443e-27,9.42244500283195e-26
"IL11",26.9853406089889,1.54576851098854,0.356492068790699,4.33605301860468,1.45063968335156e-05,5.80416912381848e-05
"RPL28",4679.06262369749,0.457060165419852,0.0672715737760645,6.79425409224596,1.08874350279872e-11,8.38830554251204e-11
"ISOC2",143.330882793514,-1.00094732633741,0.167858766186407,-5.96303278689574,2.47598715789291e-09,1.5329833934567e-08
"ZNF628",70.7432062753987,0.562483453970758,0.234599854933263,2.39762916362744,0.0165015619609567,0.0375567880902248
"NAT14",86.4379823737517,-1.33712300329874,0.213250396879107,-6.27020171060576,3.60580686399501e-10,2.40489435588653e-09
"SBK3",4.53356014723773,-2.6289283019768,1.11344383701126,-2.36107849771161,0.0182218730930315,0.0410881350112014
"FIZ1",89.5320536149832,0.552125679434943,0.198624248227273,2.77974962454323,0.00544008243379224,0.0139215742032618
"ZNF865",128.507445056332,0.461340240264628,0.168437633072768,2.73893803806493,0.00616379889170606,0.0156030088253175
"ZNF581",225.267615930705,0.696766930319259,0.138624488675313,5.0262903544498,5.00058589930406e-07,2.40628994636471e-06
"U2AF2",1414.43829406466,-0.425798943345796,0.0841827843936175,-5.05802874557899,4.23612590737469e-07,2.06099419483799e-06
"NLRP4",13.7468345441278,-1.26780921600487,0.54164897992436,-2.340647288179,0.019250343663055,0.0430837609478285
"ZSCAN5A",78.7980981845333,0.783837315230575,0.211421245797197,3.707467110389,0.000209342594553901,0.000695531507458675
"ZNF264",1200.33567518819,1.14877469809823,0.075984795472895,15.1184811507193,1.22331711947729e-51,5.49760543892775e-50
"AURKC",6.60271599508003,1.71455949592548,0.726011929923898,2.3616133912637,0.0181956064679193,0.0410443139514801
"ZNF805",648.469664339094,0.990524920130267,0.0996958507460978,9.9354678526482,2.91802891129442e-23,4.92376395228808e-22
"ZNF460",901.946397106885,0.3923007047118,0.085608141249692,4.58251632362374,4.59413833128465e-06,1.96513094868457e-05
"ZNF530",65.9831489798612,-0.833209796821831,0.234301363015642,-3.5561457521961,0.00037633534525031,0.00119822248352577
"ZNF551",225.198522141338,-0.647566657657586,0.135266356371845,-4.78734457722388,1.69002525848346e-06,7.61018120518e-06
"ZNF552",95.1044628750485,-0.542822793895922,0.196350556277241,-2.76455949088055,0.00569997123814432,0.014528880011683
"ZNF587B",358.695989711205,-0.624659590956283,0.107627473066052,-5.80390464591624,6.47881306641695e-09,3.85710902774694e-08
"ZNF814",108.267525335157,-0.499921706118771,0.185490051615079,-2.69514026097845,0.00703590066858103,0.0175907277952967
"ZNF329",69.7565657598348,0.605546187477655,0.218277244207222,2.77420667315544,0.00553365112193794,0.0141329261434869
"ZNF544",703.127435238792,-0.539454248288323,0.0852997430037239,-6.3242189166358,2.54516684851642e-10,1.73015661173574e-09
"ZNF8-ERVK3-1",26.3158653283712,-1.29899402606326,0.378135767804846,-3.43525827668772,0.000591989329313799,0.00182207339087344
"RPS5",5881.47979076017,0.499318902192417,0.0757124258025104,6.59493995734397,4.25428001179639e-11,3.11525315288837e-10
"LINC02560",2.58221152507076,3.17313592608107,1.38962014082657,2.28345562420651,0.0224035439470978,0.0491938912477945
"ZNF132",55.8939802523458,-0.859848052390816,0.25691867286412,-3.34677134520921,0.000817586188284614,0.00245235031609138
"ZNF324B",60.1356810621263,-0.579942708806376,0.242002610880863,-2.39643161987157,0.016555582236516,0.0376702206419514
"CHMP2A",503.859932375603,-0.243308889114093,0.103667764731898,-2.34700622458032,0.0189249386188974,0.0425085776955192
"FAM110C",644.220737686736,1.93481870712153,0.109961467730893,17.5954245341339,2.67047026980215e-69,1.78901653279199e-67
"SH3YL1",318.86248109514,0.839956336615168,0.116707285191319,7.19712000187668,6.14976368711052e-13,5.28492567503189e-12
"ACP1",896.88234194145,-0.328385619919428,0.0828569822785444,-3.96328240407643,7.39262449649458e-05,0.00026431165774751
"TMEM18",287.399501915032,0.717801447159242,0.117987468887382,6.08370917630564,1.17433533805327e-09,7.48856940094053e-09
"PXDN",399.386532301046,0.344963328027645,0.106047350537093,3.25291793034455,0.00114226482947448,0.00334005427421055
"EIPR1",281.099588805409,-0.290074356187866,0.118746916621751,-2.44279484840731,0.0145740192770293,0.0337148140425346
"RNASEH1",633.995353406228,-1.23036791909092,0.0988573724422544,-12.4458893524569,1.47235162447273e-35,4.2934059263144e-34
"RNASEH1-DT",26.661402281685,-1.6182782466604,0.391494636578208,-4.13358982591609,3.5714061992772e-05,0.000133916585761911
"RPS7",4959.83557725461,0.293825017487724,0.0698544086491342,4.2062487274576,2.59644467980609e-05,9.95755045217826e-05
"CMPK2",68.7638164557388,-1.14840313908104,0.232115007982604,-4.94756090552792,7.51491939154289e-07,3.54148437120801e-06
"RSAD2",158.686364774351,-1.19601897298519,0.157484433497061,-7.59452186115594,3.08930995543933e-14,2.94407481263734e-13
"MBOAT2",561.475256919759,0.28042578785679,0.0949659103632265,2.95291001564893,0.00314793710790123,0.00844558204875512
"ASAP2",796.889091139282,1.41628860128055,0.0804695024288832,17.6003151322108,2.44957450366432e-69,1.64715604964682e-67
"CPSF3",731.154045299001,-0.717534258709128,0.0867110381045236,-8.27500482515495,1.28450417656538e-16,1.44947086824576e-15
"ADAM17",834.187464781119,0.59224302226404,0.0782396952319568,7.5695977663029,3.74381616969415e-14,3.53417030875109e-13
"KLF11",145.939361942276,-0.466892929547155,0.160080432806456,-2.91661461280309,0.00353852690559585,0.00940944272771768
"RRM2",4030.72434725095,-1.47485600492694,0.0739984959640224,-19.9308916446628,2.19614459378838e-88,2.06128758982606e-86
"HPCAL1",1043.87818663147,1.91865877118758,0.0784282044767537,24.4638875005263,3.58114678820165e-132,6.79324697580862e-130
"ODC1",3142.79476903291,-0.53730119295753,0.0726300400651985,-7.39778186099313,1.38478082224828e-13,1.24963120669686e-12
"ATP6V1C2",103.770763153104,0.59645662384433,0.186345507669432,3.20081031898239,0.00137041713746,0.00395077383365327
"C2orf50",16.4538193539927,-1.53051789250947,0.491428285001854,-3.11442775928882,0.00184302081846689,0.00517983128034806
"ROCK2",2372.7319833099,0.27123128534489,0.0642036247463162,4.22454785717457,2.39420971885e-05,9.25880973034247e-05
"GREB1",90.6090940981913,-0.479441148488218,0.19441752455956,-2.46603874611798,0.0136616555367324,0.0318330352246514
"LPIN1",2141.94158602838,1.93534838212686,0.0728606796352129,26.562315803482,1.85091811397638e-155,4.50748585567139e-153
"TRIB2",445.965421365685,1.65835860924078,0.103607964497802,16.0060919764134,1.1586244345452e-57,5.88156927744764e-56
"NBAS",1049.01676897996,0.675499700024616,0.0737102151879808,9.16426167393367,4.98872979533052e-20,6.97996115230212e-19
"DDX1",1642.64575704867,-0.23557249717451,0.0748760849874216,-3.14616472287625,0.00165426807678668,0.00469177919606119
"RAD51AP2",28.3144820545119,1.17735982953576,0.359523653852295,3.27477710275902,0.00105745373115336,0.00311226093240481
"SMC6",706.790705311653,-0.368429324789547,0.0838559287421128,-4.39359900148027,1.11489381805786e-05,4.52511294937402e-05
"GEN1",535.155469808254,-0.918511495380632,0.0948814209130738,-9.68062542214805,3.64479424018438e-22,5.79213730179566e-21
"KCNS3",87.9978473288347,-0.647668948484449,0.203854811394266,-3.17710896326024,0.00148751136670019,0.00426040088037257
"WDR35",289.969625140151,-0.648090131082237,0.120936957602698,-5.35890883919327,8.37260859026286e-08,4.43251408358187e-07
"SDC1",354.550069123549,-1.22800230975423,0.127280423079,-9.64800619017454,5.01207005940442e-22,7.85413169917627e-21
"PUM2",2987.97230056178,0.33099394768353,0.05808604427853,5.69833859052911,1.2098059734687e-08,7.02607587749901e-08
"RHOB",1253.37195220414,-0.232283810445446,0.073233126414069,-3.1718406931323,0.00151476076025405,0.00432924000600613
"LDAH",276.947708711472,-1.10862511342235,0.131180070817959,-8.45117026168412,2.88397318103855e-17,3.39686801931344e-16
"KLHL29",364.580399294447,0.47941681161266,0.11156661474593,4.29713505876675,1.7301978445623e-05,6.84369959544715e-05
"WDCP",250.49781274333,-1.42895779189591,0.135521177502043,-10.5441659985161,5.40502666045638e-26,1.03621261114983e-24
"TP53I3",193.091353670176,-0.409373430901835,0.138874109309712,-2.9478023869004,0.00320041577253674,0.00857743792934036
"ITSN2",882.881523276,0.398028370525111,0.0809545493300056,4.91668935000275,8.80200593921381e-07,4.11041588573652e-06
"PTRHD1",158.098653266899,0.414690477151524,0.154883116891316,2.67744145052633,0.00741868173871618,0.0184606550142784
"CENPO",423.126920366463,-0.843885900441402,0.104308939259028,-8.0902548375629,5.9540027555006e-16,6.40579603921649e-15
"ADCY3",439.321243223281,-0.68612969874281,0.103374897351645,-6.63729509117517,3.19491640530855e-11,2.35482979713969e-10
"DNAJC27",136.618281799529,0.838008050741212,0.164576080422236,5.09191887782975,3.54457765286053e-07,1.74003905971669e-06
"EFR3B",51.1603189091742,0.954535264751687,0.266500413108857,3.58174028181259,0.000341313018039429,0.00109561843571225
"KIF3C",290.020049233359,1.03159446415653,0.119576921692467,8.62703646786986,6.29621043539373e-18,7.69769391154888e-17
"GAREM2",146.390132452371,-1.14024329628373,0.165229103255071,-6.90098338501232,5.16437736696326e-12,4.11619834277067e-11
"HADHA",1841.84154821055,0.210541943621564,0.0687840055262651,3.06091426358078,0.00220662270592266,0.00610638112969057
"SELENOI",3255.47326538906,0.416741854251291,0.0662042561145367,6.29478946988402,3.07817346755516e-10,2.06752754598627e-09
"SLC35F6",544.47707055778,-0.459355407300934,0.0926265989353756,-4.9592170346384,7.07778593810877e-07,3.34422601968165e-06
"CENPA",178.750531106617,-1.33489507322374,0.16881751539014,-7.90732567138417,2.62977013748328e-15,2.69420623351826e-14
"DPYSL5",178.831244781235,-1.00049243546982,0.149769774943933,-6.68020256987338,2.38612191951158e-11,1.77981387050986e-10
"MAPRE3",138.160723094775,0.65218545469348,0.159197140790653,4.09671587978527,4.19052697415377e-05,0.000155289916926229
"AGBL5",358.989402380287,-0.441268515808673,0.116975107676701,-3.77232835748495,0.000161731221322532,0.000547232132830146
"OST4",659.012785458462,0.267136187908136,0.108476161342198,2.46262574747119,0.0137923798923358,0.0321067468066032
"KHK",35.2757598465329,-1.18241361108833,0.324131110671531,-3.64794853736385,0.000264342567878846,0.000862055268864401
"ABHD1",20.7320276667546,1.04360368783274,0.401633570911434,2.59839755293481,0.00936599881819061,0.0227380661057003
"SLC5A6",284.340841374198,-0.773273620403773,0.121595156435003,-6.35941137028033,2.02528347323618e-10,1.38774271753571e-09
"ATRAID",368.021830637415,-0.582083071447005,0.111331411762436,-5.22838130076966,1.71000563413936e-07,8.69281002336399e-07
"CAD",1463.4866729433,-0.636934413386433,0.0691541997545893,-9.21035042913881,3.25061962071024e-20,4.61982777482801e-19
"SLC30A3",104.025353321048,-1.01358369016709,0.190425717791168,-5.3227247974911,1.02224337974447e-07,5.33657240625005e-07
"DNAJC5G",19.8171825544649,-1.30518789351406,0.449150947907513,-2.90590034284603,0.00366198059789637,0.00969516714305598
"MPV17",146.743105085207,-0.444677288228161,0.157774907276473,-2.81842845547639,0.00482593646638744,0.0124703471552578
"GTF3C2",639.294680103471,-0.456661267898799,0.0956760953857172,-4.77299231388754,1.81508720671982e-06,8.14687087230334e-06
"EIF2B4",365.21952376128,-0.269431565743179,0.116514870590394,-2.31242213442748,0.0207544317471737,0.0460326910173314
"SNX17",613.068740707718,-0.668151349375962,0.0905564801290482,-7.37828312699222,1.60343710594015e-13,1.43687419622812e-12
"ZNF513",110.859129618081,0.599482368696036,0.187545424591773,3.19646490977276,0.00139122747434558,0.00400372250322288
"PPM1G",1185.89171527858,-0.692683826689274,0.0984244478530493,-7.0377212349057,1.95409128151113e-12,1.60358283169909e-11
"NRBP1",931.363737434558,0.257864591286367,0.0948901104620777,2.71750754668393,0.00657756553618595,0.0165342877008798
"KRTCAP3",141.927383426794,-0.658468193618122,0.165148406340351,-3.98713017103598,6.68773368790268e-05,0.000240750397102865
"ZNF512",480.71620139156,-1.17641810271846,0.102177357959882,-11.5134911119972,1.12816979798759e-30,2.74369067874956e-29
"CCDC121",31.7943622580534,-1.18325813823085,0.358604267878163,-3.29962090309773,0.000968155143116127,0.00286864910129821
"LINC01460",8.24561383476958,1.71078436204591,0.667429659304006,2.56324293983266,0.0103699459630055,0.0249401836646632
"BABAM2",256.470242317935,0.302509405304407,0.123523042431425,2.44901193615231,0.014324870096092,0.0332023773635594
"LOC100505716",33.920386217187,0.849949195099396,0.333097020258455,2.55165655471762,0.0107212145106539,0.025671938173863
"FOSL2-AS1",6.76870377452261,3.23460531694677,0.876954576736728,3.68845251824011,0.00022562211914669,0.000745496187961588
"FOSL2",2172.32332219846,3.10094699840911,0.068938028392094,44.9816606412366,0,0
"PPP1CB",4710.36224870126,0.38887359948364,0.0680273162091225,5.71643306180426,1.08783293327101e-08,6.34018023624734e-08
"SPDYA",88.0109594717056,2.22252888246493,0.240592410436512,9.2377347998324,2.5177061508258e-20,3.60298888798491e-19
"TRMT61B",110.393061888824,-1.03649889675788,0.187879055216945,-5.51684111654183,3.45147205450595e-08,1.90618994465987e-07
"WDR43",1484.19819366485,-0.308224318931368,0.071718975126501,-4.29766764496717,1.7260470714315e-05,6.83027981428789e-05
"CLIP4",671.186931147127,0.866569670066697,0.0890873446381263,9.72719159591872,2.30879145593005e-22,3.70826477961813e-21
"ALK",28.2039018821755,1.94701031626545,0.370248157810043,5.25866307554829,1.4510647180483e-07,7.43944161705503e-07
"YPEL5",400.004698652761,0.753194753028788,0.114551935294064,6.5751377407573,4.86081491150366e-11,3.52928064142657e-10
"GALNT14",73.0706467605444,-0.708948533411024,0.220876073475721,-3.209711773009,0.0013286813074064,0.0038384363322813
"XDH",24.0088534083405,2.03959218757982,0.405074288339163,5.03510651328257,4.77583202284692e-07,2.30244165017989e-06
"SLC30A6",579.880578144916,-0.770224124492352,0.0947505160713706,-8.1289702307498,4.3295261408469e-16,4.72004782723545e-15
"YIPF4",536.370362524211,-0.536505410393726,0.0993583623991622,-5.39970061340555,6.67522007641462e-08,3.57592571334922e-07
"BIRC6",4204.72260267461,0.45801064673416,0.0673977374231407,6.7956383143643,1.07834003015829e-11,8.31526131086119e-11
"TTC27",320.628571329449,-0.334519937570978,0.113594654603175,-2.94485632919588,0.00323104657950622,0.00865181135353366
"FAM98A",612.366198019894,-0.500818550857612,0.0989082545009658,-5.06346566709174,4.11702555082829e-07,2.00467218188264e-06
"CRIM1",1276.6831480985,0.690752180663867,0.0747047340620627,9.24643115776316,2.3211335343851e-20,3.33299979467361e-19
"STRN",1421.84179871928,0.315908006321363,0.076348501033482,4.13771065633396,3.50788340866721e-05,0.00013178146113736
"HEATR5B",603.089116831832,0.479270855709963,0.0880068063963278,5.4458385133489,5.15619006864157e-08,2.79457748051097e-07
"EIF2AK2",2012.58812561165,-0.56405403806154,0.0644165636918198,-8.75635094042075,2.01673134989395e-18,2.5558027887791e-17
"CEBPZOS",581.309977955556,-0.630461201010685,0.0943102109537358,-6.68497286386053,2.30967438347101e-11,1.72493336363577e-10
"CDC42EP3",1279.49110008009,0.641266785884378,0.0705345042279824,9.09153318511559,9.76521486318011e-20,1.35264363604434e-18
"CYP1B1",28.8624031374026,-0.972535620012378,0.361031876296809,-2.69376662799947,0.00706496128226417,0.0176560348450537
"HNRNPLL",546.995885727958,-0.247103438407106,0.0931399388388608,-2.65303414934182,0.00797717997810331,0.0197004182634817
"SRSF7",1075.58923991485,-0.579662504160702,0.0763816183881137,-7.58903145014937,3.22305533046052e-14,3.06343249526525e-13
"GEMIN6",104.949265772954,-1.24861746335497,0.197740969198272,-6.31440954505992,2.71194887137435e-10,1.83867684766882e-09
"DHX57",366.06471101375,-0.58062413821339,0.112784447687593,-5.14808690486907,2.63156573355165e-07,1.31294147520305e-06
"SOS1",1200.71592798205,0.749703071125538,0.0797827755652658,9.39680358089633,5.62457983351181e-21,8.30143760685638e-20
"CDKL4",9.0055704198161,1.98718503433422,0.650068996964768,3.05688325948871,0.00223651361132229,0.00617959617481561
"MAP4K3",599.434929957134,0.272262042590568,0.0995898065433659,2.73383443587686,0.00626015133473096,0.0158113787250437
"EML4",1242.21337783082,-0.233348700682944,0.0706839926326242,-3.30129484755848,0.000962396874846189,0.00285346398183665
"ZFP36L2",545.369300441192,0.294793382276214,0.0958779420768139,3.07467365163133,0.00210733003588879,0.00585510246326734
"LINC01126",10.2722620187322,-1.61573575193229,0.625705213587,-2.58226352737212,0.00981546028751303,0.0237078688971012
"THADA",579.92025291578,-0.74634376621781,0.0988665484662497,-7.54900194045503,4.38606339831454e-14,4.11673169276179e-13
"PLEKHH2",188.568763420707,-0.495619571677954,0.144668913074904,-3.4258885419381,0.000612791787198176,0.00188096078983109
"SLC3A1",12.2113536214162,1.6576704851723,0.565387612590457,2.93191864883153,0.00336874978198661,0.00898715615413481
"PREPL",723.116993585881,-0.316881290285296,0.0939974260391706,-3.37116986749451,0.000748496896294848,0.00225902906851942
"SIX2",24.9225361965498,1.12102112346126,0.379266524655966,2.9557607924352,0.00311898887341637,0.00837539837398845
"SRBD1",437.37578956106,-0.615942447886572,0.105629954696324,-5.83113426165284,5.50518652722023e-09,3.30469759202467e-08
"PRKCE",247.794549719085,0.905517119994881,0.131781007815857,6.8713780157168,6.3584651009874e-12,5.02569735021464e-11
"EPAS1",655.364620699479,1.07055942836197,0.0917553024246499,11.6675483603917,1.86726957213636e-31,4.69972974294264e-30
"ATP6V1E2",73.4049327380873,-1.34740660510234,0.230863610558771,-5.83637500011866,5.33487519016695e-09,3.20572810276755e-08
"CRIPT",441.207824591344,-0.356032742790412,0.099649820367287,-3.57283878162704,0.00035313218461543,0.00113053741320921
"SOCS5",770.378190219251,1.03844603813982,0.086264291656017,12.0379593711924,2.24438902382534e-33,6.06388824563065e-32
"MCFD2",1680.10229654368,0.250317026952971,0.0659873535311661,3.79340909367952,0.000148593046314853,0.000505721489639275
"TTC7A",353.995867123057,-0.355240152013184,0.109385072131316,-3.24761089508377,0.00116378303018955,0.00339944791490733
"CALM2",4016.74338125845,-0.173900966645846,0.0600292369102589,-2.89693781891348,0.00376824435620095,0.00994544984521052
"MSH2",1085.38325699882,-1.16928253280862,0.0753510783961921,-15.5177942731038,2.62934877237882e-54,1.25685661079678e-52
"MSH6",993.284099273866,-0.91567132077336,0.0813011342983893,-11.2627127367336,2.00490359125416e-29,4.57926078808507e-28
"FBXO11",1114.13188274103,0.66118057001543,0.0761707172704798,8.68024608023053,3.94913444017327e-18,4.90809322388707e-17
"PPP1R21",350.92408416028,0.523116020262078,0.117088657614282,4.46769166989126,7.90681576579831e-06,3.28390705036763e-05
"CHAC2",65.2553359135663,-1.06323588933708,0.246176620868378,-4.31899619706596,1.56740482672108e-05,6.24087547113137e-05
"GPR75",67.6084676716468,1.49359719517364,0.240886433850955,6.20042055210871,5.63124813521217e-10,3.67550607188188e-09
"EML6",268.86289228834,0.961098394241973,0.133062495946251,7.2229097117658,5.0886802399061e-13,4.40668460371686e-12
"RTN4",4096.45541904507,0.640762069371552,0.0609550045295579,10.5120502297861,7.60225898101464e-26,1.43645609617757e-24
"RPS27A",5092.4291909687,0.281379248538571,0.0816310453346386,3.44696368134309,0.000566924789155721,0.00175090859046705
"MTIF2",581.705132109791,-0.357237977981028,0.10435796825317,-3.42319790199803,0.000618890014263795,0.00189903234242259
"CCDC88A",547.218637948446,-0.615414158222274,0.0917181665086268,-6.7098393006405,1.94838865692879e-11,1.47158055266193e-10
"CFAP36",242.03257320625,0.395061739171136,0.133583070881215,2.95742369571991,0.00310221519308782,0.00833532428725744
"PPP4R3B",1263.49270033492,0.304820623162627,0.0771389319058399,3.95157951544764,7.7637066877451e-05,0.000277011154218763
"PNPT1",504.238377313276,-0.705250550844839,0.09552026453714,-7.38325583856214,1.54464802419611e-13,1.38764217567488e-12
"FANCL",307.858342932297,-0.912409974906832,0.117380917135525,-7.77306905732718,7.66069488679809e-15,7.60205851073725e-14
"BCL11A",35.9820575908717,1.29784079704126,0.317339972117818,4.08974888470529,4.31840467145405e-05,0.000159569347107389
"REL",581.585522170901,0.99480766612095,0.102350651205501,9.71960270309916,2.48750153073697e-22,3.97812867383106e-21
"SANBR",117.788784393244,-0.48441800999924,0.182504683345733,-2.65427714576271,0.00794785190743972,0.0196364462879039
"USP34",4768.04955636695,0.766402583909809,0.0705211373715262,10.8677002736382,1.64289787260014e-27,3.37590223057322e-26
"FAM161A",158.204035927494,-1.53498083775849,0.165796799130691,-9.25820550099113,2.07896720450276e-20,2.99480959171416e-19
"EHBP1",1159.69788882749,0.402248129604829,0.0706275332270205,5.69534445315921,1.23123091305362e-08,7.14129780628879e-08
"MDH1",1650.17501193024,-0.173238356673623,0.0724224095076187,-2.39205458436727,0.0167543504436916,0.038084024892251
"UGP2",787.771146738882,0.42024645986712,0.090976417800428,4.6192900317201,3.85055310770946e-06,1.67045781304844e-05
"VPS54",447.814913585883,0.334021790941952,0.103165531100864,3.23772666488172,0.00120486185710338,0.00350829140844402
"PELI1",176.544908331717,0.890098393424279,0.147977621268324,6.01508786122657,1.79789159311294e-09,1.1281268941326e-08
"LGALSL",489.619104349766,1.0277263271981,0.105035814239748,9.78453239627661,1.31200324489819e-22,2.13582750463508e-21
"AFTPH",742.379329801957,0.421722368193496,0.089231326911019,4.72616941597243,2.28794785113142e-06,1.01780074611798e-05
"SERTAD2",2716.25595917188,1.44830042656515,0.0688733223080975,21.0284675986201,3.60094774946236e-98,4.05579246206633e-96
"CEP68",366.923128472111,-0.61313607893748,0.115739997528155,-5.29752973934814,1.17379792584071e-07,6.08719781915842e-07
"RAB1A",1699.21312833738,0.384974895071157,0.0668884670100517,5.75547493132568,8.6398543325102e-09,5.07989608241978e-08
"SPRED2",1175.7783462115,0.652122643768444,0.0783652219649326,8.32158229654808,8.67967203854512e-17,9.91231747823965e-16
"ETAA1",251.150673983732,-0.664990902046114,0.127544478642729,-5.21379607430009,1.85014853646323e-07,9.37349642271684e-07
"DNAAF10",129.037035344686,-0.947443431571056,0.17864100476188,-5.30361678626894,1.13530514432895e-07,5.89946193943253e-07
"PNO1",345.285243614333,-0.448889586918275,0.110530607595935,-4.06122427698283,4.88160474878426e-05,0.000178985552752474
"PPP3R1",1492.92675151558,0.231378509961973,0.0682569554748728,3.38981585616062,0.00069939586578273,0.00212216103012164
"FBXO48",46.4053470094729,-1.03361611720905,0.27761306538035,-3.72322576314238,0.000196693489969509,0.000656715790274119
"GFPT1",2615.5822995988,0.422185825763284,0.062138653868559,6.79425445321567,1.08874077706429e-11,8.38830554251204e-11
"NFU1",185.502083126645,-0.472612809469584,0.145587981040459,-3.24623506756539,0.00116942236229384,0.00341335230753808
"AAK1",1132.93478228022,0.244953956625801,0.0861921412338408,2.84195233021578,0.00448381954000163,0.0116430708833385
"SNRNP27",406.279837022125,-0.420861149135717,0.111625672243205,-3.7702899402815,0.000163057999384521,0.000551203940519313
"MXD1",1061.09593709903,1.97385356702744,0.0801063968991881,24.6403988124879,4.66438807074995e-134,9.03838036806289e-132
"ASPRV1",107.336179648395,0.549611070867744,0.185679643529366,2.95999637020426,0.00307642667007946,0.0082783761417802
"PCBP1",2185.24509803245,-0.194294419198761,0.0667855747626735,-2.90922732774552,0.00362323294846281,0.00960916570481947
"TIA1",1232.7850441041,-0.399411192417783,0.0967300025732932,-4.12913451661645,3.6413132975317e-05,0.000136367637021652
"PCYOX1",1251.26991040883,0.26290445610424,0.0798656450050384,3.29183413077869,0.000995362987977634,0.00294394163898653
"SNRPG",587.969600201084,-0.814848797910393,0.109507506219646,-7.44103145108608,9.99021559335458e-14,9.13412862546134e-13
"FAM136A",717.721251076954,-0.84156353636283,0.0960216911205675,-8.76430654929977,1.87929822974558e-18,2.39341578786184e-17
"TGFA",1498.57745964588,1.69513145330193,0.075474049731469,22.4597919328973,1.02667743022346e-111,1.4454495289107e-109
"TGFA-IT1",5.45724042634632,2.10022336826547,0.905636450174906,2.31905790437196,0.020391896857956,0.045340206449997
"TEX261",549.617884645389,-0.41193935419122,0.0944894931826843,-4.3596313231862,1.3028175116504e-05,5.24181164935297e-05
"NAGK",150.053509321133,-0.440019421877054,0.157968565599109,-2.78548722784336,0.0053447345533902,0.0137009191161657
"MPHOSPH10",299.047477384755,-0.825205830798544,0.126070624057082,-6.54558377076731,5.92634267197396e-11,4.25492515106146e-10
"PAIP2B",134.918678965878,-1.09999328578156,0.172052049109856,-6.39337509476107,1.62263553464163e-10,1.12380918408058e-09
"DYSF",62.7541272965203,0.90542208612645,0.239187585997506,3.78540584516744,0.000153457929086774,0.000520901363735687
"SPR",246.390819800355,-0.625162500690105,0.132905140254239,-4.70382484450344,2.55332320932652e-06,1.12971857489009e-05
"SFXN5",118.005763554085,-0.739718748927273,0.176964593820495,-4.18003812490091,2.91460227123926e-05,0.000110903015627545
"RAB11FIP5",540.895540391918,0.765128353426846,0.0928872145554106,8.23717620437869,1.76322707922853e-16,1.97483624579101e-15
"FBXO41",696.09052278229,0.454689348199935,0.0878637836189399,5.17493476233503,2.27990628605229e-07,1.14541932481038e-06
"ALMS1",1092.12352300656,-0.613708558225293,0.083309987551254,-7.36656643776027,1.75078710224062e-13,1.56347543951824e-12
"TPRKB",225.01355415249,-0.768683572095523,0.140428498020889,-5.47384315099047,4.40378880213374e-08,2.40486903040158e-07
"STAMBP",798.850104796666,0.261230210142759,0.0830847223964013,3.14414254038687,0.00166574280564266,0.00472135122687737
"DGUOK",497.98759874419,-0.400612588359252,0.097267149277785,-4.11868335130439,3.81043320862481e-05,0.000142287229284351
"DGUOK-AS1",18.3272387653151,-1.14235589110499,0.451822564162077,-2.52832855575404,0.0114607045065354,0.0272435504435134
"TET3",819.749330414701,0.604135641167736,0.0802392893865124,7.5291748691544,5.10619618766137e-14,4.77523412028259e-13
"MOB1A",2829.83183831952,-0.78906468587884,0.0636754929261907,-12.3919682379763,2.88865398051855e-35,8.2629259337976e-34
"MTHFD2",3753.26561891488,0.184192568785941,0.0622704999167008,2.9579426700016,0.00309699717236779,0.00832378613620283
"SLC4A5",104.834548607843,0.542809084789824,0.183059342540059,2.9652083158282,0.00302478031447432,0.00815401137578784
"DCTN1",1367.45474208942,0.185934408540497,0.075741225667834,2.454864004392,0.0140937895539244,0.0327636973105354
"MOGS",364.370623953402,-1.07948799348824,0.116429217209904,-9.27162459180749,1.83331912582859e-20,2.64941812081451e-19
"MRPL53",122.80191100178,-0.577223042074737,0.173233575086479,-3.33205062463546,0.000862085725325726,0.00257767493879126
"CCDC142",141.767581750925,-0.641770293924467,0.16126680361908,-3.97955611150054,6.90440630719656e-05,0.000247906567168737
"TTC31",255.406607290551,-0.574763058065499,0.126232188888921,-4.55322103755379,5.2830712566729e-06,2.24648954970511e-05
"HTRA2",149.887873221574,-0.504154092554325,0.154265873541264,-3.26808568208361,0.00108277580651059,0.00317848229501993
"LOXL3",48.8329341565621,-0.623644350204576,0.265859641195132,-2.34576540990229,0.018988054295291,0.042622972769145
"DOK1",126.96794045478,-0.668734859676391,0.173231866161051,-3.86034552704453,0.000113226801838568,0.000392396191525544
"M1AP",179.734768369879,-0.436610939124419,0.142466796267875,-3.06465050497434,0.00217924494700918,0.00603630082847408
"SEMA4F",200.666548434214,-0.490827903970212,0.140391204449716,-3.49614426269854,0.000472033425344119,0.00147759499012096
"HK2",6457.07564406541,4.40752526111939,0.0617263330208283,71.4042944950603,0,0
"POLE4",44.3930295147442,-0.786493888682032,0.281324985412422,-2.7956773463581,0.0051791077608938,0.0133142226760438
"EVA1A",23.0077551859097,0.905813503974011,0.374139711288435,2.42105683156337,0.0154754576595748,0.0354993918639507
"MRPL19",979.175127854088,-0.265669163526145,0.0746697146911188,-3.55792391366594,0.000373797546659895,0.00119056302374655
"DNAH6",85.8883908972751,-1.42841080115059,0.226559898389701,-6.30478214063114,2.8859955042185e-10,1.95007592731615e-09
"TMSB10",5404.20959376793,0.599232588212666,0.161050036219051,3.72078518130617,0.000198604326684951,0.000662418762019158
"KCMF1",1564.17773102664,1.41534005362489,0.0692742014727061,20.4309833031065,8.86977059869957e-93,8.92972826587513e-91
"TCF7L1",194.734941798607,0.650390685272657,0.142469625215701,4.56511824389204,4.99212877290023e-06,2.13132320816003e-05
"TGOLN2",1450.70443837724,-0.235619486421449,0.0685615697554918,-3.43661160708147,0.00058903961358866,0.00181392393651423
"RETSAT",826.871920435404,-0.37531237846658,0.0816386752569812,-4.59723748928038,4.28129526285252e-06,1.83917096381085e-05
"CAPG",808.59161464184,0.409785943901118,0.0868322752206,4.71928142916956,2.36679194936393e-06,1.05157686685127e-05
"MAT2A",2795.64663198971,-0.48446567160985,0.088571865412504,-5.46974673451392,4.50679119708117e-08,2.45926917472913e-07
"GGCX",425.187529482278,-0.227410744362345,0.0989829659983359,-2.29747353060898,0.0215917713542014,0.0476436037191213
"VAMP5",11.7381531283714,1.38062687561612,0.534962486867727,2.58079194244042,0.00985739700347599,0.0237932160996036
"USP39",907.376212310574,-0.481564766786111,0.0819256220497282,-5.8780727535252,4.1507049949185e-09,2.52531582422101e-08
"C2orf68",246.717349869635,-0.458626732004936,0.13162150054205,-3.48443628218944,0.000493174871852258,0.00153896179491767
"SFTPB",11.2652596306193,-1.78552445850857,0.605737801691071,-2.94768537397505,0.00320162731712057,0.00857940905306018
"ATOH8",4.73268934238032,-2.68452277796893,1.08460004675773,-2.47512692443077,0.0133188832978113,0.0310986778841483
"PTCD3",1275.60370346562,-0.515571845624437,0.0705452491392648,-7.3083850707882,2.70372051720619e-13,2.38841899218494e-12
"MRPL35",425.278635475424,-0.906793578495407,0.106686744680448,-8.49958990886324,1.90261645304819e-17,2.26766210981359e-16
"REEP1",273.620469145181,-0.564103126462563,0.121165076163478,-4.6556577548919,3.22948015987883e-06,1.41292697162361e-05
"KDM3A",3840.96902654432,3.05332057100194,0.0632078055994126,48.3060682465824,0,0
"RNF103",437.296270294749,0.545350213288982,0.103602569064015,5.26386766482612,1.41055999629984e-07,7.24001757143816e-07
"RMND5A",1312.75604549692,0.268340461605631,0.0685338353221698,3.91544498194495,9.02376214508419e-05,0.00031754973172537
"CD8A",7.81917929387968,-1.6370712729697,0.712426748667609,-2.29788013438768,0.0215686122387718,0.0476081730921467
"CYTOR",269.005623331828,1.07646821276761,0.127552530407907,8.43941087899322,3.18941075556384e-17,3.73951667052804e-16
"ANAPC1P4",67.0553192695571,1.61664937298309,0.238123098804571,6.78913293627964,1.12809459675814e-11,8.68035556284304e-11
"EIF2AK3",576.879163581986,1.22808670790971,0.0966091854484371,12.7119041756663,5.07826082727507e-37,1.54586720216763e-35
"LOC107985911",54.5365241698717,0.719378526796796,0.256728760520844,2.80209558655345,0.00507718279673978,0.013072711984576
"BMS1P23",33.5453617719527,1.15121995979861,0.333201985331614,3.45502130983065,0.000550249330168233,0.00170144872665781
"ZNF514",97.6660377183921,-0.958083040123347,0.198014538410623,-4.83844796353573,1.3085694533643e-06,5.96251077599952e-06
"LINC00342",147.598558504366,-0.742829436642418,0.165663911175876,-4.48395447970439,7.3272299530869e-06,3.05586695173754e-05
"GPAT2",171.246034771479,-0.796747782423839,0.160514326772583,-4.96371755994512,6.91564929061318e-07,3.27362531825953e-06
"TMEM127",876.064863277826,0.618969085584529,0.0815164389293548,7.59318112658173,3.12145735592234e-14,2.97313863694908e-13
"ITPRIPL1",185.62611357064,-0.873220865854222,0.148441891604319,-5.8825770570335,4.03927175693596e-09,2.46167454622059e-08
"NCAPH",631.921805893753,-1.0120870668304,0.103616101133009,-9.76766212744504,1.54987124817273e-22,2.51397207590646e-21
"ARID5A",99.251115916789,1.06658176236593,0.189208455479207,5.63707240072652,1.72965406149198e-08,9.86040943221976e-08
"KANSL3",962.179958186532,0.245515174674642,0.0767780733852702,3.19772512970798,0.00138516242601329,0.00398754186568458
"LMAN2L",268.17673481885,-0.615402775532748,0.129200187990475,-4.76317244660758,1.90572845111492e-06,8.53457565048258e-06
"CNNM4",285.58436888461,1.20581183553702,0.123095307018865,9.79575797599029,1.17413446876068e-22,1.92006145748967e-21
"ANKRD39",77.7741619997994,-0.507685739859024,0.219716302607595,-2.31064210454028,0.0208526315575878,0.0462334243724519
"ANKRD36",874.291199836469,0.369428182937762,0.0945094217351666,3.90890321996648,9.27160950351639e-05,0.000325572242523127
"ANKRD36B",393.731973602201,0.326914857253903,0.105853649171915,3.08836643621957,0.00201260139179526,0.00561788873629839
"ACTR1B",270.1723090397,0.455903173578161,0.11886906365263,3.8353391502304,0.000125391146866032,0.000431400125557994
"C2orf92",15.2391056026939,1.48001877249733,0.472976038818055,3.12916226410926,0.00175305471241942,0.0049509166231798
"TMEM131",2119.39710752084,0.364493000769837,0.0692087312610139,5.26657538909633,1.38992182932716e-07,7.14462432625813e-07
"COA5",119.431161569869,-0.932417107930857,0.184646025911254,-5.04975454158434,4.42378118598021e-07,2.14592088162986e-06
"MRPL30",652.796227265256,-0.575600210313795,0.0923260324831895,-6.23443025582843,4.53425281863084e-10,2.98654130279774e-09
"TXNDC9",234.051061158854,-0.631804296378938,0.127647614087099,-4.94959738101985,7.43671614190619e-07,3.50554699433145e-06
"EIF5B",1424.4885038042,-0.333914213014735,0.0757653083816276,-4.40721776426777,1.04706904514238e-05,4.27002291525477e-05
"LONRF2",35.1880199078398,-1.85900866922924,0.346689428737692,-5.36217292808135,8.22267640541968e-08,4.35826033829612e-07
"PDCL3",353.871539090102,-0.295914839504734,0.1063488769861,-2.78249143658949,0.00539432888464825,0.013814295982698
"NPAS2",372.330067419506,1.29923239843797,0.112839173589056,11.5140190867542,1.12128181762539e-30,2.73062427505772e-29
"RPL31",4044.20692731897,0.366258758753778,0.0866297352144718,4.22786422984002,2.35920073559757e-05,9.13322372850782e-05
"TBC1D8",1100.47165459734,0.59784530136541,0.0778973082594892,7.67478767525426,1.6569287220036e-14,1.61054544224525e-13
"TBC1D8-AS1",10.3644450499187,-1.47471992776034,0.606400498684723,-2.43192400230374,0.0150188582269453,0.0345688290860024
"CNOT11",716.678856479985,-0.404814147480161,0.0879338228973588,-4.60362274881057,4.15204287922176e-06,1.78917683730768e-05
"RNF149",725.900737934137,0.608142747673996,0.0847251054931468,7.1778340567919,7.08244484908196e-13,6.04321679097093e-12
"MAP4K4",3679.10012874104,0.234358179153783,0.0571589479949775,4.1001135845673,4.12947410525713e-05,0.000153248049528086
"IL1R1",168.55589237909,0.48091697571106,0.148850029142215,3.23088264397705,0.0012340859802187,0.0035864317770555
"SLC9A2",86.7106619804324,0.555357837795075,0.201600342989295,2.75474649279026,0.00587376268430235,0.0149317361170564
"MFSD9",205.851232584278,0.394174739772541,0.138635813058128,2.84323892273975,0.00446575796531498,0.0116045312606981
"LINC01935",1.48413601245298,4.37236099716409,1.73262176901186,2.52355192308227,0.0116175902561602,0.0275546978160389
"MRPS9",308.019707756359,-0.50193009417049,0.124469131049686,-4.03256686969341,5.51709089465082e-05,0.000200896130556683
"TGFBRAP1",498.302782422977,0.279805051968415,0.095671694063019,2.92463779081937,0.00344857366177105,0.00918515311244103
"C2orf49",390.318401922368,-0.573570594631133,0.114578032120157,-5.00593860810627,5.55904741679749e-07,2.66293443641966e-06
"FHL2",781.600234670403,1.05494606793698,0.0882350237342651,11.9560920742101,6.03351466176571e-33,1.60843147514319e-31
"NCK2",290.909580287534,0.482820946635208,0.128357599060073,3.76152989905367,0.000168877229231974,0.000569806505895787
"CCDC138",186.398606978752,-0.603713670538603,0.141502732423837,-4.26644532015344,1.9861214472387e-05,7.76902422415643e-05
"SEPTIN10",1650.02945100869,0.321299310203927,0.0648557308192573,4.95406197949318,7.26800390485361e-07,3.42960718432487e-06
"SOWAHC",533.449020829458,1.04163975213448,0.0959353207393469,10.8577293962938,1.83248952344172e-27,3.74838748035678e-26
"MALL",613.92914374349,0.761474791495465,0.091074719766119,8.36098967365414,6.21942909326181e-17,7.17084655724063e-16
"BUB1",1201.05984665392,-1.15819618832519,0.085607257603942,-13.5291822298937,1.05187250735949e-41,3.69508663842598e-40
"BCL2L11",676.35907041529,0.748799570642323,0.0960303339786848,7.79753167169583,6.31297963997348e-15,6.29586087946663e-14
"ANAPC1",1093.93045278321,-0.232842573161609,0.0767270015153578,-3.0346888131032,0.00240783985571118,0.00660552322115561
"ZC3H8",152.060455895043,-0.60697273451195,0.160282227373031,-3.78689979831213,0.00015253857662666,0.000517975822383463
"TTL",895.688165654762,-0.278379115947005,0.07690986409699,-3.61955022565044,0.00029511552780513,0.000957041016119533
"POLR1B",966.81387148547,-0.5168033324027,0.0787319282694936,-6.56408834080274,5.23521594307544e-11,3.78890869518725e-10
"CKAP2L",486.530030969009,-0.943765431456349,0.109153242966749,-8.64624271166957,5.32228488068631e-18,6.5469553470886e-17
"PSD4",203.714516249419,0.333518725172574,0.1340435601745,2.48813687683611,0.0128414299305943,0.0301204488844513
"PAX8",163.77931252903,0.751261047559528,0.155779167106263,4.82260280058541,1.41696959284165e-06,6.43528453442524e-06
"PAX8-AS1",553.147868265055,0.849147725612861,0.0922225626302377,9.2075919535817,3.33522857202939e-20,4.73261055878281e-19
"SLC35F5",670.726105557991,0.403849741647589,0.101665177492605,3.97235072625497,7.11668331201948e-05,0.00025491900211867
"ACTR3",2977.58880523086,0.377925278791862,0.0655287694700201,5.76731841370478,8.05427918110004e-09,4.74799362520784e-08
"LINC01191",16.2257153819074,1.53270503502577,0.474370224657548,3.23103128180576,0.0012334443994037,0.00358514540671841
"LOC100499194",10.2955654553225,1.67374733930288,0.636140365820848,2.63109752065984,0.00851096099679698,0.0208589729529822
"LOC107985939",130.747606730488,1.72151215415773,0.177119316904919,9.71950538337876,2.48988001089896e-22,3.97812867383106e-21
"CCDC93",968.82868695062,0.76410259332876,0.0748941229188187,10.2024373014823,1.93358190305312e-24,3.40949897014875e-23
"INSIG2",1507.34128130609,3.26513034871929,0.0917573587769704,35.5843977228646,2.44220983842285e-277,1.57182369636494e-274
"STEAP3",395.38948190458,0.299715608340021,0.105583568777762,2.8386576795001,0.00453037298560663,0.0117605663459546
"DBI",330.279382378232,-0.341614978527191,0.145843568624666,-2.34233831322621,0.0191633352274926,0.0429316837561717
"TMEM177",134.357058769693,-0.739525763736182,0.166856369377842,-4.43210988285107,9.33154380741326e-06,3.83497721672507e-05
"TMEM185B",362.553110079031,-0.615495932735364,0.106670865624034,-5.77004723018469,7.92493178984979e-09,4.67786425761163e-08
"RALB",784.18755902355,0.563332597763949,0.0836204672959833,6.73677887699401,1.61936330103635e-11,1.23237103243142e-10
"CLASP1",1718.97722299609,0.38575766902037,0.0657035114796861,5.87118801313438,4.3268322937085e-09,2.62691312510485e-08
"NIFK",355.914402569137,-0.284154207512915,0.109856614772863,-2.58659169591587,0.00969303758844867,0.023434160233624
"TSN",1230.63836367826,-0.605685451673994,0.0739415504347037,-8.1914085938577,2.58186461934278e-16,2.85271504017022e-15
"BIN1",453.780576986255,0.844212666273019,0.116159881476901,7.26767844060599,3.65718074856109e-13,3.19932302280677e-12
"MAP3K2",2177.67716567412,1.17158434933227,0.0712619444752199,16.4405329935905,9.8052783743011e-61,5.38722321900244e-59
"IWS1",499.332450921586,-0.45327407669132,0.0987823176044118,-4.58861553042846,4.46195345204115e-06,1.91267514650889e-05
"MYO7B",5.01690066956694,3.58940949597208,1.0897038039372,3.29393132611193,0.000987966329841321,0.00292350430707232
"LIMS2",65.9134640760987,0.943246636802206,0.223916779161346,4.21248751583077,2.52573678542464e-05,9.72778427230978e-05
"WDR33",1344.54303217202,0.313860051377311,0.0727764566784718,4.31265914420583,1.61302696905153e-05,6.40978147944381e-05
"POLR2D",929.023996847145,-0.726737963164338,0.0822595575489107,-8.83469331490419,1.00373245118217e-18,1.29572080965285e-17
"AMMECR1L",643.304316733951,0.491759107702739,0.0871912977699526,5.64000215939217,1.70048031745547e-08,9.7067962625483e-08
"SAP130",433.173930894009,-0.260921015721437,0.110132405075354,-2.3691575203766,0.0178286584103387,0.0402972849884252
"UGGT1",2233.32168355237,-0.160890326064083,0.0620710737552964,-2.59203387874943,0.00954103753883166,0.0231069799069057
"HS6ST1",456.886052182493,0.752415015248662,0.118771643796094,6.33497180977303,2.37384672341169e-10,1.61613493776358e-09
"FAR2P1",50.7693367640469,-0.895797885819108,0.280894518307318,-3.18908995169155,0.00142721459514643,0.00409747239431797
"SMPD4",924.383032212589,-0.253984259295955,0.086271548516452,-2.94400951024451,0.0032399004365315,0.00867294203308587
"CCDC115",219.112143300262,0.636727624759613,0.135624203782764,4.69479345869187,2.668762345323e-06,1.17761425624549e-05
"IMP4",533.060059216159,-0.378891232190342,0.103618001202825,-3.65661591414689,0.000255566872572071,0.000836076964168766
"PTPN18",201.614692138811,-0.39319781324102,0.13671716179512,-2.87599455751029,0.00402756656235848,0.0105664255379622
"FAM168B",1903.86157330025,0.347818518924188,0.0626449598185302,5.55221872488621,2.82066350486665e-08,1.57226034708326e-07
"PLEKHB2",2360.33560020221,0.390125817404607,0.0613409376208564,6.35995849649291,2.01808270243425e-10,1.38333466643468e-09
"C2orf27A",126.355039936031,-0.40398326082854,0.170365116662186,-2.37127921926407,0.0177266337693967,0.0400767365648348
"MGAT5",1192.37813655209,0.576418934012895,0.0718417494033638,8.02345347656451,1.02812936322708e-15,1.08477279008872e-14
"CCNT2-AS1",18.4814766411373,-1.2306459425863,0.461278254382544,-2.66790365878749,0.00763261410159018,0.0189198540199115
"RAB3GAP1",938.663331794161,0.194056453524367,0.0778132345331855,2.49387465626566,0.012635715596546,0.0296920368712159
"ZRANB3",209.001051575289,-0.697623874836943,0.138470646613259,-5.03806324227956,4.70266073163648e-07,2.26959424329997e-06
"R3HDM1",620.22738760509,-0.286185985021156,0.0863918533796762,-3.31265013801036,0.000924165078730941,0.00275188018569238
"MCM6",1263.97579377206,-1.32645911779117,0.0837602742918374,-15.8363750477885,1.74600202286446e-56,8.76454107354887e-55
"DARS1",1873.19952150129,0.700651537673455,0.0686523414052056,10.2057923055823,1.86790332766556e-24,3.30014567331971e-23
"DARS1-AS1",40.1610848907752,2.68028007180783,0.351968193808508,7.61512011300107,2.63446365963095e-14,2.52395904360496e-13
"CXCR4",138.48270715702,4.14624824996572,0.238596079950355,17.3776880610463,1.21764316645745e-67,7.78125797969136e-66
"SPOPL",1494.51818336768,0.701329977333888,0.0777887792086853,9.01582444753913,1.95395147895359e-19,2.65679440715462e-18
"ACVR2A",277.770356377333,0.4814876507732,0.117519906943205,4.09707311124653,4.18406787029807e-05,0.000155082449795643
"ORC4",679.228346498723,0.215315010005003,0.0846154314836668,2.5446305269573,0.0109393418411992,0.0261386740016244
"EPC2",674.981545388223,0.956384154400629,0.0875745036058879,10.9208058855195,9.16787041714659e-28,1.90338931782717e-26
"KIF5C",221.167689994882,-0.395349539669269,0.133007596179296,-2.97238316476551,0.00295497652353037,0.00798255612809786
"LYPD6",96.7930303274045,-1.24141728065515,0.200779732493097,-6.18298104714244,6.29022690076425e-10,4.0834358421712e-09
"MMADHC",1640.54446778538,0.545708380209947,0.0652742720528732,8.36023693635243,6.25924197238665e-17,7.21213552329795e-16
"RND3",354.591043406939,1.52585424391949,0.117611969872065,12.9736305375997,1.7265464927867e-38,5.50691935336444e-37
"NMI",135.065274901019,-0.817681188079431,0.171649126454037,-4.76367812042658,1.90095654525447e-06,8.51532137758657e-06
"RIF1",2356.05890975144,-0.421979039895814,0.0695940033851594,-6.06343965528787,1.33240787181975e-09,8.45352759189874e-09
"NEB",346.923934455562,0.952629113785722,0.133758600908975,7.12200267730073,1.06369990279175e-12,8.97842433171431e-12
"ARL5A",1196.97542674391,-0.459859011092617,0.0854841715361528,-5.37946385662912,7.47079910522453e-08,3.97729012334568e-07
"CACNB4",340.129743960993,2.01178717375007,0.123492500408259,16.2907639500312,1.14786371639864e-59,6.13817567751334e-58
"FMNL2",1002.6526128144,0.798194369545268,0.076219493953203,10.4723126348142,1.15779331879526e-25,2.15989579689539e-24
"PRPF40A",2876.28201506241,-0.330101208278693,0.0604659402874915,-5.45929173860844,4.78037706470985e-08,2.60027694183931e-07
"ARL6IP6",338.782463344811,-0.422539031539867,0.124008089809852,-3.40735053807996,0.000655968232436625,0.00200257555763856
"LINC01876",74.8422030988463,-1.48845423903,0.235083237573227,-6.33160515566898,2.42623725859704e-10,1.65117906484809e-09
"NR4A2",340.867102445902,0.844393403178396,0.126288265300116,6.6862380378078,2.28980466112384e-11,1.71151264197896e-10
"GPD2",1997.13152880773,-0.419613049371813,0.0750820943095744,-5.58872329322204,2.2874510710023e-08,1.28819236720414e-07
"GALNT5",652.902333560858,0.412993583498044,0.0847175740390658,4.87494582065819,1.08838322090294e-06,5.01630537695446e-06
"ACVR1C",55.41731208664,0.681651051655801,0.25641864218624,2.65835216130935,0.00785237934431978,0.0194138740792957
"ACVR1",340.819150554649,0.385147163478766,0.109494159790719,3.51751330130223,0.000435610518069034,0.00137111457725695
"PKP4",728.768058445699,-0.642082514068932,0.0856123507967471,-7.49988182888828,6.38753922337414e-14,5.93655721219316e-13
"LY75",4.31692255332101,2.90350496711965,1.14165270286686,2.54324713621622,0.0109827518276641,0.026238919619029
"LINC01806",96.7448210056301,-0.61205855490049,0.199992166871798,-3.06041263752515,0.00221032233767878,0.00611298631788048
"DPP4",99.7549524801011,1.52605961309142,0.198017722070167,7.70668199359787,1.29131040333798e-14,1.26402524598337e-13
"GCA",215.501167577514,-0.872420970132463,0.141793652616124,-6.15275052187531,7.61505455442545e-10,4.90460679504292e-09
"COBLL1",79.4292386733095,-1.32967397795582,0.226535913074199,-5.86959462590949,4.36861961530089e-09,2.64806236418894e-08
"NOSTRIN",104.025381466438,-0.707242054569529,0.190263161547791,-3.71717808542712,0.000201460439859406,0.000670951503734309
"SPC25",242.240144886486,-2.15389768706424,0.146026552839222,-14.7500413122518,3.07476435450327e-49,1.30542786826144e-47
"KLHL41",23.1514984773865,1.39077390109683,0.392533821602432,3.54306769138848,0.000395501169930443,0.00125503197452307
"PPIG",825.365869527334,-0.514412574772302,0.089314175877316,-5.75958485558789,8.43210619373097e-09,4.96422691006945e-08
"SSB",723.22108916103,-0.305511051599856,0.0863487892577478,-3.5381046361625,0.000403010318588981,0.00127728613283363
"UBR3",1774.23069179703,0.869409339817498,0.0674866265584715,12.8826907515406,5.63366290903113e-38,1.7748992881757e-36
"GAD1",98.8109276073224,0.751048991893577,0.19013423760051,3.95009863227054,7.81189947676934e-05,0.000278548160805026
"METTL8",440.599179115973,-0.428323769130727,0.101032196237317,-4.2394779593292,2.24040188544928e-05,8.70169776191721e-05
"CYBRD1",451.894933544155,-0.80506900638166,0.10122814770693,-7.95301528891401,1.82025870586809e-15,1.8884791098704e-14
"DYNC1I2",767.346520039585,0.384752418784211,0.0826028918401744,4.65785652551555,3.19518760617132e-06,1.39860276538288e-05
"SLC25A12",304.346397365021,-0.713831780942081,0.121633646322475,-5.86870329488907,4.39216621507873e-09,2.66054545754399e-08
"HAT1",647.906738205643,-0.98233450376754,0.0914467094718209,-10.7421525546553,6.4522191125486e-27,1.29051543426458e-25
"METAP1D",145.660788667236,-0.856858054181727,0.160585126830952,-5.33584940953929,9.50983056916633e-08,4.98332819677076e-07
"DLX2",25.5067999022361,0.868498226044621,0.380063583693645,2.28513928539043,0.022304661900438,0.0490006475811037
"ITGA6",4353.30809226425,1.12521766907486,0.059974578143392,18.7615770532742,1.55710308508012e-78,1.29311311964188e-76
"ITGA6-AS1",11.8733726169438,2.03818943581144,0.576788042582193,3.53368878225488,0.000409803312194333,0.00129676303583039
"PDK1",3141.38129692963,3.93866420095497,0.0738115530671703,53.3610801735968,0,0
"RAPGEF4",23.501918101324,3.68940334462636,0.509498762082393,7.2412410376568,4.44597426887983e-13,3.86124830358956e-12
"MAP3K20",909.188340747613,-0.378659241920586,0.0824530078790685,-4.5924248449002,4.38125311196586e-06,1.87942305000563e-05
"CDCA7",438.757297900006,-1.79654079209938,0.110327962986202,-16.2836396455906,1.28965113132929e-59,6.85569411141155e-58
"SP3",2544.64442209782,0.300154478665069,0.0620371797840565,4.83829986646505,1.30954466654781e-06,5.96544601513098e-06
"OLA1",2950.68084997844,0.517212044613981,0.0607864787979355,8.50866927714765,1.75940893753302e-17,2.09975552736971e-16
"H3P6",136.491997953944,-0.892577081089744,0.168754689892627,-5.28919866853869,1.22853395358228e-07,6.35277198780667e-07
"ATF2",984.247552396193,0.261396477701266,0.0762258259416309,3.42923772189005,0.000605279124447964,0.00186011853712087
"ATP5MC3",1355.66134596946,-0.370756517642764,0.073059823982298,-5.07469765780706,3.88112609526469e-07,1.89646890896868e-06
"LNPK",1270.95464130914,1.04639720804012,0.073775932876429,14.1834493613626,1.16001575777088e-45,4.59442724632728e-44
"HOXD11",2.71487476546649,-3.45747132809824,1.49464111698471,-2.31324515886018,0.0207091639944233,0.0459492544131374
"HNRNPA3",3432.86633740346,-0.931735937765146,0.0691069797709743,-13.482515671398,1.98230797106944e-41,6.89636524066454e-40
"LOC100130691",43.2180659866064,-1.23505011775132,0.294344483999955,-4.1959343044849,2.71749013707212e-05,0.000103908104731968
"AGPS",1327.63519166554,-0.423450562921843,0.0744331809119512,-5.68900264282341,1.27783491568047e-08,7.3996989124286e-08
"PDE11A",28.7312008654695,-1.209977209147,0.354438558829638,-3.41378548976829,0.000640669966036844,0.00196018904209677
"RBM45",103.629647456237,-1.16547867015486,0.196322948828799,-5.9365381230658,2.9110325021006e-09,1.79533595894439e-08
"CHROMR",203.873915456604,-1.33975618384858,0.154462472487011,-8.67366786428492,4.18419582471015e-18,5.18949710647636e-17
"FKBP7",32.973893625714,-1.30530190671328,0.345701099388304,-3.77581069028398,0.000159488090348443,0.000539946435500523
"TTN",1112.1376785356,0.568125796766325,0.10398988508075,5.46327939804111,4.67418037787071e-08,2.54635443136663e-07
"SESTD1",423.797660852866,0.289518250013083,0.0992921128441255,2.91582323832292,0.00354751421678141,0.00943055815026078
"ZNF385B",219.729894205688,-0.365473099208555,0.134603174783726,-2.71518929472341,0.00662378978006493,0.0166458395797727
"CWC22",557.39788009715,0.210102239447851,0.090712028986032,2.3161452984389,0.020550336714944,0.0456305591350425
"UBE2E3",519.392082211342,-0.371969338174924,0.0936018874922068,-3.97395125398399,7.06900366112478e-05,0.000253311821390196
"ITPRID2",19944.5917537402,0.351828005790303,0.0554495717898202,6.34500852637593,2.2241312796943e-10,1.51879764271963e-09
"PDE1A",47.6617072539049,0.708312979541898,0.266759317637363,2.6552511298023,0.00792493860831439,0.0195852055211785
"FRZB",54.2719431217934,2.72832444642895,0.300311283512247,9.0849881313823,1.03709996935903e-19,1.43324988863643e-18
"NCKAP1",3427.80571462592,0.480754029832809,0.0610015534075712,7.88101290832276,3.24737754893382e-15,3.30253898472553e-14
"DUSP19",33.8717830314383,-2.00199822996767,0.362550447164103,-5.52198527302188,3.35190590156453e-08,1.85290479300903e-07
"NUP35",276.836422867595,-0.793639046065796,0.125261152631769,-6.33587532440213,2.35997569963622e-10,1.60729864259805e-09
"ZNF804A",49.3113019692245,1.03796893983083,0.26395687447807,3.93234289458546,8.41219566002397e-05,0.000298241546309841
"ZC3H15",988.306555229559,-0.197949431452154,0.0805462320855042,-2.45758772728214,0.0139873643546458,0.0325372780476407
"ITGAV",1482.24469407337,0.406316221694459,0.0817453490616255,4.97051179496644,6.67763988765773e-07,3.16594970837885e-06
"FAM171B",471.577646194021,-0.246757063129176,0.102722835990681,-2.4021636547453,0.0162984150367824,0.0371319516280474
"CALCRL",32.2773731164113,-1.59502956881715,0.355730570205643,-4.48381360054348,7.33207161681725e-06,3.05717868132031e-05
"TFPI",499.364211486049,0.574818378613169,0.0934564691440429,6.15065370945281,7.71642333545008e-10,4.96811950439964e-09
"COL5A2",30.582587264567,-1.05228703755033,0.341817548829319,-3.07850501284757,0.00208042029614164,0.00578836716948718
"WDR75",1022.94032414263,-0.211243824920808,0.0752555290896149,-2.80702065982763,0.00500020347133698,0.0128873951311447
"ASNSD1",460.207742167898,0.239086419222219,0.100126081542208,2.38785354964114,0.0169470935078896,0.0384881628362543
"OSGEPL1",101.749364432322,-0.808299574397009,0.191746532940096,-4.21545861613847,2.49271101648584e-05,9.61702959282625e-05
"ORMDL1",397.544050391805,-0.32279468661167,0.103956734378889,-3.1050868280951,0.00190223175018612,0.00533044913234396
"PMS1",559.836129965336,-0.422784870227529,0.093329763995023,-4.53001113610525,5.89805775659605e-06,2.49328873637385e-05
"MSTN",19.6475721144466,2.39996627419982,0.470237768609651,5.10372929272734,3.33024568206747e-07,1.64018467987258e-06
"HIBCH",277.161831363918,-0.712953333282431,0.132057835521762,-5.39879614462515,6.70895526050867e-08,3.59292965080614e-07
"INPP1",302.399675888951,0.97612023644936,0.122119623305859,7.99314811186887,1.31535946223786e-15,1.37814493424352e-14
"NEMP2",274.501705006311,0.697802924049772,0.132927405798146,5.24950381646209,1.52509440266253e-07,7.80344299556545e-07
"NAB1",1209.47314223707,0.75304405561855,0.0840680636567273,8.95755204608295,3.31966041529608e-19,4.42482251065463e-18
"GLS",1836.72111764469,1.0816250969121,0.079629332146825,13.5832496361735,5.03423438109141e-42,1.79292367157408e-40
"STAT1",1538.41495016544,-1.09463147151214,0.0676236594728715,-16.1871078856842,6.21833661700449e-59,3.24813461376921e-57
"NABP1-OT1",78.4368764037139,1.16097627601181,0.212439698921226,5.46496856240749,4.62988849916881e-08,2.52298822629335e-07
"SLC39A10",1814.56109307525,-1.13191695216244,0.0767403629676545,-14.7499556737767,3.07866846463077e-49,1.30542786826144e-47
"HECW2",62.9636990227554,-1.29962741405014,0.246017723803878,-5.28265766366569,1.27323177849864e-07,6.5707072967709e-07
"CCDC150",196.817049459287,-0.387676667371166,0.137300548419983,-2.82356240985519,0.00474931784482324,0.0122864566295664
"GTF3C3",660.316244569119,-0.256001761981259,0.0865007034273333,-2.95953387473107,0.00308104826883226,0.00828833719251026
"PGAP1",433.643989237184,0.483432403106509,0.118594916533533,4.07633326315313,4.57514347478009e-05,0.000168365653581809
"ANKRD44",88.7035517241221,-0.89151001821294,0.214144652129795,-4.16312062592433,3.1392741415699e-05,0.000118725832749698
"SF3B1",6631.83871499949,0.228811132398017,0.0549505129706643,4.1639489793329,3.12790039053954e-05,0.000118320514143394
"HSPD1",9783.38766105583,-0.233964901813878,0.066258245520416,-3.53110620385786,0.000413825553838632,0.00130857173288752
"HSPE1",864.493167036975,-1.10964901034258,0.0915542907301696,-12.1201202203942,8.26378319455901e-34,2.27361277784959e-32
"MARS2",144.303481664681,-0.838348084733355,0.164929050087437,-5.08308320631753,3.7135692375968e-07,1.81952776592528e-06
"SATB2",523.646349821208,0.799051886617775,0.0981678424059415,8.13965008330888,3.96421918277604e-16,4.3270256749126e-15
"FTCDNL1",27.6348879757905,-1.3900582776244,0.376474287690656,-3.69230601683639,0.000222229834515856,0.00073550116580537
"C2orf69",480.656885329352,-1.46639202262082,0.104436404033667,-14.041004534665,8.74640009797729e-45,3.35359310990742e-43
"SPATS2L",1418.86223273973,0.314915415074855,0.0809735357202774,3.8891152803643,0.000100610321753625,0.000351307616415827
"SGO2",655.918957297813,-0.99991891723277,0.0941439631902745,-10.6211687223304,2.37567909537533e-26,4.6585541869161e-25
"LINC01792",4.98256365434585,2.13148632894036,0.92250605609111,2.31053911772894,0.0208583254557181,0.0462346719603315
"BZW1",4907.97333874777,0.705080340055018,0.0593301433138173,11.8840154544311,1.43313767152867e-32,3.7703027706012e-31
"CLK1",1253.41540710323,0.930791574473589,0.0801445744491959,11.6139062546726,3.50241553274792e-31,8.7298797117082e-30
"PPIL3",477.034036413395,0.752098581221941,0.105822534806066,7.10716845519019,1.18447831719836e-12,9.93737604945607e-12
"NIF3L1",413.962177847318,-0.275410844172098,0.103537811790532,-2.66000255760942,0.00781400581267761,0.0193269556341289
"ORC2",660.963368923892,-0.309063769618991,0.0910708017742482,-3.39366474872064,0.000689640624281607,0.00209543309562955
"FAM126B",661.285593536078,1.03066994336257,0.094947207385807,10.8551896547579,1.88415259121851e-27,3.84969544743183e-26
"NDUFB3",256.369037145063,-0.816827236357479,0.130426750133585,-6.26272781864821,3.78300600598406e-10,2.51655781594089e-09
"CFLAR",764.168461572037,0.328526428331622,0.0882981931642782,3.72064723589984,0.000198712849169744,0.000662658078254617
"CASP10",61.5485144802854,-0.673204227415423,0.250241602110207,-2.6902170611861,0.00714055572197822,0.0178301170383497
"CASP8",383.833776745055,-0.535509330306215,0.104802627127578,-5.1096937642062,3.22681407407255e-07,1.59316209394141e-06
"FLACC1",24.8462924129105,0.881248918056753,0.366541712405755,2.40422546256135,0.0162067742990974,0.0369371796691583
"TRAK2",705.5603600673,-0.252988767606635,0.0828626520218173,-3.05310971147804,0.00226483119046949,0.00625030978307054
"STRADB",185.811102585025,-0.44187829636957,0.147835257794835,-2.98899127962292,0.00279900120135907,0.00760337664300448
"TMEM237",350.763406566343,-0.991638843965259,0.114041585933227,-8.6954143600377,3.45566367073283e-18,4.3096550180122e-17
"MPP4",12.1147700368999,1.46253763741072,0.590039062405873,2.47871324221697,0.0131857266659441,0.030831708868169
"ALS2",848.528372466797,0.695704487908967,0.0776176735743297,8.9632226253565,3.15325079889373e-19,4.21861415344202e-18
"SUMO1",1094.86989150331,-0.493206947346943,0.079439021990591,-6.20862310471747,5.34508429014272e-10,3.49886538295176e-09
"NOP58",881.210468263985,-0.462404290980318,0.0802244315431185,-5.76388367092122,8.22000830726352e-09,4.84252271020581e-08
"BMPR2",1082.94357241382,0.555012367873701,0.0824933504607119,6.72796491806973,1.72052388191344e-11,1.30549730004051e-10
"FAM117B",391.159956243435,1.07399065831538,0.10782369451232,9.96061824048027,2.26648852730032e-23,3.8496126060772e-22
"WDR12",865.047547357338,-0.302830993075834,0.0771658878462534,-3.92441532817194,8.69406307129437e-05,0.000307267524235724
"NBEAL1",1337.36493499321,0.841674952890243,0.0837561774685827,10.0491089532585,9.27018172688769e-24,1.59558686628694e-22
"ABI2",1049.33899410107,-0.678276392035847,0.0825886482115674,-8.21270727543943,2.1625630269432e-16,2.40268485256124e-15
"RAPH1",687.524236226977,0.516165069851089,0.0948094386447826,5.44423716909639,5.20278619165027e-08,2.81813675863329e-07
"INO80D",2071.26082440249,1.76864573195344,0.0817419369949164,21.6369442292936,8.06757988991034e-104,1.03110537018492e-101
"NDUFS1",1827.07208637182,-0.166862273766257,0.0642918818140221,-2.59538637006988,0.00944846391595748,0.0229166579043701
"EEF1B2",4116.93838904479,0.240153725201667,0.075330296622034,3.1880098177049,0.00143255672425784,0.0041114993992436
"ZDBF2",575.695542580329,0.641470120168824,0.0937541943408641,6.84204183800693,7.80722778431247e-12,6.10916421628723e-11
"MDH1B",38.4880703897494,-1.28537064341937,0.317855059584521,-4.04388920251741,5.25717706038334e-05,0.000191780542115725
"FASTKD2",658.20028730686,-0.316691960108894,0.0851921831502976,-3.71738284427082,0.000201297283363786,0.000670656007302421
"CPO",11.9904302007581,1.38478850626664,0.56910131166959,2.43328995711509,0.0149623136313508,0.0344626602697563
"KLF7",585.819788810505,0.822160379112654,0.0909627831015429,9.03842594827894,1.58943943615807e-19,2.17159121144842e-18
"METTL21A",195.489275022071,-0.517817017442245,0.138072580996014,-3.75032474736744,0.000176605700753709,0.00059454723207222
"CCNYL1",488.322563544072,0.688183104424175,0.0958130535118107,7.18256103109525,6.84175026256989e-13,5.8461442144036e-12
"FZD5",303.227065002564,0.517621957170882,0.112932404337594,4.58346707667296,4.5732891939633e-06,1.9571418799433e-05
"IDH1",1501.96781249607,-0.313136106096232,0.0743662526950377,-4.21072858653166,2.545484156112e-05,9.79128494712794e-05
"PIKFYVE",1348.94665941007,0.256885725652123,0.0824813696983367,3.11446968681103,0.00184275890583856,0.00517983128034806
"MAP2",172.6873127082,-0.559779934511438,0.163009228603639,-3.43403830142989,0.000594660163196301,0.00182935657237292
"RPE",808.870430337174,-0.534889572038894,0.0925053323720813,-5.78225663670311,7.37051507532547e-09,4.35488695647345e-08
"LANCL1-AS1",22.5709530577049,-1.03713829464857,0.408099006669876,-2.54138892204544,0.0110413023572501,0.0263613287996825
"LANCL1",1055.51409152441,-0.680588524116018,0.0787123175648955,-8.64653138379386,5.30884438340058e-18,6.53488283014084e-17
"CPS1",566.385603234085,-0.467370420198534,0.0944856665371595,-4.9464689971227,7.55717571439355e-07,3.55860631170855e-06
"ERBB4",9.58663396109914,1.56925671417329,0.639843531761446,2.45256322253228,0.0141842451237925,0.032944230103862
"IKZF2",31.8373538186946,-0.87820306453262,0.350409144539765,-2.50622187867292,0.0122029017420614,0.0287725359536423
"BARD1",429.828619929562,-0.893513066077183,0.106785451958326,-8.36736699326684,5.89199710235026e-17,6.80202945428918e-16
"ATIC",946.379731794558,-0.598744696643197,0.0811342934204583,-7.3796747515918,1.58676685221178e-13,1.42406003205719e-12
"FN1",398.638374625374,0.381622522657492,0.102196410659801,3.73420671228723,0.000188307786911034,0.000630409553766254
"PECR",80.7639171293061,-0.598851916039406,0.211865089483921,-2.82657193546204,0.00470491752127705,0.0121750888355735
"XRCC5",6444.57971082162,-0.401937938474668,0.0627846881383313,-6.40184653922453,1.53508922363674e-10,1.067277889628e-09
"LINC01963",206.101250478863,-1.35319706515421,0.14952211061737,-9.05014689511084,1.42776138688793e-19,1.95365891823139e-18
"SMARCAL1",357.912529470161,0.263633379136074,0.114369431604355,2.30510351794068,0.0211607765236778,0.0468187051851686
"RPL37A",4347.68287164165,0.275740378103283,0.0851377247882836,3.23875671788247,0.00120051927130067,0.00349621166582245
"ARPC2",2309.82510431442,0.368217963747589,0.0669756032925073,5.49779241464157,3.84575262662549e-08,2.11293622208592e-07
"AAMP",670.498076346686,-0.335352965407253,0.0933345568394147,-3.59302038562458,0.000326867004853558,0.00105243105731445
"PNKD",230.59485848981,-0.482537059676831,0.127998429415645,-3.76986703571108,0.000163334541928088,0.000552035217570533
"TMBIM1",1863.70478769091,1.29122496960336,0.0716183652572975,18.0292438254417,1.14851600865351e-72,8.44792122120199e-71
"CTDSP1",780.017345578457,0.83690906537005,0.088491102570684,9.45755043227711,3.15241421779026e-21,4.71449432521148e-20
"USP37",778.764571810293,0.525187654670298,0.0846305119585976,6.20565375909845,5.44699848232703e-10,3.56169664912973e-09
"CNOT9",1006.87313744764,-0.306824458125121,0.0761076588394266,-4.03145311265539,5.54330562907855e-05,0.00020180992069015
"TTLL4",628.091725151656,0.195189618830642,0.0853042138361854,2.2881591665035,0.02212825369545,0.0486605564180238
"CYP27A1",8.92338507681741,1.84205058206941,0.63012395789527,2.92331462562097,0.00346326374693843,0.00922155378007942
"CFAP65",13.2751235835621,1.21614182308739,0.519125249478468,2.34267515269035,0.0191460449176323,0.0429036154514613
"IHH",5.02283369647048,2.44522800759547,0.9050850520972,2.70165549848554,0.0068995209364911,0.017278525124584
"NHEJ1",392.358195630833,0.831570198326528,0.105671028496711,7.86942466782566,3.56275866210917e-15,3.61511677082597e-14
"ABCB6",294.189298828028,0.813443723272567,0.126944916442566,6.40784795538148,1.47587978445583e-10,1.02889089344984e-09
"ATG9A",942.643697235143,0.611603393937528,0.0742087999746891,8.2416558972269,1.69843443270204e-16,1.90463515318752e-15
"ANKZF1",528.015860120153,0.99341779619497,0.0974795668200321,10.1910362202268,2.17434090304673e-24,3.83028322715593e-23
"GLB1L",42.5864233119554,-0.903775931731906,0.295096629064718,-3.06264403831498,0.00219390862168093,0.00607318391264393
"DNAJB2",385.487516166494,1.31689146007758,0.11401985629977,11.5496677755437,7.41063412521043e-31,1.81944192875228e-29
"PTPRN",15.0826905489166,4.47666486544136,0.777421129848991,5.75835244703334,8.49388664460964e-09,4.99896574861236e-08
"SPEG",411.421272288882,0.310636256534287,0.0989470306187345,3.13941969346446,0.00169282806532288,0.00479264494722653
"ASIC4",22.2756571169145,1.10159231916888,0.397219186374915,2.77326060007873,0.00554976578437163,0.0141700664777786
"CHPF",1368.29020176244,-0.378075766840897,0.0764415949226373,-4.9459429414513,7.57761542467025e-07,3.5672990482754e-06
"SLC4A3",289.724461275505,0.470835665795593,0.116852871694706,4.02930333647011,5.59423941470356e-05,0.000203499774913954
"FARSB",861.601593476018,-0.838741790739901,0.0817279629104958,-10.2626048768455,1.03866419428014e-24,1.86061306611554e-23
"ACSL3",3258.38242533277,-0.192376077887186,0.0799378576784474,-2.40657034694406,0.0161031023498427,0.0367437416068552
"SCG2",116.713778603573,-1.25411972266634,0.185984883595214,-6.74312717476476,1.55013411170846e-11,1.18268276151982e-10
"WDFY1",1428.79338140146,0.737382660370554,0.0788435191428697,9.35248284686999,8.56139475244921e-21,1.25536936398606e-19
"MRPL44",564.986044378334,0.293489904871191,0.0937610967466003,3.13018847960343,0.00174694177078231,0.004935876450204
"SERPINE2",1639.60787258246,0.74783065774633,0.0675061733531795,11.0779595494744,1.60488320969614e-28,3.49717053469579e-27
"IRS1",1581.49589045661,-0.512296188902533,0.074476021724978,-6.87867285385248,6.04127160843022e-12,4.78548376507784e-11
"RHBDD1",637.910037068418,-0.474867098670036,0.0880672038929855,-5.39209918878619,6.96393070146726e-08,3.71622727779513e-07
"DNER",61.7491252921143,0.954848214610949,0.239054415146317,3.99427140480346,6.48934959870723e-05,0.000234076399356091
"TRIP12",4306.97635647716,0.30978779635939,0.0585939273209996,5.28702905784513,1.24318897769346e-07,6.42521264591083e-07
"SLC16A14",123.365093311387,-1.40518982053205,0.182894890299964,-7.68304580968566,1.55350005242902e-14,1.51245945136809e-13
"SP110",164.468912959142,-1.25010775824228,0.158740708556303,-7.87515546334407,3.40319429540128e-15,3.4571005861007e-14
"SP100",1238.71500547162,1.01137499162136,0.0745182243065548,13.5721831945531,5.85516919545463e-42,2.0811835122542e-40
"CAB39",1903.07635493111,0.653409092481062,0.0634940772557154,10.2908668134435,7.74757411689757e-25,1.39479553607004e-23
"C2orf72",75.5467210480842,0.834315575265382,0.227300788812196,3.67053532733107,0.000242043012520125,0.000796189055396161
"B3GNT7",79.0888286433458,0.511024269142941,0.209921798208016,2.43435542904675,0.0149183380048232,0.0343810832055577
"NCL",5822.1497929293,-0.581029293047675,0.0788693421514727,-7.36698541154025,1.74529574994344e-13,1.55934430886122e-12
"PTMA",9801.964641278,-0.444564825124692,0.179175239589936,-2.48117332585759,0.0130950680273646,0.0306515418783138
"COPS7B",316.141638942155,-0.84106369949659,0.131395329808251,-6.40101669308929,1.54345695146628e-10,1.07226822368442e-09
"DIS3L2",348.100161143723,-0.513046268764633,0.1081011162444,-4.74598493141102,2.07494159648173e-06,9.26015911594781e-06
"KCNJ13",82.9266791864529,0.506907685720526,0.221751325650038,2.28592854736983,0.0222584390432044,0.0489110267037662
"NGEF",97.9652170858525,0.491970135048802,0.190301210062586,2.5852181123126,0.00973174129532349,0.0235245754370254
"ATG16L1",571.364267992121,0.644730377322776,0.0878026504381479,7.34294892130793,2.08938282681068e-13,1.85939594676323e-12
"DGKD",886.289660691096,0.55958405063468,0.0823624577673473,6.79416406216726,1.08942354170751e-11,8.3899579679962e-11
"USP40",527.675150700867,-0.68102309327262,0.0968752990422712,-7.02989410102836,2.06690351016681e-12,1.69307582530528e-11
"MROH2A",8.35732642545972,-1.99140201785922,0.750427519620554,-2.65369001774636,0.0079616929349553,0.0196652506004426
"HJURP",829.705878277035,-0.860802285728193,0.0955903601377303,-9.00511604400188,2.15437852136201e-19,2.91471886887874e-18
"MSL3P1",206.310827073534,-0.507826850054319,0.139846643112141,-3.63131240588378,0.000281983591693111,0.000917261066047213
"ARL4C",359.334244187751,0.802353507264735,0.108255293989937,7.41167916775798,1.24710165974024e-13,1.12934768895371e-12
"SH3BP4",938.65552652971,0.78201559216109,0.0855062064970548,9.14571730167945,5.92354319462573e-20,8.26864228585207e-19
"AGAP1",1521.6791933581,0.950008691901668,0.071128327167494,13.3562636678432,1.0889436403018e-40,3.70261383809033e-39
"GBX2",36.0691689014581,-1.19123864854006,0.31858210232995,-3.7391888616088,0.00018461499219803,0.000619312504542201
"ASB18",14.911292028006,-1.44229868474223,0.538492573320993,-2.67840032750551,0.00739747452218424,0.0184129680061163
"LOC93463",5.05584895886702,-2.32041757683861,0.975845048843533,-2.37785453703794,0.017413693837713,0.0394385040403953
"MLPH",570.455162174277,0.708535582683272,0.0894096219000999,7.92460103986281,2.28879980988583e-15,2.35963737837257e-14
"LRRFIP1",2289.71768974142,1.02342218509537,0.063096547079498,16.2199396395799,3.64552824783669e-59,1.92093756006623e-57
"KLHL30",48.0976647280951,0.619629962934945,0.269248480363086,2.30133132821907,0.0213729102563942,0.0472184891173813
"ILKAP",289.578415508405,-0.5043313273976,0.119823794135849,-4.2089413962791,2.56569917233733e-05,9.85221921685298e-05
"PER2",268.94211180832,2.05332245721075,0.142250859462452,14.4345170564874,3.13836232016279e-47,1.28245867055904e-45
"ASB1",422.813905590762,-0.404025427470502,0.110532384468978,-3.65526745316796,0.000256913999324247,0.000839805402108155
"HDAC4",401.971667963706,0.378240661490862,0.105278905617494,3.59274879684928,0.000327207991455742,0.0010531550659089
"COPS9",152.165914667139,-0.519039633445814,0.16660052420652,-3.11547419144017,0.00183649418696293,0.00516471000987187
"GPC1",1037.02790556675,0.416068223833363,0.0833360363851766,4.99265674108027,5.95543471170694e-07,2.84223752488535e-06
"RNPEPL1",433.584098677464,0.315453177850462,0.0978854086494373,3.22267825412277,0.00126998118266126,0.00368184216421149
"CAPN10",111.3021532826,-0.455868314389181,0.176596277861474,-2.58141519124641,0.00983961642554286,0.0237534799202556
"GPR35",45.8578159923078,1.15864064909088,0.276600025243013,4.18886675108915,2.80350945382608e-05,0.000106879720472604
"PASK",282.079672201833,-0.959040939678415,0.128744923405346,-7.44915538656955,9.39396781505623e-14,8.59769903479575e-13
"HDLBP",7019.57328202161,0.394626602428469,0.0597134027198433,6.60867718893754,3.87769227830504e-11,2.84643146832322e-10
"ATG4B",485.080328657659,0.38295904724758,0.103094438024991,3.71464314257911,0.000203490656692397,0.000677462613015644
"DTYMK",251.836803310738,-1.21917693773393,0.136045762487593,-8.96152085475734,3.20230621600722e-19,4.27472298656786e-18
"D2HGDH",92.1406671179362,-1.12557007107596,0.203218836664092,-5.53870935171454,3.04708848507657e-08,1.69062751199399e-07
"C20orf96",100.038612877996,-0.75284824841815,0.191497323093221,-3.93137740130009,8.44605640678248e-05,0.000299383128455207
"SOX12",318.322647071477,-0.375150723639954,0.118958237123571,-3.15363385261214,0.00161251260954161,0.00458851882781452
"TRIB3",908.798200939658,1.46874016842726,0.0808118166079928,18.1748193528667,8.16971836833346e-74,6.10898318322562e-72
"TBC1D20",620.284249836607,0.299888649041287,0.0897935561577515,3.33975690320623,0.000838517547090265,0.0025105374175301
"CSNK2A1",3442.87363796864,0.280926414152986,0.0583472159620914,4.81473553657651,1.47394960727993e-06,6.68563953505955e-06
"SRXN1",1569.41601441014,0.983212307803129,0.0736046148820475,13.3580253001628,1.06348075896374e-40,3.62287084258705e-39
"PSMF1",948.630322854039,0.194727178260327,0.0798577757736848,2.43842476670249,0.0147514289260585,0.0340670982798947
"TMEM74B",126.401632134549,1.14950269583984,0.168174594762719,6.83517446533288,8.19052877871172e-12,6.3813886347239e-11
"TMC2",6.18868027417215,-1.95850868207229,0.850284331811002,-2.30335736976466,0.0212587442228877,0.0470066048638847
"NOP56",1537.91376328738,-1.07993140954014,0.0783610117477868,-13.7814888482555,3.29407816076756e-43,1.21395874305096e-41
"UBOX5",101.479027580937,-0.7106092493959,0.189570266512732,-3.7485269312958,0.000177876239801278,0.000598265718077422
"DNAAF9",342.209782070732,0.544207940215658,0.117681483241898,4.62441435325063,3.75658262019689e-06,1.63126205779682e-05
"ATRN",1290.37641203005,0.760320827163592,0.0732313925465751,10.3824439318156,2.98046022877104e-25,5.486299671367e-24
"C20orf27",312.055754454453,-0.37287001956669,0.117649011098939,-3.16934257316551,0.00152784199922175,0.00436273818221758
"CENPB",431.278989432295,-0.750077047503561,0.118047511670022,-6.35402675492431,2.09750328748009e-10,1.43504581411081e-09
"CDC25B",1674.30280584922,-0.748582629667006,0.0733086775948,-10.2113781645968,1.76342109442747e-24,3.11860760968375e-23
"MAVS",3383.67243919485,-0.692799608442916,0.0580336907261328,-11.9378864203608,7.51075266750188e-33,1.99045990913311e-31
"RNF24",509.174928388881,2.50746470372296,0.107717574739701,23.2781392431293,7.3830349049487e-120,1.1671023861586e-117
"SMOX",412.54127134205,0.950358139922172,0.102180714773832,9.30075838699802,1.39447443840353e-20,2.03315726977913e-19
"RASSF2",268.175111112603,0.866070096332226,0.121062408296956,7.15391432002433,8.43377183473944e-13,7.1623469478718e-12
"SLC23A2",586.775155406487,0.452514503569833,0.0891576911965786,5.07543990312748,3.86600534737068e-07,1.8901053273187e-06
"TMEM230",897.432593121425,-0.340166480574676,0.081379701295345,-4.17999175666837,2.91519663186105e-05,0.000110903015627545
"PCNA",1777.712310796,-0.968716883399631,0.0764289462881638,-12.6747381776955,8.16307982282565e-37,2.45998096132343e-35
"CDS2",1382.87151192253,0.359599329852147,0.0708640622314211,5.07449500534984,3.88526436422923e-07,1.89797639218691e-06
"MCM8",606.044469755935,-1.33608836918828,0.0975083727160414,-13.7022937822905,9.83669640082658e-43,3.55958043854008e-41
"MCM8-AS1",17.1012107649191,-2.25135728457686,0.530104605434821,-4.24700570697773,2.16646443173411e-05,8.43601026885921e-05
"CRLS1",399.070127894594,0.477734299694807,0.102745781323339,4.64967314026631,3.32461488829161e-06,1.45313812519775e-05
"FERMT1",992.013061220095,0.90003563146515,0.0804210191471211,11.1915471976131,4.48537748975797e-29,1.00411164898048e-27
"TMX4",313.766490414939,-0.485560471414878,0.112337029787547,-4.32235454625403,1.54372853680709e-05,6.15340233616471e-05
"PLCB1",279.489518664677,-0.837525414690641,0.122105545681621,-6.85902847422191,6.93304204966557e-12,5.45591051428049e-11
"PLCB4",210.062608893636,0.484212231818516,0.131177749666907,3.69126801647421,0.000223138857353496,0.000738238543853013
"ANKEF1",428.325091917214,-0.338090890830686,0.102044846770804,-3.3131598657799,0.000922482351586528,0.00274755495028233
"MKKS",414.309075608242,-0.299642368246541,0.100318107709535,-2.98692205313657,0.00281801562214426,0.00765041571658054
"SLX4IP",503.78946244255,-0.751626735549252,0.111142012056907,-6.76275983886637,1.35387562887008e-11,1.03513757776274e-10
"JAG1",1576.97555201435,1.11276189699523,0.0693098016325625,16.0548994627687,5.28244438228093e-58,2.68912232240352e-56
"BTBD3",598.71839452755,0.812204672286018,0.0873502866106444,9.29824850954804,1.42778200775537e-20,2.0766795449362e-19
"ESF1",432.550218424397,-0.315639667377416,0.108881696417914,-2.89892312263318,0.00374446693254968,0.0098899367714316
"KIF16B",298.02548803786,0.656818152831594,0.117257129794782,5.60151995858268,2.12480316607227e-08,1.20034726820653e-07
"DSTN",2996.05463310079,0.23194172634486,0.061350141280987,3.78062252998823,0.000156436704565502,0.000530413142610519
"RRBP1",1183.12936614928,0.514753900812205,0.0783145714500618,6.57290069116248,4.93443714016196e-11,3.57985071267547e-10
"MGME1",524.101798412967,-0.947888318115866,0.0952473367540401,-9.95186165219113,2.4750906464106e-23,4.18813225717984e-22
"OVOL2",12.5069056501977,-1.82193737767493,0.589491995453487,-3.09069061450671,0.00199691585370943,0.00557496833457747
"KAT14",161.51319034435,-0.684413751917379,0.155531858648323,-4.40047304690754,1.08015144398648e-05,4.39529915374096e-05
"POLR3F",201.538095184954,-0.543202219758469,0.138666038435081,-3.91734144776033,8.95308937077267e-05,0.000315185824478793
"RBBP9",217.091583532397,-0.557543711243197,0.134638147645509,-4.14105304472222,3.45714992052811e-05,0.000130065341790891
"SEC23B",1742.66187900334,0.208435556129397,0.066701196048688,3.12491482127623,0.0017785655309112,0.00501745920985453
"CRNKL1",561.386042853974,-0.331520940807992,0.0951746186207137,-3.4832915078878,0.000495288737255136,0.00154395404498786
"RALGAPA2",550.189994451778,0.739674536316144,0.100337393861564,7.37187311578646,1.68247114489258e-13,1.50545245790016e-12
"LOC112268271",30.9637083423863,-1.78289915708934,0.367318370483008,-4.8538251837089,1.21102501177498e-06,5.54458914442081e-06
"NXT1",138.13785062443,-0.587560254698954,0.164759806324787,-3.56616257208211,0.000362246703134089,0.00115643008630282
"PYGB",1599.76727357703,0.901286956477868,0.0718147423891551,12.5501662540806,3.96676298912685e-36,1.17381011210271e-34
"ABHD12",326.77060766777,-0.292895160619059,0.116622629393714,-2.51147793650111,0.0120226801114593,0.0283935591569615
"GINS1",696.766084519424,-1.14687744933038,0.087311176058262,-13.1355171366043,2.06078757963894e-39,6.66740627875644e-38
"ZNF337",327.285584107976,0.270434025662305,0.116466590000039,2.32198801100138,0.0202335811943267,0.0450382122903855
"FRG1CP",195.563395231714,0.399319016187083,0.137392836402256,2.90640346792145,0.00365609688460117,0.00968349823007021
"HM13",1571.51635024602,0.690459018910892,0.0795078661558704,8.68415984850214,3.81551920398764e-18,4.75186396510444e-17
"ID1",1347.64247787246,0.234544588295223,0.0940107369431289,2.49487022356935,0.0126003204517655,0.029628180435969
"BCL2L1",1396.2845144932,0.516664554635224,0.0748110110225443,6.90626349748872,4.97585379377871e-12,3.97296682400027e-11
"ABALON",234.741071645603,0.921660244398662,0.1340593175533,6.87501817269972,6.19819571207244e-12,4.9033224287646e-11
"TPX2",2853.11779524973,-0.811934081437748,0.0793399606326722,-10.2336083225052,1.40196274074348e-24,2.48913995575746e-23
"TM9SF4",1000.670241064,0.304325070063776,0.0763836621551801,3.98416443356059,6.77179724012579e-05,0.000243581952224165
"KIF3B",1251.60936221937,0.331232564048504,0.0697990140985189,4.74551923585885,2.07972147341626e-06,9.27919303600754e-06
"ASXL1",1419.76661412514,0.454190483382893,0.0751494798499429,6.04382737298797,1.50500538330273e-09,9.51638667105207e-09
"NOL4L",245.140332805165,0.891643749163197,0.133805255570096,6.6637423572357,2.66941265373082e-11,1.98128028965746e-10
"COMMD7",184.078068185861,0.375372773317978,0.15344578205097,2.44628929059315,0.0144335136900883,0.0334368968675835
"DNMT3B",304.173734243802,-1.29616239935883,0.124114881901107,-10.4432472521031,1.57334813682188e-25,2.9230213168729e-24
"LOC119746555",98.7280411473735,-1.1057128671922,0.198765845193498,-5.56289168350726,2.653405990904e-08,1.48223897588596e-07
"EFCAB8",17.7089839399077,2.09834651411182,0.48935856571928,4.28795296763138,1.80327262061238e-05,7.11089188097499e-05
"CDK5RAP1",312.292077027437,-0.319577198775514,0.119377813150479,-2.67702339607007,0.00742794479151544,0.0184786020275952
"CBFA2T2",298.419391461082,0.32740400655655,0.120724690892746,2.7119887749178,0.00668808576285566,0.0167933668012292
"NECAB3",188.217894789343,-0.484096599160108,0.140477685675082,-3.44607470456055,0.000568793096487287,0.00175577601777961
"E2F1",198.430330040099,-1.11217391533164,0.148402731527085,-7.49429544784802,6.66554291333163e-14,6.17899942598505e-13
"PXMP4",115.901317198089,-1.1524287959093,0.181595017144664,-6.34614767535853,2.20773322911858e-10,1.50817136171137e-09
"RALY-AS1",21.3371289824333,-1.3799073072244,0.421915515332398,-3.27057730061732,0.00107328204646792,0.00315215380694238
"RALY",812.626080273991,-0.287145625894948,0.0890165376957227,-3.22575594746756,0.00125640441488349,0.00364717525138779
"ITCH",2112.7417056547,0.634049358195891,0.0666092690858716,9.51893583126523,1.74961485096766e-21,2.65402434589968e-20
"DYNLRB1",357.794617680943,0.463443542669296,0.112645734504561,4.11416858976165,3.88577376897296e-05,0.000144860424266987
"PIGU",165.980679395432,-1.35014097824765,0.166267371111698,-8.12030026829878,4.65031695077153e-16,5.05753541157838e-15
"TP53INP2",244.771002862701,1.30264810082251,0.127173409151883,10.2430854807608,1.27116524896945e-24,2.26360365135163e-23
"NCOA6",1144.61115846153,0.63175498946716,0.0747725231850291,8.44902595976124,2.9374315783835e-17,3.45757377361523e-16
"GGT7",153.572885087264,0.369292276987582,0.151593187512174,2.43607435827501,0.0148476320144049,0.0342422800782686
"ACSS2",2545.40915961634,2.18007549811928,0.0907896305158249,24.012384296897,2.06456401292806e-127,3.68371367098778e-125
"GSS",581.183170678377,-0.639148485350263,0.0951240187948164,-6.71910726069,1.8284128614957e-11,1.38561094100143e-10
"MYH7B",69.3853551366478,0.831810850496363,0.238676064989296,3.48510375572712,0.000491946244518659,0.00153539370842929
"PROCR",397.861662768309,-0.334785611397787,0.110234496075591,-3.03703126803623,0.00238920670653932,0.00656011313728623
"CEP250",483.944309822983,0.539327748470743,0.096607818370308,5.58265115151905,2.36879582057645e-08,1.33192104469917e-07
"ERGIC3",1151.59715190535,0.357680083460098,0.0875827514423979,4.08391010295378,4.42841683438562e-05,0.000163299569822925
"FER1L4",123.73815135388,1.61196697186183,0.175884292750277,9.16492852576962,4.95798185594725e-20,6.94233030505248e-19
"SPAG4",66.4645171779893,1.59006183517429,0.231874726792853,6.85741761151392,7.01164372129036e-12,5.50574429199885e-11
"RBM12",1296.63322717554,-0.431061998699004,0.074946437049214,-5.75160095223665,8.84022666584411e-09,5.19262466574891e-08
"ROMO1",197.80870192608,-0.334486075472964,0.146032347474454,-2.29049303977994,0.0219927515974752,0.0484216709270739
"RBM39",2189.92878991511,0.183990019666804,0.0718308148634992,2.56143578513542,0.0104240509735188,0.0250552004819973
"CNBD2",2.45878482809963,4.05898549824393,1.52511918141829,2.66142184014055,0.0077811403868624,0.019250951525487
"NORAD",3541.89545580015,-0.773897902508034,0.0698410677520627,-11.0808429397928,1.55402537152006e-28,3.39044687895435e-27
"AAR2",391.591343912933,0.477316363067087,0.110520526240618,4.31880284416946,1.56877844635576e-05,6.24496496173564e-05
"DLGAP4",540.512900243706,0.874054235408952,0.102813678217209,8.5013419475411,1.87411417793412e-17,2.23516953014896e-16
"TGIF2",236.745477924916,0.543230364609579,0.142208130688802,3.81996698767065,0.000133469536640561,0.000457620722945119
"NDRG3",412.646701634115,-0.567691130146172,0.103152002855999,-5.50344263250686,3.72445759656152e-08,2.0494183312255e-07
"DSN1",359.186944038132,-0.961427977036313,0.110195208044708,-8.72477119555183,2.66719359488739e-18,3.35652903445989e-17
"SOGA1",961.269974813775,-0.358048795837274,0.0745448954661337,-4.80312962542067,1.56204688622067e-06,7.0692232387199e-06
"SAMHD1",495.804794140028,-0.665025803367922,0.0951395311076618,-6.99000505494783,2.74876339879385e-12,2.23535492823393e-11
"RBL1",456.747651011434,-1.24332585674499,0.102516261433917,-12.1280842605293,7.4983082680291e-34,2.06616228284637e-32
"RPN2",2530.19636910976,-0.194463636571764,0.0678942663523415,-2.86421294491324,0.00418046869713299,0.0109389032076425
"MANBAL",316.121576090708,-0.327258293247078,0.13359511983594,-2.44962760353046,0.0143004029337488,0.033154195454662
"SRC",593.743690185156,0.635191794640658,0.0934162156957098,6.79958816475403,1.04918641622201e-11,8.09738261530489e-11
"TTI1",526.211250024538,-0.752593017810884,0.0992236718665376,-7.58481321698285,3.32966380370465e-14,3.15643721233884e-13
"TGM2",335.878912707602,1.32859968255378,0.112183168273136,11.8431285459775,2.33574315122346e-32,6.09152349177973e-31
"KIAA1755",2.02090169229813,3.76872835113449,1.59387371734952,2.36450875004175,0.0180540008649743,0.0407606050598474
"SNHG17",145.095665247062,-0.564521250835611,0.163254263688374,-3.45792653791383,0.000544349794283097,0.00168465183630014
"FAM83D",488.970230494431,-1.43113187362703,0.12076185523811,-11.8508602803859,2.12992899747874e-32,5.56281890776295e-31
"DHX35",156.148565238088,-1.02899735641747,0.161759101332261,-6.36129496233947,2.00059837297621e-10,1.37239372970705e-09
"PLCG1",488.175639644008,-0.250259679849369,0.0977988269270376,-2.55892312528528,0.0104996957099104,0.0252085020501325
"LPIN3",239.397811954316,0.593508253332301,0.128398183832733,4.62240380366654,3.79318725965249e-06,1.64676048196091e-05
"EMILIN3",5.83608493021101,1.98776385345627,0.791546014142597,2.51124232570285,0.0120307080284376,0.0284074147511103
"CHD6",1002.05924149133,-0.281395143773965,0.0736574285313191,-3.82032266649543,0.000133277201592329,0.000457048230236986
"MYBL2",812.760377310808,-0.665291291469957,0.0939498469795518,-7.08134513103313,1.42761854332071e-12,1.18831934268741e-11
"OSER1",433.02925578822,0.547112081536,0.0998908404847969,5.47709959072042,4.32353907826493e-08,2.36319374368858e-07
"OSER1-DT",28.7183007807082,-0.918203442785474,0.347128226331069,-2.64514197675688,0.00816566474983405,0.0200864652548129
"FITM2",131.74199544976,-0.407287948716996,0.167328235838944,-2.43406587462631,0.0149302776116216,0.0343976646431901
"TTPAL",606.130989524337,-0.366794402262595,0.0878400506525002,-4.1757080003705,2.9706067466282e-05,0.000112868024838682
"SERINC3",1688.31236610641,0.343980002602567,0.071027830553126,4.84289045468288,1.27963845164836e-06,5.84102445216693e-06
"PKIG",148.303360010492,0.787392441482783,0.156699029856925,5.02487119544849,5.03770529821455e-07,2.42285794446556e-06
"PABPC1L",358.095978908009,-1.20170183295264,0.12018794265369,-9.99852236771561,1.54687900536387e-23,2.64481086865867e-22
"TOMM34",539.010628751172,-0.423286590683432,0.103406930931542,-4.09340637876253,4.25081755654935e-05,0.000157265414055791
"STK4",1375.50399761008,0.250368265699774,0.0675416665459417,3.70687130631391,0.000209835503382497,0.00069704066478451
"KCNS1",34.0097646992169,2.24882048387907,0.357514304082692,6.29015526986839,3.17148590807549e-10,2.12624060823767e-09
"WFDC5",3.46656631659859,2.53770942262052,1.11154036377226,2.28305647309849,0.022427042048947,0.0492334906522199
"MATN4",5.4633991284898,2.10549002630825,0.830672161032433,2.53468230317404,0.0112549347333467,0.0268074516031774
"SDC4",5193.63079516835,0.729366171440313,0.0638292179175895,11.4268386051981,3.07086455562314e-30,7.30079817373147e-29
"SYS1",298.247085900269,0.291387326786351,0.125449642068634,2.32274338915157,0.0201929418766207,0.0449641459954912
"WFDC13",8.83570893195216,2.92737078842371,0.734991525232354,3.98286332280944,6.80899178382877e-05,0.000244822108811609
"SPINT4",7.45126733354328,3.38973674418556,0.881589884410665,3.84502681363179,0.000120539257073947,0.000416297039426908
"WFDC3",34.30799629788,2.43751215438833,0.363385085357793,6.70779361235568,1.97589117379495e-11,1.4904786455822e-10
"DNTTIP1",598.083160662146,1.18792878905754,0.101763808903136,11.6733915707525,1.74331878384518e-31,4.39389479771665e-30
"SNX21",293.578908215776,1.79387010519217,0.123193820609753,14.5613643307216,4.94607285146005e-48,2.04433896459086e-46
"ACOT8",113.646589179164,0.890488409374873,0.176377286033501,5.04877033432602,4.44662912523642e-07,2.15584351535877e-06
"ZSWIM3",69.2047096834542,1.15005752240765,0.236617096832942,4.86041599614257,1.1713934226363e-06,5.37826264186718e-06
"LOC107985388",34.9401817219813,1.07193373500503,0.306153455959901,3.50129555664864,0.000463002057917854,0.00145134111771398
"ZNF335",409.593874406952,1.1715885083618,0.103562282990626,11.3128879986921,1.1329781813424e-29,2.61426373956099e-28
"CDH22",23.2496880881186,0.984579111775081,0.375040845361016,2.62525835239978,0.00865832430927306,0.021185561762038
"SLC35C2",346.867712824104,-0.271208071902377,0.118029885498123,-2.29779153608253,0.0215736567290524,0.047609462149676
"ELMO2",291.43264393135,-0.752218459396831,0.125175015033336,-6.00933388501294,1.86287125382171e-09,1.16605775842727e-08
"ZMYND8",864.836947900047,0.2320570433534,0.0784443540341856,2.95823767319534,0.00309403463498129,0.00831830496150945
"NCOA3",1292.24333386061,0.698620009414596,0.0721701013932202,9.68018605943411,3.6604920909075e-22,5.81195841147524e-21
"ARFGEF2",1654.47418652175,0.371123387496548,0.0730560234985943,5.07998341168527,3.77467827167501e-07,1.84745999820357e-06
"CSE1L",3508.30170286872,-0.506603780061217,0.0588317912198556,-8.61105483203848,7.2391351833482e-18,8.81462534723769e-17
"STAU1",1862.9579876596,0.390640566392306,0.0678784214824257,5.75500369426602,8.66399000681361e-09,5.09242543746862e-08
"DDX27",321.002338319624,-0.359543293998803,0.113357673538235,-3.17175964164025,0.00151518355652539,0.0043293361141817
"ZNFX1",2531.44286062632,0.286315924513832,0.0658954248024939,4.34500460953089,1.39272738569609e-05,5.58858610946989e-05
"ZFAS1",1242.61710820056,0.400355369591566,0.0885663695856902,4.52039946386436,6.17230523214854e-06,2.60007275803059e-05
"KCNB1",57.3415159524848,0.755619203791707,0.248659751111906,3.03876763494246,0.00237547999932566,0.00652892205341785
"B4GALT5",5423.28300514262,0.337629352600727,0.0591683713508891,5.70624718734383,1.15494239020614e-08,6.72044456374067e-08
"SLC9A8",212.675849686873,-0.348566550599138,0.134620674340163,-2.58924977391192,0.0096185299207495,0.0232720799453392
"RNF114",661.718568944639,-0.297321834050906,0.0905126545876529,-3.2848648115052,0.00102031314757706,0.0030108176244451
"PEDS1",406.053564731402,0.483972827419804,0.107009012341899,4.52272959845184,6.10472086316047e-06,2.57340759473719e-05
"CEBPB",423.794409152324,0.329764643904029,0.105685841775811,3.12023482391852,0.0018070691964946,0.00509228991243615
"PTPN1",929.630552238029,-0.183866067862356,0.07547543412983,-2.43610480657953,0.0148463822279097,0.0342422800782686
"PARD6B",1319.78265986432,0.952989774638525,0.0774241532882176,12.3086883635775,8.13342355071323e-35,2.2937781816495e-33
"DPM1",409.3575918924,-1.02972448425363,0.109374473787411,-9.41466915082109,4.74574616078526e-21,7.02736989018168e-20
"MOCS3",126.598861116535,-0.702944810832302,0.170384489030217,-4.12563851811439,3.69707579615423e-05,0.00013828352619862
"NFATC2",293.516116197615,0.650690677349332,0.12686038781577,5.1291871998238,2.90995860410778e-07,1.44463812684921e-06
"SALL4",18.0886132662737,-1.04436755932514,0.455072747610987,-2.29494639001742,0.0217361968009527,0.0479153519938799
"ZFP64",357.879433275395,0.883419836808514,0.10763012396457,8.20792362089376,2.25046290156541e-16,2.49726551410777e-15
"TSHZ2",51.0201695091917,-1.31809289064365,0.288741905237703,-4.564951836688,4.99609029892451e-06,2.1324714359036e-05
"LOC101927770",44.0540951241088,1.06454842912477,0.274234196914792,3.8818952599684,0.000103645519935121,0.000361625540126004
"ZNF217",1333.28303699438,0.684358079113756,0.0688870791590465,9.93449116246764,2.9467656089968e-23,4.9676017810787e-22
"CYP24A1",583.70642335259,-1.44676174555959,0.095448895964856,-15.157448715722,6.76464245772093e-52,3.07067057255891e-50
"FAM210B",186.584006587586,-1.38822823261954,0.149264140150464,-9.30048055226226,1.39812331998669e-20,2.03682945428296e-19
"AURKA",719.536148841366,-0.804522930208808,0.101367770094138,-7.93667385068911,2.07675202652671e-15,2.14840116360723e-14
"CSTF1",625.001817234112,-0.579039801269435,0.0992119482629993,-5.83639179964965,5.33433757668953e-09,3.20572810276755e-08
"CASS4",28.6861418630298,1.96983012456793,0.366471069709165,5.37513131972791,7.65268868679237e-08,4.06931551562955e-07
"TFAP2C",118.68464439734,0.410622173582759,0.172899037115817,2.37492458276505,0.0175525361346739,0.0397329799878103
"RBM38",341.375698743208,0.344195355381353,0.112463278789566,3.06051325451208,0.00220957980394117,0.00611187070557542
"PMEPA1",23.9364680852541,2.4771605422988,0.421281807133138,5.88005582096247,4.10128147642521e-09,2.49693221238712e-08
"PPP4R1L",117.03034417776,0.631439796400313,0.188255186796541,3.35416945023008,0.000796035986244856,0.00239288815815155
"VAPB",1136.57874000447,0.33660406865995,0.07288208120494,4.6184749817097,3.86570576867113e-06,1.67662776551679e-05
"STX16",799.885531573251,0.246121633864142,0.0936132322583135,2.62913295403583,0.00856028858241212,0.0209731397769633
"GNAS",4612.59666670681,0.343487801458371,0.0661637056970564,5.19148372721288,2.08624824058527e-07,1.05193843154972e-06
"CTSZ",478.957621009473,-0.384829778035164,0.114382009843695,-3.36442573933645,0.000767031227020514,0.00231264342347945
"CDH4",26.4120569650232,1.09650673340554,0.358640575861051,3.05739731421344,0.00223268123484609,0.00617008871847283
"LSM14B",464.338685959429,-0.478980952568315,0.11413951647635,-4.19645156519969,2.71129410885507e-05,0.000103693190016293
"SS18L1",365.856441353344,-0.442846598444209,0.109268403265578,-4.05283307167825,5.06011085429159e-05,0.000185153822751652
"MTG2",246.687552323217,-0.332957100429795,0.135915458444754,-2.44973680138918,0.0142960671661803,0.033148407926111
"OSBPL2",463.62227793697,0.372627485070001,0.0979591210587251,3.80390800818452,0.00014243109139879,0.000486495583415011
"LAMA5",2916.19048952519,0.606084936198482,0.0843629215470443,7.18425731451824,6.75734946200292e-13,5.77950615352419e-12
"RPS21",2823.05540419889,0.246100415283473,0.074966920274855,3.28278678624096,0.00102786375337759,0.00303111318926813
"CABLES2",153.97795680048,-0.48267752841686,0.156781695086203,-3.07865996825377,0.00207933862093802,0.00578625097095801
"SLCO4A1",1092.44787106819,2.066360750795,0.0870536748256546,23.7366286366816,1.51014285092479e-124,2.54339105761828e-122
"SLCO4A1-AS1",34.3582900509383,1.69668007786773,0.349166370210804,4.85923107899361,1.17842528070111e-06,5.40917014353405e-06
"NTSR1",2067.04721820232,0.197794825583154,0.0856138499734138,2.31031340892363,0.0208708091032925,0.0462566536527405
"LINC00659",64.1472194289,1.42596507534726,0.237658019160624,6.00007136465908,1.97230826909701e-09,1.2324191164146e-08
"MRGBP",518.512065573223,0.692744368774265,0.100627024238204,6.88427759857435,5.80815161796321e-12,4.60771279083992e-11
"OGFR",546.868531069926,-0.284852703661481,0.0991697615185884,-2.87237459583977,0.00407399735334387,0.0106773569378432
"SLC17A9",218.339966704976,0.323094500509134,0.131084466463251,2.46478098608054,0.013709702250828,0.031928475608965
"YTHDF1",738.007963995818,-0.238918123095603,0.0935913582375092,-2.55277973944233,0.0106867053907057,0.0256063180223251
"ARFGAP1",422.80622867172,-0.405227915809018,0.102600199692916,-3.94958213553066,7.82877439587647e-05,0.000279039444992266
"COL20A1",19.6854319818731,2.36109456926377,0.471049184025501,5.01241621753017,5.37507814039798e-07,2.57892127710629e-06
"PPDPF",224.787493028624,-0.935384313427399,0.158124211103255,-5.91550343177108,3.30862010368733e-09,2.0287391251633e-08
"PTK6",116.576300747958,0.720670243637279,0.177861657420875,4.05185836052316,5.08124241557538e-05,0.000185851572094751
"SRMS",151.867641931768,0.517833593908859,0.156100586123167,3.31730717205812,0.000908896302308737,0.00270954843075364
"FNDC11",17.1412037477724,1.52184471014714,0.459749661693088,3.31015949972153,0.00093242821809333,0.00277465140658189
"HELZ2",865.737667067132,0.773631543510422,0.0851396691154767,9.08661675042605,1.02168770047847e-19,1.4130340790731e-18
"STMN3",607.732135729937,-0.415625417582779,0.0995553725521951,-4.17481655613185,2.98226267261322e-05,0.000113287005951018
"SLC2A4RG",249.954865997425,-1.17367961747416,0.150143668158931,-7.81704371463598,5.40783277832689e-15,5.4262001390996e-14
"DNAJC5",1417.82965571454,0.781569226458274,0.0689730439538895,11.3315170921089,9.16041800605015e-30,2.12184952296953e-28
"UCKL1",299.527598152896,0.402430575054729,0.118972570304849,3.3825492214177,0.000718164069541341,0.0021740357294145
"C20orf204",26.6329276926198,1.80337424894016,0.375749151481526,4.7994100368017,1.59133696932303e-06,7.19274730979943e-06
"TCEA2",81.6782349488042,0.692904967317925,0.214200511447822,3.23484273046059,0.00121709750154467,0.00354162991689593
"LOC102724428",24.4309680232485,0.994307738440825,0.365880513369071,2.71757500634598,0.00657622479421032,0.0165332236351094
"RNA45SN1",39491.4807459756,0.344717861381069,0.0769909111046042,4.47738384226569,7.55633172109108e-06,3.14704538816229e-05
"HSPA13",1477.05951958075,1.05562419172052,0.0704689988481927,14.9799799766504,9.92469360890519e-51,4.35165215391923e-49
"NRIP1",431.653855955038,0.939754848363939,0.101247999242083,9.28171277851122,1.66775719669767e-20,2.41791250536514e-19
"USP25",638.589023008941,0.243813336305379,0.0957338358618467,2.54678331971598,0.0108720917031229,0.025995218864532
"CXADR",1056.99305076165,0.40179858327606,0.0752382437946145,5.34035037251654,9.27671164073311e-08,4.87819143500588e-07
"ATP5PF",301.612040559508,-0.415347020070625,0.120561965334383,-3.44509164991336,0.000570865796435865,0.00176157063657033
"GABPA",651.500445321904,-0.256555669387072,0.0967929408800059,-2.65056177707343,0.0080358029930541,0.0198238474658218
"APP",4434.91623588195,0.418591893450154,0.059702896673843,7.01124931570609,2.36199399288721e-12,1.92778504283607e-11
"N6AMT1",159.573245882351,-0.379242649903914,0.151791482023431,-2.49844487219231,0.012473954239116,0.0293616940103329
"LTN1",797.709409803706,1.06095900607981,0.0824362161550962,12.870059490403,6.63510282910476e-38,2.08675720913258e-36
"RWDD2B",199.414294045204,-1.32221674880612,0.159357154781403,-8.29719098976045,1.06601925931824e-16,1.21203363231382e-15
"BACH1",1230.81170855789,0.972876417100155,0.0784759543000992,12.3971275759169,2.70860021005195e-35,7.79739367178055e-34
"GRIK1",16.7057683774724,1.44816338820138,0.479710846299979,3.01882560999214,0.00253756553265494,0.006941226111222
"TIAM1-AS1",6.58468552520496,-3.2315215633521,1.00745183078112,-3.20761892987636,0.00133838709577028,0.00386461686474542
"SOD1",2187.17397148097,-0.193268589157609,0.0822874605644996,-2.34870037101363,0.018839059909338,0.0423367874580597
"MIS18A",218.06076333301,-1.00416522126793,0.138090213338349,-7.27180585062555,3.54713168225621e-13,3.10757705619539e-12
"URB1",924.121286509762,-0.541136221525295,0.0791232683367909,-6.83915405544081,7.96621828722121e-12,6.23086891293461e-11
"PAXBP1",1175.94812041821,0.355384561492457,0.0758877717663198,4.68302801914896,2.82667856945576e-06,1.24394565323962e-05
"IFNAR2",187.727097565886,-0.498400831768039,0.14131121957967,-3.52697282813446,0.000420339898178342,0.00132754036191236
"IL10RB",274.100879811405,0.371043701966434,0.116942735721823,3.17286661438342,0.00150941853937173,0.00431628554395716
"IFNAR1",885.719977701748,0.233429165576986,0.0760742708905589,3.06843776278577,0.00215181145204414,0.00596856921306565
"IFNGR2",706.120035663687,0.544224273606615,0.0959373198153034,5.67270666570991,1.40558793458676e-08,8.08493462150913e-08
"TMEM50B",512.138122579508,-0.300532778688913,0.0964240120208621,-3.11678359352948,0.00182835731746116,0.00514584213930463
"GART",1563.81593959648,-0.608139602494489,0.0682408733212027,-8.91166207138117,5.0273163256398e-19,6.62745190229369e-18
"DONSON",385.425406098339,-1.17577218306449,0.110595965529322,-10.6312393715009,2.13259367761677e-26,4.19557540003622e-25
"ITSN1",856.564952248507,0.456079055872847,0.0809039917993688,5.63728742833682,1.72749644978856e-08,9.85164984862014e-08
"SLC5A3",2144.15927576384,1.50686955938909,0.0857141864870003,17.5801652112469,3.49556323226198e-69,2.33309425957753e-67
"MRPS6",197.203378892365,0.365036859762823,0.157107491569929,2.32348474356707,0.0201531263055041,0.0448979464892433
"RUNX1",928.935660546665,0.871342658152234,0.0866629060086317,10.0543900300949,8.78638577587912e-24,1.51376154939883e-22
"SETD4",140.925920228452,-0.533228705835748,0.162828932002219,-3.27477862366916,0.00105744803843526,0.00311226093240481
"MORC3",861.964558850059,0.970252259324229,0.0821922038459955,11.8046750655598,3.69214475805872e-32,9.54607470372686e-31
"CHAF1B",325.849796615178,-1.2491619713122,0.119791265425669,-10.4278218188397,1.85082363327766e-25,3.42440376748426e-24
"CLDN14",5.82945363904048,5.35284929542384,1.34077578778011,3.99235229649129,6.54210822523932e-05,0.000235649275089022
"HLCS",363.695465032253,-0.270032406242997,0.114814547063364,-2.35190063584862,0.0186777635851896,0.042026717139306
"TTC3",3239.93301042773,0.854222617788481,0.0634401423274753,13.4650173604438,2.51259160013887e-41,8.7075794665582e-40
"VPS26C",683.836063232081,0.477040937010108,0.0830472955141511,5.74420797277885,9.23522257894556e-09,5.41053140751554e-08
"DYRK1A",1934.31186622974,0.888526474303973,0.0637974342114907,13.927307348419,4.32350171762136e-44,1.62659341238527e-42
"ETS2",934.630389554994,0.828445189832249,0.083126359917928,9.96609487832965,2.14497288364372e-23,3.65354974821771e-22
"PSMG1",414.83607013755,-0.694833617050997,0.105644312234017,-6.57710389094911,4.79699620224492e-11,3.48715887699297e-10
"HMGN1",2132.55950428432,-0.1761975664283,0.0717049054499407,-2.45725958806693,0.0140001481848656,0.0325628123953875
"B3GALT5",269.914201639341,1.36775738093622,0.139459389535905,9.80756753265495,1.04456128884635e-22,1.71439335030056e-21
"BACE2",288.136012677706,0.391439234309271,0.116936458210872,3.34745245664433,0.000815579760873459,0.00244714666511832
"PLAC4",116.996749090646,0.696944098526695,0.1752631262472,3.97655863757496,6.99197638254002e-05,0.000250749913266269
"RIPK4",238.50365582425,1.0249728690297,0.1327117877831,7.72329938546891,1.13356500069847e-14,1.11445580346902e-13
"C2CD2",603.337030448532,0.627285178661021,0.0915516355798292,6.85170914411523,7.2972811373812e-12,5.72504585880481e-11
"UBASH3A",5.20262139071323,3.66376557327304,1.1288748130481,3.24550209724356,0.00117243700900464,0.00342106336451952
"SLC37A1",247.458713489363,0.978363725645435,0.123506415406813,7.92156198868567,2.3454527467207e-15,2.41528022563736e-14
"PDE9A",232.758922788614,0.945455456249685,0.130397471631324,7.25056586160501,4.15033999471453e-13,3.61494814136058e-12
"WDR4",156.136240421403,-1.21643486386884,0.163694750066392,-7.43111714563521,1.07684288001582e-13,9.81081169907232e-13
"NDUFV3",370.82494447152,-0.735695743600709,0.11360831617929,-6.47572086571268,9.43603479950311e-11,6.65284753997831e-10
"SIK1",19.1625503023346,0.971650662242654,0.408338121433777,2.37952474001434,0.0173349793338612,0.0392849173258945
"PDXK",1681.26458728533,0.719232841142869,0.0747374521375021,9.6234594647356,6.36535522682722e-22,9.91443963203573e-21
"RRP1",258.962923739761,-0.443240670530846,0.122918591555411,-3.60596932426642,0.000310989875344431,0.00100480816421219
"TRAPPC10",482.394650501161,-0.331217928076529,0.0945281684265592,-3.50390718015295,0.000458485134890134,0.00143793258194485
"PFKL",946.76228892135,0.574075043513609,0.0799053520454985,7.18443794837081,6.74842223099044e-13,5.77461144466661e-12
"CFAP410",138.749645331444,1.39394423321018,0.172134821428315,8.09797937246933,5.58795409197442e-16,6.04082307687289e-15
"LRRC3",130.50303923228,-0.505298086241283,0.167327807770121,-3.01980939674699,0.00252933805864756,0.00692092334571631
"SUMO3",116.14223823453,-1.25692839214843,0.184207272294094,-6.82344609143169,8.88821043198095e-12,6.90704787385635e-11
"PTTG1IP",1652.93027655522,0.499376909879076,0.0694629477229782,7.18911198342196,6.52140714099051e-13,5.59629895656143e-12
"LINC01547",26.3264887007526,-1.7245122272111,0.403758534601138,-4.27114742952666,1.94469788130235e-05,7.61690948031941e-05
"ADARB1",223.245655155734,0.366248675162502,0.135162040987203,2.70970068583959,0.0067343950598834,0.0169002274577578
"POFUT2",290.29649183566,0.747948240834488,0.115237602383197,6.49048769990331,8.5558951415605e-11,6.04887353260344e-10
"COL18A1",562.735677999296,0.375233353120479,0.0971549091759277,3.8622171159772,0.000112362638085202,0.000389626149881359
"SLC19A1",240.741287831412,-0.540621824469079,0.134890769152482,-4.00784892743813,6.1274293632653e-05,0.000221820820721985
"LINC01694",15.0478042106816,-2.16204947239597,0.55768159985032,-3.87685280091052,0.000105816331841983,0.000368699945112988
"PCBP3",22.1116084106089,0.965098806640733,0.398198200364841,2.42366441072933,0.0153647965920505,0.0352638585230175
"COL6A1",1445.14226633629,0.52319716138278,0.0762839985853271,6.85854400772608,6.95659023735839e-12,5.46966460154605e-11
"COL6A2",1019.30231979715,0.404283544654127,0.0789785525207412,5.11890293947784,3.07318060819849e-07,1.52022475268583e-06
"LSS",1681.63352663434,0.325866867740802,0.0708014359900801,4.60254602444022,4.17357295190383e-06,1.79717940660117e-05
"C21orf58",76.0238521783526,-2.1276065620141,0.248973259857339,-8.54552237149167,1.27956171417708e-17,1.53829097072616e-16
"PCNT",951.23924154408,-0.187071571898682,0.0769705701599883,-2.43042985792935,0.0150809247938313,0.0347048072672243
"DIP2A",691.888775118004,0.290096864358585,0.0931368582262681,3.11473749365497,0.00184108677811687,0.00517601011364183
"PRMT2",826.266237746304,0.688203299351125,0.0788686484742019,8.7259425977895,2.63972565081534e-18,3.3242834348947e-17
"HDHD5",384.988439939906,0.276408994542592,0.109555093883567,2.52301362487403,0.011635389276709,0.0275860215965757
"MICAL3",627.901089025369,-0.458938446920304,0.0871102074505601,-5.26848070222743,1.37557500155709e-07,7.07960591383129e-07
"USP18",96.1430515793363,-0.52026920908795,0.19589550756054,-2.65585063979666,0.00791086436892702,0.0195531047582545
"PI4KAP1",58.9546689193496,0.799475433631727,0.236223822516526,3.38439800488706,0.000713345166065705,0.00216053667860001
"PRODH",27.120099841951,-1.2443970945962,0.378857124110419,-3.28460787828163,0.00102124393763132,0.00301307089064408
"DGCR5",45.577039966295,1.1277704112272,0.283523434214184,3.97769734397068,6.95858645569975e-05,0.000249652969377195
"DGCR11",38.9153344193975,-1.00917492404189,0.305372609944257,-3.30473294322666,0.000950669379154478,0.00282194249411017
"CLTCL1",114.044043242061,-0.583355654575796,0.184126427069976,-3.16823426087606,0.00153367885799858,0.0043773244694318
"MRPL40",191.147076254962,-0.805916457497402,0.16010165165216,-5.03377978416083,4.80902086637782e-07,2.31720227360948e-06
"C22orf39",160.629018008682,-0.432416378327848,0.165201174231528,-2.61751395133439,0.0088572867486339,0.021628342072782
"CDC45",245.704285606749,-1.56252335134775,0.141842351807645,-11.0159154260691,3.20264322263701e-28,6.83825041648597e-27
"COMT",327.296842686126,0.34911673840091,0.113695331677889,3.07063388838159,0.00213604892776591,0.00592941123340563
"TANGO2",156.875170574675,-0.534707577047476,0.159792015905414,-3.34627217772874,0.000819059549710952,0.0024559521040501
"DGCR8",611.396882648973,-0.482074777526733,0.0918553384912178,-5.24819553708165,1.53596223811567e-07,7.85236184200923e-07
"TRMT2A",222.02754487019,-0.825513123712405,0.135510247568318,-6.09188706039532,1.11587401139178e-09,7.12585597423502e-09
"RANBP1",1258.4178362299,-0.831754638554063,0.0960645839361584,-8.65828596214836,4.78910868267497e-18,5.91126901167709e-17
"RTN4R",134.978276841431,0.690291155832469,0.160097910937069,4.31168121927467,1.62017907324274e-05,6.43394602884692e-05
"DGCR6L",163.565112208277,-0.494901971280214,0.153918702037081,-3.2153465740699,0.00130287119796567,0.00376870655835304
"ZNF74",166.587855265708,0.571448433397573,0.147362924743574,3.87783042710335,0.000105392132763231,0.00036729290746977
"KLHL22",87.1926556439103,-0.718561486413363,0.204733795603133,-3.50973557783426,0.000448552518291914,0.00140849711311005
"MED15",636.710256398673,0.908750775291279,0.0861374633719874,10.5500062309336,5.07937262719383e-26,9.7585686689403e-25
"PI4KA",1050.98355890397,0.174926479658067,0.0733059765966108,2.38625126871517,0.017021117038184,0.0386465352331
"CRKL",2852.89742703521,1.2774728266874,0.0592501612840985,21.5606641231244,4.20529411298109e-103,5.15534729319948e-101
"AIFM3",34.0472894128577,0.984509215453258,0.327409197222827,3.00696872233318,0.00263866911009499,0.00719189959612175
"THAP7",113.671948468373,-0.627098656395958,0.187247114574789,-3.34904309644507,0.000810911812092878,0.0024347620402742
"HIC2",207.409023073328,0.523517873373926,0.14692575383432,3.56314573661653,0.000366437107214971,0.00116794536772568
"PI4KAP2",105.068914324792,0.589508175082908,0.194527684461975,3.03045901519555,0.00244182324925448,0.00669569336196211
"UBE2L3",788.286467449908,-0.311357657305539,0.0917187326325261,-3.39470082467235,0.000687036317690988,0.00208852645685146
"YDJC",183.730896941128,-0.563843894203706,0.155200401427833,-3.63300538540095,0.000280139169110115,0.00091142588310767
"SDF2L1",117.071502943633,-2.0931683694931,0.211153046779096,-9.91303891382123,3.65360781059582e-23,6.12480617253463e-22
"LOC107985532",25.2359221084632,-0.881254381228582,0.377956862286758,-2.33162688433996,0.0197203282499778,0.044015362322622
"PPIL2",383.799575683901,-0.88571108906517,0.109063665121573,-8.12104643721507,4.62181135200977e-16,5.03260799846333e-15
"PPM1F",339.103647867808,0.292201857129468,0.111792595968073,2.61378541753266,0.00895452563996124,0.0218332440208012
"ZNF280A",18.5381537228719,-1.95610231238232,0.491447014280156,-3.98029137535308,6.8830848897019e-05,0.000247190260656273
"PRAME",405.110964883776,-0.343565436652542,0.101117984227714,-3.3976689634046,0.000679626047195288,0.00206814268769103
"RAB36",109.819471101798,-0.467645785501561,0.183174877147922,-2.55300176958174,0.0106798953629752,0.0255934035021511
"GUSBP11",265.230632052893,0.391097571795031,0.131149484805033,2.98207478570302,0.00286302052292789,0.00775857035243361
"ZNF70",146.192913563721,-0.391972029105152,0.161975502416661,-2.41994637001868,0.015522796253934,0.0355853340913555
"C22orf15",11.9101504908238,-1.4554149282097,0.582144324701692,-2.50009296054806,0.0124160721493709,0.0292445479288737
"CHCHD10",110.746469262992,-0.858866699567031,0.195840250923225,-4.38554738118535,1.15694470198274e-05,4.68418343617859e-05
"SMARCB1",872.480685898977,0.298884290998817,0.0973547666708699,3.07005297449137,0.00214020806188697,0.0059391268067855
"SLC2A11",96.1355132877788,-0.506225703420492,0.191688480058048,-2.64087702749375,0.00826917277353656,0.0203260444084373
"MIF-AS1",33.0285414331186,1.04445971084274,0.324933384407766,3.2143810422755,0.00130726068946705,0.00378019012915368
"GSTT2",28.6436015010986,0.977208770671581,0.345683337317266,2.82689000359512,0.00470024700179053,0.0121664968714834
"CABIN1",1088.65393273676,0.509891161363872,0.0731923037174092,6.96645870490057,3.25018238819292e-12,2.62534902813198e-11
"ADORA2A-AS1",19.5521967458783,1.88799813141222,0.448802598524171,4.20674509822506,2.59075078776609e-05,9.94206131736218e-05
"SNRPD3",1061.09636820302,-0.906024540898131,0.0860316666272669,-10.5312912839814,6.19783681131355e-26,1.18191764208129e-24
"SGSM1",158.903408562983,0.344263740250605,0.148783500216811,2.31385697842123,0.0206755686719291,0.0458916643720698
"KIAA1671",1325.88427530582,0.309358137514705,0.0703639949359154,4.39654027313906,1.09989960723903e-05,4.46928767126373e-05
"CRYBB3",19.9298386648066,1.52165475760916,0.42000190166859,3.62297111409236,0.000291238357018227,0.00094531816135185
"CRYBB2P1",108.977782195183,0.412445742851656,0.17980271850242,2.29387934891599,0.021797429932794,0.0480385819761381
"GRK3",430.785194367013,-0.404351550842624,0.104110244186026,-3.88387861352166,0.000102803246120789,0.000358756254520281
"SRRD",269.438471767024,-0.30064068496394,0.12001201749513,-2.50508816732574,0.012242087262063,0.028861153133129
"LOC110091768",4.51911301987554,2.98838639634169,1.06268497409431,2.81210939195652,0.00492177615762041,0.0126997892520729
"CHEK2",414.276810086894,-0.760087758457985,0.104768660165452,-7.25491532732826,4.0191317807398e-13,3.50405291827344e-12
"XBP1",1234.88550297879,0.494869408929533,0.0794455329805125,6.22904007769602,4.69301735756451e-10,3.0877278496046e-09
"ZNRF3-AS1",16.5811576068468,-1.1770496913186,0.473147697264578,-2.48770034837643,0.0128572012450627,0.0301495931863728
"KREMEN1",487.078040672038,-0.536733046417878,0.100377946738548,-5.34712119401979,8.93641817160952e-08,4.71437915311988e-07
"EWSR1",2124.71095920975,-0.742452256557535,0.0692482434749098,-10.721604177968,8.05932344362481e-27,1.60660473205268e-25
"RASL10A",8.35269075147633,1.69471555070056,0.670777455627995,2.52649449751399,0.0115207193125134,0.0273645555200743
"AP1B1",812.474136688282,-0.331235597487588,0.0918047932675436,-3.60804251824062,0.000308515938811259,0.000997267396110798
"NIPSNAP1",906.571291609112,-0.630747908949271,0.0807667828844074,-7.80949650863265,5.74168887801988e-15,5.74200750670346e-14
"UQCR10",436.582635800704,-0.293003475421226,0.117455209682005,-2.49459752542689,0.0126100068783988,0.0296432212308407
"MTMR3",997.599327113711,0.920167751793087,0.082020201076818,11.2187941472038,3.29735810275265e-29,7.4556700589342e-28
"LIF",957.803048891666,1.05381677944719,0.0821811963098771,12.8230888179531,1.21751824241927e-37,3.77640210785501e-36
"SF3A1",2084.62369978135,0.289763029417459,0.0665423819271519,4.35456352816886,1.33332310892853e-05,5.35498456563427e-05
"KIAA1656",61.1631471539527,0.633605699061897,0.233614775722583,2.71218161223801,0.00668419598308585,0.0167859386581926
"SEC14L2",478.530080094978,1.44545544450453,0.0993781567011287,14.5450015625829,6.28294126175935e-48,2.59095845487792e-46
"MTFP1",179.327730168042,0.476032885490326,0.144150413798203,3.30233450565551,0.000958836498696818,0.00284431152971446
"GAL3ST1",22.1996171210349,2.35942186485859,0.436436311949447,5.40610806263959,6.44089456350597e-08,3.45656226709175e-07
"OSBP2",228.72020159432,0.457258273761956,0.127264548998508,3.59297445643967,0.000326924646736935,0.00105243105731445
"MORC2",321.213852778724,-1.05867179136552,0.118742173395046,-8.91571849408042,4.84663344561837e-19,6.39393713934763e-18
"TUG1",1268.69760944664,-0.642319155106589,0.0718908165590206,-8.93464820474338,4.08475782820695e-19,5.41260447221451e-18
"LINC01521",53.3981428443231,-1.71137872945626,0.289383886666165,-5.91387015072653,3.34161355988236e-09,2.04757626530568e-08
"DRG1",781.154923821507,0.221014333229057,0.0893720675720721,2.47296878357239,0.0133995846770074,0.0312739120614543
"PRR14L",2421.23653569174,0.45442616328697,0.0599554651046054,7.57939518097516,3.47169552019573e-14,3.28762086019166e-13
"FBXO7",1177.27385549629,0.328581056406062,0.0758224147498037,4.3335609593852,1.46716630087645e-05,5.86508516151165e-05
"HMGXB4",811.50039144904,0.418137543348153,0.0851785249915603,4.90895496710683,9.1562998706709e-07,4.267020428481e-06
"HMOX1",787.866733253471,3.05391968688049,0.111754796467629,27.32696746278,2.02866887168935e-164,5.45651369204684e-162
"MCM5",952.812934525967,-1.45877379957169,0.0886564768944727,-16.45422704207,7.8213961796604e-61,4.31037861020367e-59
"RASD2",29.4713728702435,-0.797383006758698,0.344943496478282,-2.31163368754483,0.0207978785500965,0.0461177026395088
"APOL6",136.681175745693,-0.887967578358822,0.170074050174278,-5.22106445662289,1.77897603828071e-07,9.03322828567389e-07
"APOL3",28.1310157719087,-1.65720695875619,0.392400889551731,-4.22324975014543,2.4080472121639e-05,9.30832664315865e-05
"APOL2",260.909195875559,-0.616081563497838,0.126302205491398,-4.87783693959166,1.07255531950315e-06,4.95222121772133e-06
"APOL1",21.1504017854711,-1.99815973614256,0.4535442364958,-4.40565566785912,1.05464381136534e-05,4.29896768256384e-05
"MYH9",6398.40525204134,0.470690336446731,0.0833343446207927,5.64821549372682,1.62121878929693e-08,9.27786084532229e-08
"TXN2",459.493024907306,-0.307361908651082,0.103446103212735,-2.97122751950355,0.00296611950374761,0.00801145677113843
"FOXRED2",197.488185766362,-2.03734075540717,0.157444354615409,-12.9400686381154,2.67390501306481e-38,8.4835285634579e-37
"TST",176.654218236109,-0.548755574025097,0.149528925888315,-3.66989577946256,0.000242649378969897,0.00079795336832418
"KCTD17",84.6722473754421,-0.585405177584231,0.204531196959271,-2.86218037290813,0.00420737389777295,0.0110029146730179
"C1QTNF6",118.542734771382,-0.536848231828192,0.179314588325248,-2.99389044049464,0.00275444832993569,0.00749025401445165
"RAC2",644.628771101917,0.872656610807306,0.0914673355696826,9.54063661494206,1.41958175059098e-21,2.16066577089528e-20
"CYTH4",78.6525420756169,0.822415499031981,0.21174412344146,3.8840062508717,0.000102749264017685,0.000358637320717162
"ELFN2",635.498907541434,-0.375871435967279,0.0916929447195177,-4.09924053717594,4.1450806938947e-05,0.000153763892928523
"MFNG",27.5032487207635,1.23097437221441,0.353343138865926,3.48379305217385,0.000494361580597641,0.00154213087137789
"CDC42EP1",633.319631185358,0.437565086445553,0.106296243978104,4.11646799613811,3.8472272310195e-05,0.000143571923649208
"PDXP",361.923840493854,0.317774798459786,0.112867311607009,2.81547238022503,0.00487055833573874,0.0125766344416604
"LGALS1",4151.5561989131,0.461224732001774,0.0743422612833578,6.20407187028925,5.50206389471029e-10,3.59509403359587e-09
"NOL12",134.629919229644,-0.616158777977114,0.171693763451571,-3.58870797395569,0.000332320832396207,0.00106865698083727
"TRIOBP",1727.48970497593,0.291998985491549,0.0673330848005269,4.33663460327996,1.44680841144884e-05,5.79141145773423e-05
"H1-0",3432.04540487378,-1.23261066214837,0.223633390120954,-5.51174697786276,3.55289429170162e-08,1.96040134815539e-07
"GCAT",372.15334691713,0.389653426207841,0.126028126075652,3.09179734985458,0.00198948616294523,0.00555680876355176
"GALR3",6.9218341005264,1.9564638110394,0.731996753163294,2.67277662446537,0.00752263234788522,0.0186960912344835
"EIF3L",4457.22772550291,0.428884733021561,0.0675065682904858,6.35322967649663,2.10840546635805e-10,1.44141027728522e-09
"MICALL1",443.658709962818,0.462355926952923,0.113206239547977,4.08419119651947,4.42306022274785e-05,0.000163135424220505
"C22orf23",125.019455449504,0.528675976403239,0.165225338994707,3.19972698872887,0.0013755782105167,0.00396375038882658
"POLR2F",241.802007214228,-0.612017100388387,0.136126740177522,-4.49593591670717,6.92645967189127e-06,2.89999779547808e-05
"MAFF",314.50124637134,0.938281817092599,0.114925939182623,8.1642301447859,3.23491632555316e-16,3.55682898735775e-15
"TMEM184B",1075.62695957317,0.610280492747771,0.0758093898545762,8.05019660385686,8.26611426279244e-16,8.79879770406276e-15
"KDELR3",561.339616682504,0.43090922402102,0.0924706837570817,4.65995498803717,3.16278539964547e-06,1.38542916108437e-05
"CBY1",139.856095773484,-0.38160240183076,0.161673050398685,-2.36033402530434,0.0182584866110047,0.0411603936973874
"JOSD1",1392.98895122494,0.574984743413004,0.0731072683128676,7.86494635461302,3.69255653964592e-15,3.74260750286609e-14
"CBX6",1539.05886234874,-0.780371248663509,0.0713821922537645,-10.932295913374,8.07783589795336e-28,1.68679815431075e-26
"APOBEC3B",113.329393599298,-1.68716684699155,0.201545334897312,-8.3711530601845,5.70571401423778e-17,6.59119693913968e-16
"APOBEC3D",48.2921959191495,0.717145496336765,0.262202855450502,2.73507889570694,0.00623653262271021,0.0157671933773654
"APOBEC3F",316.979525875431,0.53635280778059,0.121745103992442,4.40553903353589,1.05521147764625e-05,4.30030891873882e-05
"APOBEC3H",8.53275667248558,-1.60945494754927,0.681771584048531,-2.36069526100211,0.0182407128258142,0.0411254705159511
"CBX7",154.320138881751,-1.2226883191118,0.164864026726134,-7.41634390104325,1.20397631243724e-13,1.09181537019226e-12
"PDGFB",522.409166333105,1.16240385576098,0.0972913901190548,11.9476538914549,6.6783987440715e-33,1.77771674692633e-31
"RPL3",17372.787746535,0.635636534831984,0.0679217191195494,9.35836935624667,8.09767289140845e-21,1.18834009101036e-19
"ATF4",2354.52015297993,0.299096589227379,0.0779075306038649,3.83912295652381,0.000123474587667979,0.000425618887598441
"FAM83F",568.831505648536,0.42173954517451,0.0916105810959288,4.60361172398733,4.15226279018765e-06,1.78917683730768e-05
"ADSL",819.371182661297,-0.536764596462093,0.0864082402142889,-6.21196074738866,5.23275003114084e-10,3.42906866586142e-09
"SLC25A17",212.447403482475,-0.398370858919694,0.135355574643062,-2.94314334647992,0.00324897941594986,0.00869466261580523
"ST13",3578.42850868913,0.197108775096894,0.0620214228907336,3.17807566982381,0.00148256052533146,0.0042475712602541
"XPNPEP3",832.995203860542,-0.33858392901764,0.0804330553910119,-4.209512213252,2.55922608913145e-05,9.83155262251926e-05
"RBX1",582.126218117295,0.246837061084597,0.093468785184581,2.6408502110854,0.00826982729053118,0.0203260444084373
"EP300",1577.33152844421,0.591106459046716,0.0711936174590108,8.30280129236362,1.0168486606428e-16,1.15758873742539e-15
"EP300-AS1",14.7808659903647,-1.53341584279884,0.521261743812966,-2.94173869653677,0.00326375200089339,0.00873289900639938
"L3MBTL2",226.643946813965,-0.719745689675973,0.138480887684285,-5.1974370016813,2.02054982383563e-07,1.02052489841205e-06
"RANGAP1",1133.78827099065,-0.809228851088772,0.0819175299010151,-9.87857973826362,5.15584496611483e-23,8.55556925730713e-22
"ZC3H7B",828.459518759795,-0.249735740844319,0.0792883081973265,-3.14971710864099,0.00163428627336149,0.00464095066691575
"TOB2",1220.97642179808,0.481796622661735,0.0786080640916651,6.12909919903269,8.83780129252249e-10,5.67186670557506e-09
"PHF5A",291.312043612043,-0.781807371143132,0.1288293344518,-6.06855088144258,1.29069526192386e-09,8.19577847608521e-09
"ACO2",1056.19169979638,0.27773563806991,0.0853979370195905,3.2522523115072,0.00114494336722508,0.00334734335184348
"POLR3H",445.471701380414,-0.485405273800908,0.107490798654994,-4.51578441945418,6.30828152150709e-06,2.65239247081379e-05
"DESI1",412.694855674699,-0.53550751603236,0.105030600307282,-5.09858569279482,3.42200611661093e-07,1.68307784463553e-06
"XRCC6",5398.59422991118,-0.379522293630582,0.0765664255622718,-4.95677172916887,7.16741020145957e-07,3.38568543225434e-06
"SNU13",1192.51431972874,-0.357959264781762,0.0821460134486109,-4.35759752365458,1.31497910745926e-05,5.28720180623009e-05
"C22orf46",154.928117773001,-0.701216267845872,0.162189686415148,-4.32343315623045,1.53619697449644e-05,6.12473576933636e-05
"SREBF2",3681.82137995035,0.423102584163597,0.0610506712781915,6.93035105602086,4.19797549603974e-12,3.36828657231221e-11
"SHISA8",42.0792926269528,-1.31960830209928,0.301786798092576,-4.37265085961274,1.2274694121913e-05,4.94931787203421e-05
"TNFRSF13C",21.4718828288316,-2.64842139932676,0.522883459226627,-5.06503189686649,4.0833197393954e-07,1.98879743307147e-06
"CENPM",122.304780223879,-2.45760598674784,0.210454791081822,-11.6775958110279,1.65922242003843e-31,4.18779372990372e-30
"SMIM45",10.3630268514813,-1.79166708929167,0.628256281065606,-2.8518092747959,0.00434711748499429,0.0113256331064164
"SEPTIN3",379.377023196282,-0.40658843649891,0.107566199225911,-3.7798903319526,0.000156897450097435,0.000531775239459445
"NAGA",301.13258893475,-0.732597745356238,0.130883595457232,-5.59732289441592,2.17687044912309e-08,1.22860577399459e-07
"NDUFA6",284.143291156794,-0.603544078524072,0.146691461710046,-4.11437769784483,3.88225325014114e-05,0.000144759126465536
"TCF20",1866.67846187364,0.224631559837282,0.0624175725003476,3.59885126638064,0.000319625915506292,0.00103096091343098
"LINC01315",27.7102649309821,-0.886535807192876,0.364526309537909,-2.43202145907298,0.0150148177131734,0.0345659210537938
"RRP7A",370.565056686517,-0.876222562396294,0.123183918416125,-7.11312461612355,1.13444759470019e-12,9.54429509994963e-12
"SERHL2",37.5405917898628,-0.82675571390353,0.314534902112399,-2.628502300861,0.00857617753010485,0.0210073800829169
"RRP7BP",104.535418645148,-0.739598675873203,0.18856827407074,-3.92217980207926,8.77514675922124e-05,0.000309768696861755
"POLDIP3",1111.18844241844,0.207824589493236,0.0785945785678869,2.64426113454791,0.00818694680393995,0.0201283084930041
"RNU12",26.0381511305807,-1.50942765236653,0.41203879842304,-3.66331437268391,0.000248972661820265,0.000816809819527217
"ARFGAP3",438.196132736149,0.432331237167487,0.0975829640491326,4.43039665150784,9.4059917398259e-06,3.8620500602279e-05
"PACSIN2",834.193697945728,0.501770758982697,0.0830098063748496,6.04471665331729,1.49672805035661e-09,9.4706938888611e-09
"BIK",257.693716611425,0.554230759654938,0.120605673592852,4.59539541668616,4.3192939241639e-06,1.85461033612956e-05
"TTLL12",1094.79594107046,-0.412266022318891,0.0772381331647693,-5.33759692818337,9.41865539366763e-08,4.94705884142479e-07
"SCUBE1",95.9540122333112,1.06572106012744,0.196966706506052,5.41066599036979,6.27907906207594e-08,3.37273573107811e-07
"SULT4A1",71.6861913362636,0.57336430894385,0.234578066323416,2.44423665831291,0.0145159010727355,0.0336105683196411
"PNPLA3",228.879678842834,0.561417175312029,0.131347969804588,4.27427371848436,1.91761342542084e-05,7.52390845623969e-05
"PARVB",162.186531528958,-0.490401029635668,0.14941397789806,-3.2821629979643,0.00103014038981681,0.00303683297315373
"RTL6",531.375910222491,-0.701147654306042,0.0935191411670905,-7.49737054421087,6.51107262340387e-14,6.04202058426165e-13
"PRR5",97.0674038999057,0.464459071462947,0.18653863876242,2.48988131651637,0.0127785759135777,0.0299886334859465
"NUP50",1835.09178428733,-0.41844285187148,0.0711051744327545,-5.88484389792489,3.98429863492032e-09,2.42981542131638e-08
"KIAA0930",609.525732951921,-0.456013581916108,0.0907699760502412,-5.02383719550289,5.06491769302366e-07,2.43399684655945e-06
"FAM118A",248.044708153503,-0.386298431364322,0.129865523013164,-2.97460343901409,0.00293367528852558,0.0079309574519231
"RIBC2",46.7972328253331,-1.8140813216887,0.29845807366282,-6.07817808185061,1.21555718342725e-09,7.73228238706053e-09
"ATXN10",917.91767197885,-0.409441921228677,0.0828155923373761,-4.94401971503969,7.65279592873277e-07,3.59893098725713e-06
"WNT7B",140.058471504185,1.51352091742674,0.176730506454964,8.56400486699466,1.09013234543495e-17,1.31847483201901e-16
"MIRLET7BHG",135.590535947699,-0.516350249879217,0.171216012374946,-3.0157824768659,0.00256317066532878,0.00700392699922518
"PPARA",456.607291528391,0.708154540574647,0.103070228144585,6.87060224200983,6.39314235023147e-12,5.04867740111838e-11
"CDPF1",53.4265890847918,-0.628148350606047,0.265832799832546,-2.36294524604086,0.0181303480521481,0.0409124721071577
"PKDREJ",23.6269706975266,-1.19260599256846,0.390057364237013,-3.05751436048721,0.00223180947394412,0.00616862554140291
"GTSE1",483.563779575303,-1.13901551719552,0.102511887473291,-11.1110579004048,1.10838538490571e-28,2.42995292230972e-27
"CELSR1",822.929106662512,0.768418599783688,0.086118475471454,8.92280774336744,4.54613515522211e-19,6.00629777362593e-18
"TBC1D22A",506.003495010791,1.29315163300647,0.095810241434365,13.4970083954161,1.62855896867467e-41,5.6766462619896e-40
"LOC284930",98.1881985505253,1.90018783770677,0.212818456469125,8.9286797265276,4.31123037403362e-19,5.70849982148861e-18
"ZBED4",847.289682087348,0.373139325137973,0.0782608518561943,4.76789245565105,1.8616310741054e-06,8.34331101379095e-06
"ALG12",182.241734013972,-0.556868818806873,0.152650526547803,-3.64799802136606,0.000264291673176735,0.000862045292727228
"CRELD2",305.243263212694,-0.760836224520212,0.123583578457784,-6.1564508328274,7.43932560891145e-10,4.79656840065092e-09
"PANX2",106.322436671019,1.16899842030385,0.189171629096547,6.17956522279156,6.42783747041788e-10,4.16826408975893e-09
"TRABD",367.864141785375,-0.275532993531595,0.107999205574627,-2.55125018805072,0.0107337242489487,0.0256984781041988
"HDAC10",222.008635304969,0.371759883639923,0.128654020488192,2.88960952972351,0.00385720608227568,0.0101683310135591
"MAPK12",377.400356313433,-0.329097800631716,0.104025386706959,-3.16362967780923,0.00155814918906113,0.00444153852199788
"MAPK11",180.913550299319,-0.511081529761183,0.144221854927455,-3.5437176287759,0.000394527546712244,0.00125238346297364
"LMF2",261.019981236289,-0.52923410173602,0.124208978975667,-4.26083610138765,2.03663552323449e-05,7.95280796624242e-05
"NCAPH2",455.479066316993,-0.479515301405467,0.116894463568651,-4.10212157844287,4.09379054045429e-05,0.000152080394412547
"CHKB-DT",18.5446032431237,-1.85160947469406,0.473220903179326,-3.91278039971196,9.12394995815445e-05,0.000320887396947505
"MAPK8IP2",134.597881805764,-1.04430383948597,0.184612281970708,-5.65674086435735,1.54274420261443e-08,8.83718794510956e-08
"TRNT1",336.882363849169,-1.05568058306431,0.11664001943946,-9.05075794858081,1.41979356360592e-19,1.94423250833908e-18
"SETMAR",80.3105529677313,-0.752949889528988,0.232799906720212,-3.2343221272589,0.00121931845181103,0.00354751982888061
"SUMF1",205.243984076932,-0.610693460718783,0.138554217407924,-4.40761365582117,1.04515759411891e-05,4.26319262191417e-05
"BHLHE40",3195.19146958363,3.37028682974424,0.0714993584127753,47.1373017123751,0,0
"ARL8B",940.654578028697,0.194786821808976,0.0746579985650415,2.60905496467709,0.00907926576632831,0.0220925531157173
"EDEM1",1077.96025977636,1.30528958316471,0.086939078644237,15.0138419168908,5.95936046659287e-51,2.64516342286872e-49
"LMCD1",46.3108667991559,-1.0933721144792,0.288104212951211,-3.79505770942806,0.0001476091178804,0.000502562613512695
"OXTR",30.7864689181439,-1.4533105494772,0.355541035142739,-4.08760285263201,4.35853460541158e-05,0.000160920205130346
"RAD18",515.337616237601,-0.695100378514829,0.102767368282888,-6.76382386869561,1.34396456340455e-11,1.028432500939e-10
"THUMPD3-AS1",200.167937528288,0.384187409310838,0.155708870433916,2.46734439881438,0.0136119367086061,0.0317335978558591
"SETD5",2645.49019529823,0.402330167734024,0.0627816131980216,6.40840760916769,1.47047344446206e-10,1.02551865103138e-09
"OGG1",107.736269974566,-0.823616391417216,0.185017018038487,-4.4515709968144,8.52443392166757e-06,3.52336751610943e-05
"ARPC4",836.739439169079,-0.216843197135694,0.0854673575285187,-2.53714638437649,0.01117602113821,0.0266503589155022
"TTLL3",77.6067389605876,0.668168082417366,0.207109053054922,3.22616550344701,0.00125460785976542,0.00364313378034686
"RPUSD3",167.586208811336,-0.620748148211373,0.159251244400969,-3.89791709663775,9.70236181216658e-05,0.000339309649169521
"IL17RC",127.84006312763,0.537487595688253,0.168042678396002,3.19851838127474,0.00138135726649637,0.00397854622513224
"EMC3-AS1",150.231251505683,-0.729835459112835,0.164509276067386,-4.43643955258719,9.14590016925912e-06,3.76297413128353e-05
"FANCD2",785.673080874368,-1.20552336405803,0.0866836116491033,-13.9071658543486,5.7305542683107e-44,2.1469920679673e-42
"VHL",718.946806171064,-0.386235564037797,0.0932034069214907,-4.14400692844994,3.41289425201986e-05,0.000128518951792875
"IRAK2",137.426157789399,0.764304792286079,0.161844894667711,4.72245228281866,2.3301777169554e-06,1.03607531796825e-05
"SEC13",866.384226851635,0.394914187199599,0.081121227811041,4.86819785469087,1.12620546398979e-06,5.1760644393165e-06
"HRH1",301.366295223616,1.4592648496918,0.132473664344131,11.0155090592272,3.21712853212029e-28,6.86105009199286e-27
"VGLL4",429.007261678468,0.983170078241046,0.100316650668566,9.8006669051314,1.11844737624551e-22,1.83065759921166e-21
"PPARG",176.927732389729,0.890458726471979,0.148833447286419,5.98292079305504,2.19171363836416e-09,1.36337146969142e-08
"TSEN2",171.367301885914,-1.00935863615567,0.153204231874256,-6.58832085646376,4.44828541164351e-11,3.24151036810464e-10
"MKRN2",412.97557931113,-0.332034318107363,0.108527739351948,-3.05944194627143,0.00221749760422489,0.00613094880726246
"RAF1",1171.57593966843,0.46793897812101,0.0788461038872726,5.9348395805331,2.9413294832746e-09,1.81216063651595e-08
"TMEM40",100.944382755406,0.704248317630958,0.192011522168692,3.66773988184022,0.000244703938263082,0.00080382968855979
"RPL32",5740.43827301962,0.484972672658363,0.0803763016647468,6.03377690455585,1.60171156840387e-09,1.00924629979742e-08
"NUP210",1210.08349029358,-0.960635965005518,0.0725538809460033,-13.240311234632,5.13356498116338e-40,1.69746742248707e-38
"WNT7A",41.5267250334336,1.04272593477172,0.291994427442535,3.5710473788988,0.000355556564500889,0.0011378946632695
"CHCHD4",202.165760004377,-0.352032549838674,0.142793917247461,-2.46531894792551,0.0136891337529484,0.0318888158430562
"TMEM43",1189.7352777676,0.721394447883493,0.0703958136938786,10.2476896001306,1.21206050462462e-24,2.16262795582577e-23
"XPC",515.67709957931,-0.24493613768911,0.0939189021797884,-2.60795358553309,0.00910853041052979,0.0221577789589845
"LSM3",422.901966525377,-0.46650710686911,0.120539475546607,-3.87016041635866,0.000108763761777602,0.000378019624106878
"SLC6A6",1712.64628481044,1.66183769125085,0.0698624339417408,23.7872859201653,4.52197459728501e-125,7.68778341676162e-123
"GRIP2",20.792995405358,0.970765359435818,0.416690507122409,2.32970356377867,0.0198218240651074,0.0442254663213198
"C3orf20",27.3039065828838,1.70045000403885,0.375822640231854,4.52460767927607,6.05076407505557e-06,2.55305126191937e-05
"FGD5",1.90087880844967,4.73112844604184,1.62975184564253,2.90297474348103,0.00369636445650927,0.00977434833026465
"NR2C2",1269.81189209623,0.208508321355706,0.0721750739000502,2.8889242516669,0.00386562180649006,0.0101875359132432
"MRPS25",460.223215131604,-0.245124882673274,0.101083310916157,-2.42497876703495,0.0153092821203234,0.0351700223196737
"CAPN7",705.671315163204,0.195502671876969,0.0833678522032224,2.34506067639118,0.0190239833863029,0.0426884827050884
"SH3BP5-AS1",136.1826714407,0.618992146324819,0.173213970827673,3.57356940301681,0.000352147850058354,0.00112758642606638
"METTL6",182.753623412305,-0.350629948766012,0.14215976777819,-2.46644992634692,0.013645980651704,0.0318047358153593
"EAF1",1048.94232731798,0.446825336676664,0.074264709222704,6.01665772819134,1.78055002783917e-09,1.11802411329929e-08
"COLQ",37.4271805872647,-1.34652043837905,0.318225696889311,-4.231337857192,2.32305425803844e-05,9.00295930841091e-05
"DPH3",275.113622641514,-0.698691170455628,0.125331280521724,-5.57475490194582,2.47878608140942e-08,1.38943091673652e-07
"OXNAD1",196.675021705735,-0.406999283142706,0.143228388844015,-2.8416104267287,0.00448863040295408,0.0116538839492343
"RFTN1",131.01772720517,0.576182430299065,0.164377585531302,3.50523721611267,0.000456200611110239,0.00143151509887126
"PLCL2",130.693620818215,-0.483592034042505,0.167911790722987,-2.88003619019412,0.00397629525027195,0.0104426390412104
"TBC1D5",919.525369707941,-0.290217322832225,0.0824095613019698,-3.52164625374954,0.000428876020846303,0.00135212994605865
"SATB1",125.389185963554,0.3872271645689,0.166504244520628,2.3256293897116,0.0200383303143041,0.0446698108107464
"RAB5A",812.788329195036,0.495225737334666,0.0823710703449624,6.01213187179317,1.83099277213268e-09,1.14769811292532e-08
"SGO1",236.098547458268,-0.915811854330163,0.134599006334102,-6.80400159906778,1.01752408321584e-11,7.86649571155411e-11
"UBE2E2",231.823366215259,0.571348623386862,0.126476457168284,4.51743064423959,6.25945204022254e-06,2.63493541735226e-05
"UBE2E1",469.251936714548,0.441276009665957,0.104360414963211,4.22838496590411,2.35374807575016e-05,9.11407264140386e-05
"NKIRAS1",333.497189872952,0.41885649621593,0.108203906364406,3.87099237254261,0.000108393184020725,0.000376804315053528
"RPL15",9343.98173397312,0.333611408627818,0.061437426541518,5.43010063096265,5.63222840632892e-08,3.03978401049576e-07
"NR1D2",1082.22683978376,-0.232986747681243,0.0763001446582152,-3.05355577928328,0.00226146675810916,0.00624334355429673
"NGLY1",587.265420887525,1.17069886945383,0.21403794595509,5.46958561123299,4.5108899383308e-08,2.46037371606112e-07
"OXSM",141.801497891729,0.386118239275631,0.166493397508024,2.31912042792582,0.0203885074179582,0.045340206449997
"NEK10",58.1997069327169,1.04025599022873,0.247562556275624,4.201992441339,2.64575970136837e-05,0.000101337376362082
"SLC4A7",1564.87134906684,0.753082296365967,0.0851815418048779,8.8409094318934,9.49425983183689e-19,1.230906880788e-17
"AZI2",269.260968145507,0.445632367540347,0.118001005858005,3.77651329579846,0.000159039073644905,0.000538729914690757
"TGFBR2",760.32557104769,0.937156513878023,0.0859777922529582,10.8999834645763,1.15278235710635e-27,2.38237280474926e-26
"OSBPL10",933.054273586522,1.32258298789426,0.0771368276351256,17.1459344186459,6.74065466415727e-66,4.14584770316649e-64
"ZNF860",147.182136308967,0.799293895849073,0.155950842119351,5.12529387457469,2.97074014379098e-07,1.47237921153073e-06
"GPD1L",371.135516064,-0.411160732871981,0.104882739650557,-3.92019444039949,8.84775535815436e-05,0.000311965171804539
"DYNC1LI1",773.60950932482,0.327389509820499,0.0866022809462971,3.78037975724353,0.000156589331301909,0.000530830763617703
"TRIM71",1.48709135625162,4.37441104658287,1.75500830932979,2.49253010560013,0.012683657749755,0.0297930391434222
"TMPPE",98.6247784611422,-0.656998709609239,0.202457819635209,-3.24511402322236,0.0011740360316596,0.0034251745712381
"FBXL2",280.585212959395,0.3257498882616,0.124723882617205,2.61176834320795,0.00900752667848872,0.0219416921158482
"PDCD6IP",3008.27493646892,0.505085556898187,0.0640963212295249,7.88010212145417,3.27113621662099e-15,3.32482491594624e-14
"TRANK1",162.461130593513,-1.20976277592635,0.160368627857268,-7.543637381515,4.57040876362673e-14,4.28529325334638e-13
"EPM2AIP1",588.229129865428,-0.327837892238274,0.0890246818079069,-3.68255056441164,0.000230912048212694,0.000761718107421006
"MLH1",163.377814705439,-0.726497639039309,0.152737587065983,-4.75650855166032,1.9696989887137e-06,8.80355790565713e-06
"APRG1",155.168317772079,0.717168545356443,0.175559327299401,4.08504951795227,4.40674177481176e-05,0.00016256682399976
"ITGA9",47.3309018330184,0.906999560730493,0.277159501406475,3.27248229314827,0.0010660754997782,0.00313385097936605
"CTDSPL",537.063215772041,-0.826268267870545,0.094197801413442,-8.7716300749312,1.76098121634396e-18,2.24908876681322e-17
"OXSR1",1771.50130185432,1.39333844201788,0.0652296833149337,21.3604968046639,3.11480981650529e-101,3.69289392784486e-99
"SLC22A13",31.071973461202,2.60272194465879,0.39490096766014,6.59082189664003,4.37398347775603e-11,3.19382318689795e-10
"SLC22A14",32.5769985412857,3.31186055341239,0.410122293721255,8.07529998762598,6.7310956077633e-16,7.21171664372785e-15
"XYLB",154.60132713594,-0.770822742218873,0.157487163630177,-4.89451155542413,9.8550186425793e-07,4.57253581251085e-06
"ACVR2B",980.333987929238,0.301943595278473,0.08472160350593,3.56395043039216,0.000365314972021224,0.00116457475867583
"EXOG",197.026075950712,-0.491418796151864,0.143006932495328,-3.43632848825647,0.000589655564612728,0.00181551049545292
"SCN5A",300.7063219814,0.568895421413564,0.128603727354931,4.4236308940213,9.70557831235814e-06,3.97419283724168e-05
"CSRNP1",507.604463075633,2.08918890607214,0.11059736391061,18.8900425127739,1.3773480351112e-79,1.16531403477647e-77
"SLC25A38",383.891200478521,0.819634286720645,0.110667206153195,7.40629781135019,1.29874003629496e-13,1.17492942741323e-12
"RPSA",11011.048174211,0.285233572980794,0.0712464019815992,4.00348038704413,6.24173779655779e-05,0.000225686911781236
"EIF1B",341.990170267237,0.382588772854854,0.109814754937833,3.48394688010222,0.000494077538176764,0.0015415116543427
"ZNF619",141.91758635187,0.497456967669308,0.175777430374894,2.8300389111864,0.00465423433050047,0.0120560524464495
"ZNF620",163.338086135317,-1.08964181942694,0.157382601645266,-6.92352145685675,4.40552380038356e-12,3.52853086252054e-11
"ZNF621",1211.60714150358,1.24604900990484,0.0753334786602895,16.5404416743292,1.8764152876769e-61,1.06671545423424e-59
"SEC22C",628.984964214797,-0.406196582489908,0.0868582432210902,-4.67654614491763,2.91746972987638e-06,1.28202199468672e-05
"SS18L2",187.045157142603,-0.783166008999015,0.144358760889868,-5.42513668149657,5.79102088092212e-08,3.12174655384677e-07
"ZBTB47",134.920323148124,0.650313882046256,0.166539592697239,3.90486052904246,9.42797424668561e-05,0.00033041914410642
"HIGD1A",882.3491703427,-0.81376845995082,0.0784444834538193,-10.3738137357981,3.26238922871695e-25,5.98082566538231e-24
"TOPAZ1",4.56532771041263,4.99103902750781,1.37931102346437,3.6185015145982,0.00029631376586836,0.000960408340775848
"KIAA1143",468.879662302385,-1.24097535764529,0.106674470725152,-11.6332928507579,2.79118659996148e-31,6.98610746082026e-30
"KIF15",368.650834210359,-1.47571299907183,0.113394450785826,-13.0139789808505,1.01895124065301e-38,3.26735236793735e-37
"TMEM42",48.058025222882,-0.689730246773442,0.268301676619021,-2.57072656222285,0.0101485420786102,0.0244435815020897
"CDCP1",9300.81432133831,1.75965496678863,0.0541622995418103,32.4885572007568,1.54706179418459e-231,8.19988252735308e-229
"TMEM158",225.831799680119,2.34776279609284,0.148017164085294,15.8614226302832,1.17208469709202e-56,5.90003863862996e-55
"LARS2",520.26646986869,-0.436307331675895,0.0990093571910898,-4.40672825330857,1.04943712707765e-05,4.27871187037699e-05
"LIMD1",862.50529804831,0.468202391508867,0.0841442211698618,5.564284569985,2.63230091475455e-08,1.47136150076898e-07
"SLC6A20",120.818284482343,-0.706247831990582,0.174072258140142,-4.0572107212052,4.96622712484082e-05,0.000181866244699769
"LZTFL1",343.753784113816,-0.823899716753886,0.110795456513634,-7.43622295245024,1.03604920369097e-13,9.45827897655263e-13
"ALS2CL",179.213304398764,0.460612751645064,0.14204100578094,3.24281533429462,0.00118354895792736,0.00345125174284935
"PRSS50",1.47696300747208,4.36753995601709,1.73395347318151,2.51883341944775,0.0117744346787747,0.0278662966962577
"NBEAL2",588.591953722966,-0.241551835258958,0.0977707126487722,-2.47059501475355,0.0134888480421102,0.031462921378057
"KIF9",56.9387825320094,-0.945014120583484,0.249086363012144,-3.79392155056441,0.000148286541836922,0.000504773662720658
"KLHL18",419.821381899542,0.306250085440468,0.118057213306064,2.59408194437484,0.00948438787741511,0.0229975987538883
"SCAP",581.269917697534,-0.302826575425441,0.0922315106463888,-3.28333097119555,0.00102588144869961,0.00302576261653286
"ELP6",192.509416763094,-0.726174111478751,0.141952387599597,-5.11561745285369,3.12716281263754e-07,1.54565554159465e-06
"SMARCC1",3640.78604203069,0.219111326266991,0.0586002056173478,3.7390880110176,0.000184689063334526,0.000619445674735064
"MAP4",4686.01676370963,0.257188928359782,0.0607472113826774,4.23375694959261,2.29819321841316e-05,8.91044319901538e-05
"CDC25A",343.828403053127,-1.02418945169798,0.113688316299023,-9.00874852437918,2.08421204909087e-19,2.82190723791635e-18
"NME6",188.124182498872,0.393184477938985,0.141201505572789,2.78456292901423,0.00535999191281118,0.0137341695237836
"CCDC51",166.476246523623,-0.963401240560238,0.155675617226342,-6.18851723683559,6.07327678979994e-10,3.94828719440782e-09
"TMA7",476.369081740835,-0.825948412209317,0.129444422756389,-6.38071841661136,1.7625913876916e-10,1.21653234000729e-09
"ATRIP-TREX1",4.37485908401287,-2.55773205441024,1.08614476247797,-2.35487215219354,0.0185290794418298,0.0417182084734152
"SHISA5",770.2736446557,-0.392161045202526,0.0912418101512765,-4.29804104666856,1.72314258166972e-05,6.82028387091369e-05
"PFKFB4",2550.6055589472,4.19182628254362,0.0762270707571432,54.9913074306453,0,0
"COL7A1",164.973321124657,1.68258270787686,0.181427610902023,9.27412701689329,1.79079463620213e-20,2.59212129630511e-19
"UQCRC1",1399.98454405952,0.256955915313148,0.0860592879373325,2.98580108518049,0.00282836554626759,0.00767620113091691
"SLC26A6",518.143420236829,0.87231973220726,0.0979746765781903,8.9035224475693,5.41018257682127e-19,7.11137127767295e-18
"CELSR3",343.65031965041,0.677373741822834,0.123140438942389,5.50082286242088,3.78022848036917e-08,2.07883727326008e-07
"LINC02585",11.3561528259302,1.40757720276775,0.54553575358279,2.58017406471258,0.00987505260426121,0.0238294487120235
"NCKIPSD",532.673949532958,1.30190380550236,0.0948683216877022,13.7232722403175,7.36642775672636e-43,2.67103409665927e-41
"IP6K2",830.652455896654,0.247482473753025,0.079898278068029,3.09746942909467,0.00195180526517838,0.00545917781837337
"PRKAR2A",1684.67902675664,0.692876087118191,0.0651807942341795,10.6300651174769,2.15961637081289e-26,4.24410541095083e-25
"SLC25A20",87.4809150123389,-1.51803526194491,0.215389046053403,-7.0478758774415,1.81669575632705e-12,1.49559955343855e-11
"ARIH2",854.605750303533,-0.43826396024078,0.0786674309700654,-5.57109790972517,2.53139011440695e-08,1.41759419675971e-07
"WDR6",1139.21263821921,-0.21847313259865,0.0748503556760142,-2.91879885707289,0.00351382873882536,0.00934790488668021
"NDUFAF3",261.056025412209,-0.863016823225354,0.128856861946069,-6.69748440394701,2.12037850880909e-11,1.59346710205374e-10
"IMPDH2",4275.57379679935,0.723065194949322,0.0754107875035005,9.58835226214496,8.95029097345282e-22,1.376221788674e-20
"QRICH1",909.61806997056,-0.230952306371823,0.0858215365854235,-2.69107633772022,0.00712218956264712,0.0177916520804635
"QARS1",1718.4154468626,0.308693521120983,0.0760757865441931,4.05771054291578,4.95561351568851e-05,0.000181551354271646
"LAMB2",1431.22027413369,0.368784300069186,0.0711360693359504,5.18420969153565,2.16932757101145e-07,1.09199587031277e-06
"LAMB2P1",11.6043841210487,1.71242813356066,0.552533642881677,3.09922871778393,0.00194025173401739,0.00542770513795829
"CCDC71",153.262893416652,-0.926643164949367,0.166175812089586,-5.5762818505127,2.45713704219156e-08,1.3781533344953e-07
"RHOA",7852.37438380726,0.157065820094794,0.0564525219508303,2.78226400995153,0.00539811077311903,0.0138220168005652
"APEH",977.813618662751,-0.62940697979774,0.0892140113015191,-7.05502387590797,1.72571088997669e-12,1.42394853242994e-11
"MST1",119.70298461095,0.717404324578648,0.173362872576705,4.13816588243963,3.50093226193794e-05,0.00013157518309152
"RNF123",365.557638276834,0.269502994232056,0.104718698695092,2.57358998526867,0.0100649470099804,0.0242584472471389
"GMPPB",197.268031128636,-0.546578953698185,0.141745906424631,-3.85604753946676,0.000115235087146624,0.000398972431406209
"IP6K1",569.14275725636,0.671579792699999,0.102833281928309,6.530762999164,6.54354741309937e-11,4.67570451750451e-10
"TRAIP",128.859749160666,-1.38157237878136,0.187235321982106,-7.37880205591443,1.59720083927581e-13,1.431997827094e-12
"CAMKV",4.56573318874706,2.93955444646387,1.02483326717143,2.86832457593529,0.00412651962475018,0.0108055812492913
"RBM5",656.408152676784,-0.554621642227389,0.0944671501831641,-5.87105296552318,4.33035883900596e-09,2.62752177231402e-08
"GNAI2",2104.56222367435,0.342496214735163,0.0756773589779901,4.52574216860255,6.01839191419377e-06,2.54058188535221e-05
"SEMA3B",293.648417597777,0.791287779843413,0.116225355648533,6.80821990544198,9.88137441668277e-12,7.64258576665409e-11
"IFRD2",354.344958045172,-0.563789994602027,0.111824296438034,-5.04174864104282,4.61296969042084e-07,2.22869508823255e-06
"HYAL3",95.4266757630765,0.518857499290716,0.19599863430266,2.64725058486631,0.00811491961611188,0.0199861919368528
"NAA80",143.48187467515,1.23780325162898,0.159723922462261,7.74964221105603,9.21518251632487e-15,9.10953396196876e-14
"HYAL2",377.833419447931,-0.303533240861688,0.122427718660903,-2.4792852809943,0.0131645966025965,0.0307982857815646
"TUSC2",172.93944322471,-0.862076188404112,0.160703637667958,-5.364385031441,8.12254752561119e-08,4.31025998112601e-07
"NPRL2",234.018140034421,0.332055379072749,0.130398895104628,2.54645853253833,0.0108822139911771,0.02601251868086
"TMEM115",195.766461740967,-0.83765002027219,0.144930657514068,-5.77966066421028,7.48514436244744e-09,4.42116638989398e-08
"CACNA2D2",214.878733273028,0.477475086317402,0.137112158987493,3.48236866696086,0.00049699894219209,0.00154901728419987
"MAPKAPK3",862.451459656028,0.29669239161074,0.0840005403106893,3.53202956211205,0.000412383251765368,0.001304468769539
"MANF",778.34891899263,-0.394312186159699,0.087668440510861,-4.49776662915372,6.86710140450077e-06,2.87795428861647e-05
"RBM15B",524.068067264182,-0.67605674959311,0.0970086954140049,-6.9690324842314,3.1912801595479e-12,2.58008343450932e-11
"DCAF1",1094.89947286988,-0.324046289665816,0.0756081246432549,-4.28586598589474,1.82028701495897e-05,7.17170797913764e-05
"RAD54L2",713.766781945617,0.220758162075875,0.0824985046590985,2.67590501171015,0.00745277644124418,0.0185352586596276
"RRP9",299.446956409914,-0.763980257198462,0.12278902783264,-6.22189352488205,4.911903477212e-10,3.22585322750866e-09
"ABHD14B",336.752333711109,-0.524169544034939,0.130245627977936,-4.0244693981109,5.7103918644114e-05,0.000207473733444673
"RPL29",5198.51106664721,0.434497427106301,0.0733267396885225,5.92549769636506,3.11352949221646e-09,1.91171771649856e-08
"DUSP7",546.704501769358,1.04504799945616,0.103865337698647,10.061566472621,8.16880717709508e-24,1.40870884342996e-22
"POC1A",156.403129583358,-1.72125550117213,0.171371821852616,-10.0439820418812,9.76506677765379e-24,1.67756213918111e-22
"ALAS1",1342.60484816034,0.946028398618285,0.0738231833265331,12.8147873877754,1.35509290680048e-37,4.1887014191169e-36
"TLR9",12.1527732999156,2.51594350864032,0.609292119047959,4.12928943274626,3.6388608979754e-05,0.000136304120229505
"TWF2",652.709490837394,0.325652614920059,0.0959264896276006,3.39481426021411,0.00068675173914279,0.00208806362259022
"WDR82",2182.36219733252,0.218321727788628,0.0683470915880975,3.19430897080994,0.00140166015451456,0.004029241927661
"DNAH1",304.08560796216,1.2631472520077,0.124518961800146,10.1442160595192,3.51589899001786e-24,6.15743592799921e-23
"BAP1",765.950525600211,-0.246897622610552,0.087009418842162,-2.83759650272383,0.00454546038658664,0.0117946352234237
"SEMA3G",38.5321939047442,-0.855234704319487,0.312924463917747,-2.73303880946901,0.00627529376374144,0.0158474031553229
"NT5DC2",480.506267911334,-0.659181983841367,0.100296663684191,-6.5723221454002,4.95365417660873e-11,3.59234615358817e-10
"SPCS1",618.884212269798,-0.504510463549157,0.0890032605235819,-5.66844922962664,1.4409575422727e-08,8.27781188055347e-08
"RFT1",218.47042522273,-1.38404939319408,0.141129116387292,-9.80697271139936,1.0507350864524e-22,1.72295696023281e-21
"PRKCD",503.109259783969,0.237882344535585,0.100584637791389,2.36499678041242,0.0180302276741099,0.0407120326920354
"TKT",5269.83451153211,0.642976582673193,0.0675691102817723,9.51583615637226,1.80257345842775e-21,2.72976271380895e-20
"DCP1A",1404.30209841869,1.07097128351541,0.069680001247495,15.3698516696555,2.60765477805817e-53,1.21427769393763e-51
"CHDH",186.674242982493,-1.37115486988717,0.149508880937926,-9.17105968077212,4.68391672040971e-20,6.5790228541312e-19
"IL17RB",189.712595428609,-0.698303751929203,0.144208772514484,-4.84231118366302,1.28337567659831e-06,5.85659991592256e-06
"CCDC66",231.465672036462,-0.858794944623037,0.131555169355356,-6.52802127678665,6.66442316716813e-11,4.75641860972423e-10
"TASOR",833.394161251223,-0.751435587999948,0.082865908919528,-9.06809082043227,1.21120582294173e-19,1.6674667788566e-18
"ARHGEF3",468.482605739008,0.647644707091917,0.094425142255042,6.85881632396837,6.94334428710723e-12,5.46163279781577e-11
"IL17RD",401.203059195846,0.402983222602949,0.103102288737731,3.9085768855049,9.28414014931738e-05,0.000325948742705725
"APPL1",1017.00319151397,0.300748025181312,0.0770394729345934,3.90381727347289,9.46872807613493e-05,0.0003317184071929
"ASB14",44.7014442469854,1.00807400057209,0.301989403369724,3.3381105075992,0.000843501953623693,0.00252504131333099
"PDE12",748.903389729579,-0.805742386581281,0.0838091589841647,-9.61401350815991,6.97749576532919e-22,1.08491329755822e-20
"SLMAP",1788.75397555413,0.679186482776417,0.0659803649730125,10.2937666842889,7.51767354740241e-25,1.35747489977694e-23
"FLNB",5126.12132783209,1.28735103239055,0.0564674954754766,22.7980897957416,4.78963208391083e-115,7.13338510612868e-113
"FLNB-AS1",60.1759635603138,1.14917381941329,0.249492513821053,4.60604529496035,4.10399033533783e-06,1.77060114515497e-05
"PDHB",486.313136917155,-0.379240499170002,0.104209237702919,-3.63922150789691,0.000273463500112567,0.000890349726382757
"KCTD6",168.394862296069,0.77513874884144,0.149571264832933,5.18240418510368,2.19043897836906e-07,1.10139232224299e-06
"FHIT",48.9660992750126,-1.03121141529018,0.272033903020956,-3.79074594687831,0.000150195522986027,0.000510885904064024
"PTPRG",876.372432278439,-0.238706312693385,0.0892172048918738,-2.675563676117,0.00746036997964424,0.0185515837454352
"ATXN7",1152.09009682179,0.684140705900552,0.0849979574456968,8.0489076027225,8.35362816157847e-16,8.88670207200742e-15
"PSMD6-AS2",116.123193696597,1.30133588990403,0.180911773469377,7.19320730181392,6.32867405494279e-13,5.43608365796587e-12
"PSMD6",762.917695024263,-0.313210990431422,0.084901449042825,-3.68911242343386,0.000225037767886243,0.000743838153902784
"EOGT",334.64588156484,0.263974122915508,0.109735108625481,2.4055575851885,0.016147806808246,0.0368167543637906
"TMF1",1128.01556850836,0.829726652291896,0.0728743251314838,11.3857198786384,4.92597555667887e-30,1.16040530074392e-28
"UBA3",491.576637815429,-0.349400203545014,0.0950940227084245,-3.6742604171488,0.000238539349342226,0.000785153902191096
"ARL6IP5",461.251718894524,-0.347362267098113,0.100127880649374,-3.46918625307272,0.000522037409702798,0.00162060915766652
"FOXP1",95.1749614415875,-0.628105164691513,0.196972455745528,-3.18879694277139,0.00142866194120962,0.00410097432980863
"RYBP",1316.56380724125,1.48435630941603,0.0694888922600779,21.3610587410214,3.0775644025738e-101,3.67289987409155e-99
"PPP4R2",1789.34288286111,0.523823300485772,0.0641387204908319,8.1670369548555,3.16056104514758e-16,3.47932013406259e-15
"FAM86DP",77.2388596020085,-0.994520871242137,0.217020632352133,-4.58260977522381,4.59208499579593e-06,1.96471898644915e-05
"GBE1",1548.96517543422,2.3017906822125,0.082335042549168,27.956391482253,5.51246015910926e-172,1.6285253201198e-169
"LINC02008",43.7424383881907,-0.725523355436932,0.282844685106166,-2.56509453293989,0.0103147698305926,0.0248174188407356
"VGLL3",7.32454423140333,2.06558808050151,0.720313129050321,2.86762519964731,0.00413565137826364,0.0108247746532591
"CHMP2B",907.979623671548,0.550801494037679,0.0763880820585647,7.21056844463503,5.57187810946443e-13,4.80894709821162e-12
"CGGBP1",1172.71274565822,-0.219789652963296,0.0722818118787782,-3.04073247820488,0.00236003419308019,0.00649018406737343
"ZNF654",959.648503269329,1.8535910147471,0.0819991112590134,22.6050134725497,3.86858140161269e-113,5.57725643507699e-111
"PROS1",233.703036017757,0.338350259213596,0.12469015482337,2.71352826285994,0.00665708893043063,0.0167225257339407
"ARL13B",147.466897132598,-0.53051425770598,0.160852748301786,-3.29813611086487,0.000973289424989252,0.00288291399206629
"DHFR2",42.2964122684135,-2.09019580080446,0.334107367996305,-6.25606018011423,3.94824443167816e-10,2.62067450840781e-09
"ARL6",112.200646717262,0.89791263727855,0.181800134963269,4.93900973978907,7.8520291021291e-07,3.68493272003824e-06
"CRYBG3",793.030276336415,0.876969006960471,0.0927110301831541,9.45916581045411,3.10409617068985e-21,4.64608945946859e-20
"RIOX2",327.867870847171,-0.320627596412402,0.114242750678417,-2.80654653803759,0.00500756785863833,0.0129008406548279
"ST3GAL6",260.669917851711,0.317970589419832,0.12557734073744,2.53206977909058,0.0113391423368491,0.0269794935374118
"DCBLD2",15698.6947975174,-0.661037037512286,0.0524258412917157,-12.6089924591585,1.88385924554725e-36,5.63002113830963e-35
"TBC1D23",633.404667305871,0.359731474549905,0.0849393393610184,4.23515743418883,2.28391635965407e-05,8.86080876583984e-05
"NIT2",426.15988303447,-0.399904827267008,0.101300859495405,-3.94769431630685,7.8907466439152e-05,0.000281025978794458
"TMEM45A",148.150439627523,1.7129942803769,0.16149692637855,10.6069775988282,2.76550489053374e-26,5.39947601650146e-25
"ADGRG7",6.05387914509733,2.77310090356621,0.877018477816735,3.16196405629858,0.00156708906122203,0.00446560910377644
"TFG",1780.10155490651,0.484190629399284,0.0730046407220704,6.63232672074375,3.30436149334304e-11,2.43251219246466e-10
"ABI3BP",126.118512405929,1.8183274166179,0.19588297838091,9.28272293819232,1.65201667540335e-20,2.39702033071206e-19
"IMPG2",55.8178108720196,1.80165504168951,0.257368475841729,7.00029417276985,2.55425624552285e-12,2.08093362570376e-11
"TRMT10C",443.699533452057,-0.789897831320032,0.103308163475206,-7.64603497679648,2.07271309904299e-14,1.99318904791108e-13
"PCNP",1999.81968630047,0.288821982917975,0.0665630361449619,4.33907465231866,1.43083915689442e-05,5.73258169106142e-05
"ZBTB11",662.985112402393,-0.239483590952342,0.085830868516605,-2.79018021244898,0.00526787110332878,0.0135192687486596
"ZBTB11-AS1",30.2485832517768,-0.804242414485527,0.342555338677513,-2.34777369866845,0.0188859919338975,0.0424316744347049
"RPL24",3544.76689921364,0.383865149053696,0.0839203186689805,4.57416219506783,4.78129347507062e-06,2.04421565158357e-05
"CEP97",591.877679301012,-0.726707849838808,0.0904065748767045,-8.03821902145817,9.11535953066917e-16,9.65146263820147e-15
"NXPE3",246.621749383518,-0.47583561004679,0.131207792474847,-3.62658041166274,0.000287199409978452,0.000933385133854227
"NFKBIZ",246.808085772988,-0.426542853618562,0.12597721362728,-3.38587305860363,0.000709521965189215,0.00214967978054385
"ALCAM",2183.03512255589,0.684926559892784,0.0603988038275164,11.3400682875899,8.30796079659398e-30,1.9293525968482e-28
"CBLB",210.727979145766,0.447613268574945,0.132014502397717,3.39063709247967,0.000697303695207871,0.00211621924744713
"LINC00882",5.28711473614312,2.01494893500738,0.83999083347856,2.39877490884406,0.0164500232624693,0.0374536789908982
"BBX",2857.13820048114,0.684085317597522,0.0659410350976129,10.3741974414697,3.24931084003058e-25,5.9629155446223e-24
"CD47",763.158503081737,0.253998389063648,0.081876737299533,3.10220457532931,0.00192085164815684,0.00537928011677304
"HHLA2",16.1358000329264,1.47110005755066,0.466610138527574,3.15273916291839,0.00161746263795428,0.00459969925809911
"MYH15",647.524261576809,1.53565581204494,0.0909346177972165,16.8874720018007,5.56363122255055e-64,3.28728518890438e-62
"CIP2A",717.325572310005,-1.06104981278738,0.0862166532511066,-12.3067849745578,8.32748107885499e-35,2.34483650815697e-33
"DZIP3",489.365518284809,-0.314174561224415,0.0945484018572399,-3.32289658051325,0.000890879366411245,0.00265891637331849
"ZBED2",169.581213300332,-0.923633021481294,0.157087854266272,-5.87972269272764,4.10954373536552e-09,2.50111744866674e-08
"PLCXD2",186.38559055,1.42275557595448,0.14745504009682,9.64874157587488,4.9762623463035e-22,7.81160485563896e-21
"PLCXD2-AS1",33.3798498784875,0.983197197495301,0.318428695539012,3.08765262449422,0.00201744144946731,0.00562878345887141
"PHLDB2",3961.81678249696,-0.701855783728441,0.0579302691600548,-12.1155277526727,8.73997388965895e-34,2.40096142477963e-32
"TMPRSS7",66.4694824141422,0.580178367585618,0.23566590943002,2.46186802744968,0.0138215514112523,0.0321647545686369
"GCSAM",84.0629214724994,0.534369623603169,0.214217177651182,2.49452275238779,0.0126126640198048,0.029645600404448
"TBILA",65.5051585805257,0.8830167589506,0.225125092707339,3.92233823574041,8.76937684677339e-05,0.000309625666449262
"SLC9C1",50.3042280524213,0.664007912063489,0.29113639637142,2.28074510895702,0.0225635342039479,0.0494969506864693
"ATG3",437.624711775592,-0.53909501951944,0.106792406768583,-5.04806508095327,4.46307123945745e-07,2.16207007543717e-06
"SLC35A5",352.923647163268,-0.527402370304189,0.114676822072638,-4.59903196454227,4.24458658905053e-06,1.82383631190461e-05
"CD200R1",5.12327382966146,2.76182026656326,0.983379374583097,2.80849928109803,0.00497729935591705,0.0128338691791359
"CFAP44",273.962075810367,0.433484649820808,0.127151376564121,3.40920139077068,0.000651533623817556,0.00199139881865946
"SPICE1",377.04158052805,0.408702008814656,0.106832695989061,3.8256266495091,0.00013043985215953,0.000448085508152285
"USF3",816.767909867836,0.419761297825373,0.087636673511415,4.78979040402186,1.66955611431275e-06,7.52364859615658e-06
"NAA50",3498.6243333387,-0.199979169156745,0.0564271476787454,-3.54402406258915,0.000394069278112526,0.00125114912982132
"ATP6V1A",1633.43345626246,0.181007170430023,0.065719207501516,2.75425065686995,0.00588266955156385,0.0149522691098353
"ZDHHC23",360.243548775992,-0.953364874250586,0.11592258839791,-8.22415102549395,1.96578268539331e-16,2.18945425052366e-15
"CCDC191",90.9761132142418,-0.625117588367443,0.200484893914734,-3.11802837690756,0.00182065272964179,0.00512655981888666
"QTRT2",572.139481403919,-0.479528241952421,0.0947772063488166,-5.05953129898736,4.20288288512915e-07,2.04537273758878e-06
"LSAMP",66.5130223360786,2.21805351681104,0.297448237192891,7.45693952582635,8.85553231900833e-14,8.1214019298142e-13
"ARHGAP31",265.639721554086,1.24831944208782,0.125933847279756,9.91250143668472,3.67332107297863e-23,6.15213002380557e-22
"TMEM39A",606.156546819986,0.715350289778248,0.091470388274826,7.8205668880398,5.25859809964281e-15,5.28234093387197e-14
"TIMMDC1",404.93666484288,-0.661826865378269,0.105962311477977,-6.24587040568495,4.21446507669215e-10,2.78302950337374e-09
"CFAP91",4.88959175163308,-2.25506988087735,0.980438009816632,-2.30006370448561,0.0214446111890092,0.047359477725139
"GSK3B",2230.36780651826,0.945838333021055,0.064936387321423,14.5656137034438,4.64791676421969e-48,1.92551972432191e-46
"LRRC58",2109.59883981701,-0.194804256919683,0.0745407906381946,-2.61339134253649,0.00896485848656386,0.0218525246566167
"FSTL1",278.582720714805,-0.621882526654004,0.119522928400365,-5.20303957556067,1.96055097701403e-07,9.91054394299292e-07
"RABL3",358.15709505702,-0.766889735323864,0.108894991578504,-7.04247022023049,1.88861208705611e-12,1.55338559656952e-11
"GTF2E1",323.263162597147,0.351063495097428,0.118437910796,2.9641142159465,0.0030355559552557,0.00817816622360037
"STXBP5L",65.5955489049249,-1.36204530738222,0.265607530718949,-5.12803723484579,2.92778545045124e-07,1.45268781945434e-06
"POLQ",656.829487336807,-1.43116632259406,0.0937391433266049,-15.2675421580033,1.25826977726582e-52,5.7845101163539e-51
"GOLGB1",2422.88990935988,0.880012901341604,0.0638746140184391,13.7771932537638,3.49602064254795e-43,1.28575077549707e-41
"SLC15A2",41.7984214153552,0.763167966393933,0.293040209811285,2.60431142499319,0.00920590651734463,0.0223735187254306
"FAM162A",1086.40458096442,2.76401883809998,0.0891725834908366,30.9962852919252,6.04908374973023e-211,2.59548900604496e-208
"KPNA1",1476.2788552309,0.360460496778622,0.0714868186345645,5.04233512784042,4.59884949115218e-07,2.22306509334907e-06
"PARP9",386.796090114144,-1.00849004847997,0.109624512795708,-9.19949400695956,3.59639243567366e-20,5.08318337908039e-19
"DTX3L",722.992030363838,-0.455317547244095,0.094214551563595,-4.83277306623654,1.34644240500421e-06,6.12733297489418e-06
"PARP14",1314.72507525671,-0.479758957247247,0.0735978580975023,-6.51865379847962,7.09411754936921e-11,5.04909527477024e-10
"HSPBAP1",63.5013518001365,-1.41153496177727,0.25118847493804,-5.61942566085268,1.91593293665101e-08,1.08575558023232e-07
"SLC49A4",151.520680230609,-0.760891106113115,0.15745810439547,-4.83234006299269,1.34937505909314e-06,6.13912848773478e-06
"LINC02035",119.125358305069,-0.630852987181845,0.195564452386504,-3.22580601680646,0.00125618465373287,0.00364712480182375
"PDIA5",517.483522351683,0.652582548834931,0.0968089702646832,6.7409305878445,1.57375382435948e-11,1.19968771864561e-10
"ADCY5",24.5124307846148,1.46920681709332,0.37455359925584,3.92255426195965,8.76151527655784e-05,0.000309408714087495
"CCDC14",1161.28162590136,-0.592252868499335,0.078058613717782,-7.58728396894932,3.26680630434288e-14,3.10011144868684e-13
"UMPS",462.689302090136,-0.424704369584296,0.0993262841689171,-4.27585077945764,1.90408733752123e-05,7.47897949203794e-05
"ITGB5",894.418615791958,0.736627470252569,0.0827774833138335,8.89888700118847,5.64094880124402e-19,7.3985107967408e-18
"MUC13",21.9899680900425,1.29579749041946,0.397259361868011,3.26184255123984,0.00110690605233651,0.00324508768003192
"SLC12A8",161.361500391531,-0.547773581921255,0.161027061601581,-3.40174860345261,0.000669561992818857,0.00203992843154499
"ZNF148",1470.24601427076,0.443485270825936,0.0742818522514184,5.9703044200472,2.36811308954167e-09,1.46803460566324e-08
"OSBPL11",496.80450247308,0.419942319987048,0.0948815784662011,4.42596262388953,9.60131488416845e-06,3.9350760865954e-05
"FAM86JP",29.2882382631716,-2.18578273608305,0.40568592401288,-5.38786930160695,7.12978680118641e-08,3.80360828727591e-07
"ALG1L",5.47673059168542,-2.0576865549276,0.897775381591844,-2.2919837156585,0.021906582872293,0.048267334630345
"KLF15",8.89729704638412,-2.59131406498342,0.762994569336203,-3.39624182022401,0.000683179737279643,0.0020779041427032
"CFAP100",17.5956784340975,1.83203868324846,0.458779655758001,3.99328666878558,6.51637068521959e-05,0.000234910014239532
"ZXDC",559.570991605221,0.493330400589727,0.0924145496804394,5.3382330195366,9.38567845028411e-08,4.93261333778273e-07
"MCM2",1386.09610178582,-1.3096701929509,0.0797709641153247,-16.4178809605149,1.42455492487404e-60,7.77936493974395e-59
"MGLL",321.428005605538,0.842871394385845,0.119545319149896,7.05064322367138,1.78092595438951e-12,1.46749275830148e-11
"SEC61A1",2971.21325531288,-0.41356469230634,0.0631869473079769,-6.54509688987825,5.94568255219919e-11,4.26711052461894e-10
"RUVBL1",771.0882123129,-1.00326218632049,0.0910650069128462,-11.0169890755147,3.16468255819781e-28,6.77324755122123e-27
"RPN1",3719.71714932486,0.332144938087709,0.0716266140238741,4.63717212678796,3.53208264287461e-06,1.53896666603586e-05
"ACAD9",361.218000043358,-1.01791289801108,0.117479825145776,-8.66457620913205,4.53195639693843e-18,5.60153540666855e-17
"CFAP92",119.072755565584,0.563802528844397,0.17576260224302,3.20775023611023,0.00133777623076185,0.00386347202797425
"CNBP",3895.67918247342,0.584404284769738,0.058025663525241,10.0714795706821,7.38585179005541e-24,1.27981187604412e-22
"COPG1",2520.3754259034,0.416822848824355,0.0759296843945345,5.48959016685125,4.028674186689e-08,2.20939554224962e-07
"HMCES",569.877465414921,-0.251718944851444,0.0911778434731643,-2.76074685760176,0.00576693568016718,0.0146746608150653
"H1-10",369.678727483908,-1.32075229647799,0.120085732837525,-10.9984114288161,3.88922863151027e-28,8.24562225511136e-27
"IFT122",228.298013336913,-0.447085936648036,0.131238311393371,-3.40667242591953,0.000657599990392174,0.00200687712563207
"PLXND1",471.3759909896,0.394750011201356,0.099117630892857,3.98264171212958,6.81534615026308e-05,0.000244952838001378
"TMCC1",638.617554388231,1.4556133725384,0.0895124076161555,16.2615821795378,1.8490088717455e-59,9.77155099053538e-58
"PIK3R4",618.144957347044,-0.498919302318472,0.089887626595458,-5.55047809376338,2.84889410035995e-08,1.58456545007984e-07
"ATP2C1",1899.57687596811,0.42998368935447,0.0812055143168344,5.29500604696412,1.19012472274274e-07,6.16477080441131e-07
"NEK11",58.7210001737551,0.775489397039853,0.248328012217662,3.1228430095922,0.00179113259195196,0.00504974975587708
"NUDT16L2P",79.0880538825236,-0.790877213486489,0.213255196273588,-3.70859527601786,0.0002084122405222,0.000692695866184169
"NUDT16",150.448985770618,-1.74794458451184,0.180739177039102,-9.67108854398337,4.00099471062699e-22,6.34141826562964e-21
"DNAJC13",1066.67359229051,-0.412395419956797,0.094040768456102,-4.38528339067435,1.15834874787518e-05,4.68881464183706e-05
"UBA5",684.467108143649,0.267374290278535,0.0849607162122112,3.1470343259666,0.00164935597686095,0.00468005732310047
"CDV3",2963.7001691123,0.354511866352539,0.0571918391034682,6.19864428054458,5.69515839756034e-10,3.71587434766238e-09
"TOPBP1",1555.13373659365,-0.338597249276101,0.0666178513844774,-5.08268042633086,3.72145529158844e-07,1.82289605353942e-06
"TF",14.0391108793126,1.47772063932416,0.512366528697005,2.88410845861094,0.00392523538730536,0.0103238468708106
"RAB6B",100.856146866471,0.65010154356545,0.185965824884624,3.49581189967986,0.00047262173910188,0.00147917963882511
"AMOTL2",673.9988358031,-0.359898452204456,0.086574553788322,-4.15709277675773,3.22323117611942e-05,0.000121594827349483
"ANAPC13",348.19780131481,-0.912953064466494,0.112351232918421,-8.12588380876425,4.44114315136497e-16,4.83880536461597e-15
"MSL2",811.656616537244,0.488946755122691,0.0809794544794111,6.03791119940189,1.56121935115981e-09,9.85454778537686e-09
"PCCB",400.18868198879,-0.393251560693065,0.10491071499337,-3.74844038302397,0.00017793762086509,0.000598360489943981
"STAG1",1102.91806450994,0.298167848370429,0.0721173914131778,4.13447911145529,3.55760607987042e-05,0.000133454661043599
"NCK1",373.323158644417,0.359769981234008,0.105266687238906,3.41770023043947,0.000631526219727181,0.00193418320967089
"DZIP1L",111.135065100722,-0.497538507764337,0.180187541558537,-2.76122590641319,0.00575848295998293,0.0146572911612786
"DBR1",270.23470408785,-0.68127115801057,0.123680119088473,-5.50833200219697,3.62249720572199e-08,1.99636153346532e-07
"MRAS",181.214217125967,-0.520346351858489,0.144907164721186,-3.59089457625979,0.000329544922520087,0.00106029799120416
"ESYT3",49.0231249552217,-0.898834471219657,0.294399419609546,-3.05311223918768,0.00226481211250022,0.00625030978307054
"CEP70",417.326927301479,-0.301008555170652,0.105810340309216,-2.84479337549616,0.00444402404321621,0.0115534606550251
"FAIM",87.3233367019827,-0.764267332180206,0.202031087518252,-3.7829194584282,0.000154999580853789,0.000525837245211997
"PIK3CB",1132.77771002343,0.206899209059498,0.0801168140246982,2.58246925540144,0.00980961020586446,0.0237000919050655
"LINC01391",10.3708015233465,-1.96773976813887,0.642943732513741,-3.06051629190866,0.00220955739210216,0.00611187070557542
"FOXL2NB",10.7601279157002,-2.221311709358,0.675579735468255,-3.288008199089,0.00100898900932037,0.00298032960776304
"RBP1",501.519199653877,0.243078590113309,0.100132427348032,2.42757113305999,0.0152003057350394,0.0349616732164831
"SLC25A36",1858.08770681549,0.901126923949436,0.0683077265929071,13.1921668147423,9.73464107452098e-40,3.18381064979932e-38
"PXYLP1",195.759197621389,-0.518915536771065,0.147654556869213,-3.51438890728378,0.000440766991045617,0.00138622372524137
"ZBTB38",1078.55889766712,0.637742210726606,0.0727545477062654,8.76566800059545,1.85672428232682e-18,2.3663386344987e-17
"RASA2",465.109040393682,0.534729720453626,0.118247031421897,4.52214075925296,6.12173266575264e-06,2.57997531266437e-05
"ATP1B3",1490.54436865022,0.399098933310406,0.0662502706122743,6.02411023565637,1.7004244642769e-09,1.06882976179749e-08
"TFDP2",807.858940989511,-0.540789883353478,0.0807422048957094,-6.6977348965388,2.11674815054473e-11,1.59206671206037e-10
"GK5",399.611620379137,-0.347498730406285,0.106627807635546,-3.25898785797074,0.00111810453109641,0.00327631898453469
"XRN1",1427.12820544668,0.39581983012641,0.0822310395345602,4.81350877195289,1.48303088457812e-06,6.72489465890043e-06
"ATR",792.736985117699,-1.17633212097324,0.0887570666167303,-13.2533911474662,4.31266583013278e-40,1.43128086417722e-38
"PLS1",663.306257229264,-0.43629158479391,0.0854375542445587,-5.1065551753162,3.28084843183803e-07,1.61762433899188e-06
"U2SURP",2245.77935120469,-0.514043464525855,0.0657233342858267,-7.82132358486732,5.22707874834527e-15,5.25360770350977e-14
"CHST2",15.8842924164206,-2.00189096996967,0.54009834726345,-3.70653044970935,0.000210117984063618,0.000697816567986728
"DIPK2A",481.649270239352,1.2273098719409,0.103375956632111,11.8722951828014,1.64881131944674e-32,4.33137445885563e-31
"LNCSRLR",98.3287865555739,5.63104394460414,0.414010360771782,13.6012150374859,3.93835743660138e-42,1.40819720962289e-40
"PLOD2",6142.18903060715,4.39988846739212,0.0643791887082115,68.3433351006319,0,0
"PLSCR4",79.6900653670543,-0.613730374999677,0.210724896613918,-2.91247206600428,0.00358580270925283,0.00951970398106147
"PLSCR1",349.309847239915,-0.288088381448066,0.112873628329391,-2.55230903544058,0.0107011554240689,0.0256307179554952
"GYG1",306.445986192019,-0.275947167775874,0.114978102001767,-2.39999759059888,0.0163951797643169,0.0373429644252724
"HLTF",1280.95626140114,-0.298488135498576,0.0707308526183679,-4.22005566805598,2.44242000054115e-05,9.43714640432078e-05
"HPS3",273.261626548317,-0.701970405130689,0.124323224604852,-5.64633363848007,1.63905618366247e-08,9.37398650770595e-08
"TM4SF18",56.2780983426386,0.911034689215625,0.247381795442324,3.6827070786946,0.000230770274290559,0.000761529227795307
"WWTR1",1669.83885006923,1.06686831163223,0.0689908841119413,15.4639025918436,6.08006020284833e-54,2.86829227527565e-52
"RNF13",753.14691852623,0.369357702556355,0.0843992956950239,4.37631261629275,1.20703864406022e-05,4.87495369892632e-05
"PFN2",1639.50483620157,-0.482038664947777,0.0763532625856643,-6.31326872780263,2.73202485512471e-10,1.85089548549633e-09
"TSC22D2",738.238378343229,0.932469909371878,0.0908537588041155,10.2634158635343,1.02997518287341e-24,1.84688385776734e-23
"EIF2A",1988.398483356,0.561184336747601,0.0653062142254858,8.59312308029331,8.46367926784798e-18,1.02778951540356e-16
"SELENOT",814.807933657637,0.322391469880248,0.079702053138862,4.04495815582765,5.23324704965706e-05,0.000190946234221239
"SIAH2",733.421984791224,1.61253871376886,0.086201096586944,18.7067076593675,4.36522844767055e-78,3.54350368718338e-76
"MED12L",186.908778963458,-0.465483883970775,0.150058211622784,-3.10202206821515,0.0019220362944968,0.00538008947858448
"GPR171",6.60013638876215,-2.39135287840865,0.861144296138564,-2.77694793907556,0.00548719672303935,0.0140262088150202
"P2RY14",9.74365145605207,-2.74265851684455,0.755310362036259,-3.63116760301096,0.000282141874804159,0.000917610309663553
"GPR87",33.9246543531077,0.952088676040014,0.332970232312346,2.85938076034045,0.00424468961406472,0.0110908440677193
"AADACP1",98.3374396729229,1.24239631934307,0.1950300217706,6.37028242146439,1.88680435743214e-10,1.29828565579551e-09
"AADAC",77.7552065455683,1.23652572515681,0.215052633033701,5.74987484558271,8.93095354431821e-09,5.24420703232839e-08
"MBNL1",4015.62199346515,0.179891079218227,0.0560148719255248,3.21148782518691,0.00132049565726664,0.00381601222572195
"P2RY1",54.6928966475248,-0.955185871605625,0.260232593259077,-3.67050821591238,0.000242068688447676,0.000796189055396161
"RAP2B",2349.68140769324,0.912850924781765,0.0718449998827534,12.7058379326534,5.48784438426428e-37,1.66492329375129e-35
"ARHGEF26",173.729739439705,-0.525217718945313,0.159583927561835,-3.2911692735586,0.000997718573701983,0.00294994034728194
"DHX36",780.4493224009,-0.223149228931259,0.0808236921838928,-2.76093832020867,0.00576355601959349,0.0146681320476055
"PLCH1",142.900954113446,-1.49190273438976,0.174519826089229,-8.54861460626813,1.24574726789325e-17,1.49863895291751e-16
"GMPS",1476.86201198612,-0.64854512612168,0.0704400934320432,-9.20704522840193,3.35225462529921e-20,4.74929092787084e-19
"TIPARP",1352.55867087437,1.28288090627893,0.0689939741958688,18.594100734608,3.5867756727543e-77,2.8349686139783e-75
"LINC00886",14.7734745599215,-1.31921694265005,0.50460022629444,-2.6143804023589,0.00893894498767496,0.0218015069335262
"LINC02029",7.51018612818907,1.91382589650013,0.719820354857072,2.65875490125608,0.0078429996581113,0.0193933447912766
"CCNL1",917.360057458562,-0.245329347382803,0.0800140235555778,-3.06607937560341,0.00216885729395627,0.00600937535276537
"VEPH1",31.5723860049639,-1.25723805796033,0.3445978054992,-3.64842154505029,0.000263856451220708,0.000860937372342636
"RSRC1",361.172789433974,-0.288666829015629,0.109083997018023,-2.64628026939585,0.00813823577222555,0.0200299299168638
"GFM1",540.774060527597,-0.756023762232278,0.0954360448750516,-7.92178430300724,2.3412620398704e-15,2.41234323730729e-14
"MFSD1",222.209207522263,-1.06381738751172,0.137991960361018,-7.70927077728685,1.26538678576736e-14,1.24067112439138e-13
"C3orf80",19.3627830522773,-1.41026595475436,0.444056944612234,-3.17586735634965,0.00149389241524031,0.00427731732047117
"SMC4",1870.69831916225,-1.19421010056571,0.0691533017159755,-17.2690250636266,8.04906981936526e-67,5.05408666253593e-65
"TRIM59",531.628047176841,-1.85111696657733,0.108816369931263,-17.0113831930494,6.76222298209989e-65,4.07565285486361e-63
"KPNA4",2032.98489849777,0.599537314411469,0.0662091835235042,9.05519872781144,1.36319331362919e-19,1.86956672031291e-18
"B3GALNT1",166.880166265852,-0.633304488444182,0.151174263084841,-4.18923483085717,2.79896637318296e-05,0.000106729100742975
"SPTSSB",106.334041499129,-0.637224273706404,0.203211825745071,-3.13576373505841,0.00171407231479997,0.00484918323155578
"WDR49",22.4342854486699,1.77884312301419,0.411841122556538,4.3192460043132,1.56563184104618e-05,6.23519368121399e-05
"PDCD10",729.560247780872,0.547240876669245,0.0809134814234925,6.76328427651067,1.34898176199787e-11,1.03183363043139e-10
"GOLIM4",204.955237923124,-0.814540164446137,0.145153596032516,-5.61157413050705,2.00494365036604e-08,1.1340580515771e-07
"MYNN",439.688118664867,0.707331947376883,0.0974715621439008,7.2568032338768,3.9634560607384e-13,3.45718497921426e-12
"LRRC34",42.5152286228023,1.63240327282948,0.31175180636249,5.23622715093877,1.63892229733707e-07,8.34322562720659e-07
"PHC3",1675.42286690565,0.298537921374403,0.087777065088196,3.40109254136533,0.000671171025712639,0.00204448496524129
"PRKCI",749.063746605047,0.48805896790261,0.0858473883193277,5.68519296227359,1.30665040246159e-08,7.55685073901165e-08
"SKIL",751.896411261382,0.611937885665895,0.0957010523509698,6.39426495982197,1.61321484611682e-10,1.11814402853351e-09
"RPL22L1",2137.04079992759,0.389747983106809,0.0828255668645437,4.70564824197604,2.53060536597215e-06,1.12049236609789e-05
"EIF5A2",202.87167041891,-0.40254277913005,0.139478559899496,-2.88605488485191,0.00390104121112865,0.0102718678646624
"TNIK",2137.22895843965,0.677172714410544,0.0644774342892657,10.502476127889,8.41434871997422e-26,1.58780081971367e-24
"PLD1",165.039582629823,-0.399619263445138,0.158388672106685,-2.52302931851067,0.0116348700188625,0.0275860215965757
"FNDC3B",1644.23559375481,0.670126876341266,0.0697438323472534,9.60840340698107,7.36826033919146e-22,1.14369870432876e-20
"NCEH1",515.380097314836,0.749616991496288,0.0991546927680985,7.5600757822878,4.0283459363852e-14,3.7908523300051e-13
"ECT2",2005.1046818411,-0.692728509382762,0.0654908169835318,-10.5774907275466,3.78971696954039e-26,7.35139822476722e-25
"TBL1XR1",5547.90713278994,0.730532014373544,0.0636646982970119,11.4746795934762,1.76831470490261e-30,4.26597045475903e-29
"KCNMB2-AS1",51.9979707348608,-0.691139469922453,0.260681499616176,-2.65127932338918,0.00801874947718231,0.0197899047286089
"PIK3CA",790.111560183566,0.387449547619067,0.0806908142159315,4.80165619078075,1.57358699335066e-06,7.11669077466637e-06
"ZNF639",735.822341896692,0.45843537554199,0.0850021622090818,5.39322016791016,6.92060681300161e-08,3.69858408591643e-07
"MFN1",583.56555539848,-0.609847532837703,0.0924991552473436,-6.59300651132397,4.3100766540455e-11,3.15226831909715e-10
"ACTL6A",400.58470750171,-0.951153278449368,0.117138240600454,-8.1199211595951,4.66486619752591e-16,5.07029877838446e-15
"USP13",710.441207759344,-0.814965370784839,0.0853475557088048,-9.54878395774331,1.3122752316643e-21,2.00072013111864e-20
"TTC14",639.013795311422,-0.455493960404922,0.103648530897171,-4.39460122070437,1.10976285305782e-05,4.50733296708475e-05
"DNAJC19",167.46458580882,-0.788561480523472,0.153122151877659,-5.14988504833391,2.60646155857768e-07,1.30113694590383e-06
"ATP11B",1169.05917863243,0.568689592126121,0.0759643220094892,7.48627220098249,7.08573629820509e-14,6.5416011183378e-13
"MCCC1",140.616086229827,-0.472339326245625,0.169451876206809,-2.78745409504439,0.00531239801964264,0.0136238401468592
"LAMP3",76.5270418397677,-0.593121951776626,0.228414875950293,-2.59668705599411,0.00941276384120999,0.0228362166373782
"B3GNT5",948.165464384712,1.0355672671056,0.0806529352431752,12.839796394059,9.81322164902332e-38,3.05958594008736e-36
"KLHL24",669.289555350739,0.344204505308587,0.104096608549502,3.30658712233554,0.000944399774548077,0.00280703089842172
"YEATS2",2383.82197637429,1.57557944094896,0.0656711691677271,23.9919505152232,3.37441684061502e-127,5.96180057693365e-125
"ABCC5",543.761805163856,0.475039151323479,0.0896851894905357,5.29674023126872,1.17888213891423e-07,6.11180524320292e-07
"EIF2B5",565.252679910334,0.264545433673424,0.0933168452709182,2.83491617087348,0.00458377117899437,0.0118889090985402
"DVL3",662.907481067436,0.308706314336572,0.0865478754877579,3.56688494774476,0.000361249989373414,0.0011536569304445
"ALG3",204.775121776235,-0.36822256368073,0.147963860869658,-2.48859796923723,0.0128247897392148,0.0300853340133284
"CLCN2",153.164978380072,-0.844168398172818,0.161900574281006,-5.21411614456425,1.84695726146547e-07,9.3625926325933e-07
"POLR2H",817.524033342956,0.882594433418438,0.0941334689828702,9.3759896767328,6.85297981150268e-21,1.00814325863747e-19
"EPHB3",113.391581433065,1.07928083783487,0.182574174130268,5.91146498663492,3.39078347285216e-09,2.07699894508052e-08
"MAGEF1",215.154818916973,-1.61007049516985,0.151235766507171,-10.6460960416629,1.81831623041184e-26,3.58510686961178e-25
"EHHADH",158.263472443544,-1.82039218541798,0.176864004826382,-10.2926097778062,7.60857077149597e-25,1.37114053873129e-23
"TMEM41A",370.48370403255,0.639514997247613,0.107067131547215,5.97302821142264,2.32889607475175e-09,1.44521474390845e-08
"LIPH",375.543622662459,0.950047656051395,0.107530818815089,8.83511970354385,9.99911305315763e-19,1.29171337871651e-17
"IGF2BP2",2240.67062687052,0.758738041098397,0.0689510366615669,11.0040120908192,3.65499879717198e-28,7.77647382807984e-27
"IGF2BP2-AS1",45.0310416598211,0.918532804988518,0.313346645706769,2.93136313272709,0.00337478038608771,0.00900191198011939
"TRA2B",1623.52702476854,-0.320626991597189,0.0651968822321824,-4.91782705889763,8.75101704121877e-07,4.08766402539667e-06
"DGKG",243.60140266796,1.08894445123242,0.134748565099822,8.08130647198901,6.40765522568717e-16,6.87744817284744e-15
"TBCCD1",279.715495570852,-0.566211001205441,0.118164172041351,-4.7917316342495,1.65347976844587e-06,7.45866305561026e-06
"DNAJB11",641.764735731034,-0.815186360198449,0.0957847852358794,-8.51060383119274,1.73029881245275e-17,2.0691250762582e-16
"EIF4A2",5157.67008724325,0.343519744775619,0.0762570681645513,4.50475940190035,6.64481842946585e-06,2.78803895034701e-05
"RFC4",494.568958018319,-1.11139792420041,0.103636491783321,-10.7240017977844,7.85303858914519e-27,1.56721604003306e-25
"RTP4",4.12602165811979,-4.10268291950328,1.37832540575059,-2.97657062866739,0.0029149193195508,0.00788498364719679
"LINC02041",5.369200544102,-2.41457839363411,0.958373581045481,-2.51945425185872,0.0117536913004936,0.0278262310728054
"BCL6",335.493911161082,1.3505153290495,0.118919691096714,11.3565324345753,6.8822456537147e-30,1.60654078919161e-28
"LOC122526776",12.1542397377591,1.30933923011059,0.524746117238156,2.49518612353323,0.0125891077023769,0.0296056779204663
"P3H2",13.1709462412689,1.5177945450637,0.531643244787535,2.85491174757665,0.00430487894172224,0.0112269498420805
"IL1RAP",279.535505910621,3.19194019668365,0.166608085804606,19.1583750648638,8.2405953121409e-82,7.10544345072206e-80
"CCDC50",1668.81181195166,0.550846537087115,0.0676796557234895,8.13902687888427,3.98467515850726e-16,4.34672100674693e-15
"LINCR-0002",2.68635105593385,4.19095642587402,1.537177513098,2.72639717284677,0.00640298996822305,0.0161291979616085
"MB21D2",122.082284026806,0.810425007122323,0.172236428395219,4.70530546106483,2.53486123649788e-06,1.12210106467522e-05
"HES1",130.453368606051,1.24675606008151,0.176680681048351,7.05655000130047,1.70687240338872e-12,1.40969512289038e-11
"LINC00887",24.0982810890007,3.22728542128408,0.464348672785943,6.95013383352947,3.6493983589251e-12,2.93859731126851e-11
"ATP13A3",4388.13054042894,0.37491312992101,0.0571931001182865,6.55521608630439,5.55613626357255e-11,4.00348387068536e-10
"TMEM44",223.822725904622,0.418609589823975,0.136023983719952,3.077468975514,0.00208766568695346,0.00580673303667052
"LSG1",654.472462346577,-0.400532456986199,0.0941075804500529,-4.25611257956823,2.0801199494857e-05,8.11381853023414e-05
"FAM43A",126.038058414055,1.1635702528186,0.173936194631595,6.68963843484729,2.23722659639851e-11,1.67290707442728e-10
"ACAP2",1467.52752799209,0.42977999171637,0.0764770500094334,5.61972502421782,1.91261620845184e-08,1.08421694534478e-07
"TFRC",3892.13882736094,-0.237251589166786,0.0727220756795292,-3.26244248324681,0.00110456584807307,0.00323875384772614
"SLC51A",29.5197267920268,1.27735903785409,0.359255479645414,3.55557287286153,0.000377156384954842,0.00120062448565116
"PCYT1A",1168.17519665656,0.780574403958079,0.0772524776570883,10.1041989542773,5.29263238553408e-24,9.21531673620383e-23
"TM4SF19-AS1",21.475205727835,1.21468216336991,0.397076491598832,3.05906340231572,0.00222030154944355,0.00613775950644611
"UBXN7",2091.52491618291,0.305109957225069,0.0737169345613962,4.13893983845671,3.48914423449403e-05,0.000131159508239084
"RNF168",683.253208459165,0.204532325392616,0.0858310367511766,2.38296463767009,0.017173843964593,0.0389638476754288
"WDR53",109.519077914644,-0.9683924954184,0.18472695265576,-5.24229129261395,1.58594734309586e-07,8.0892501977513e-07
"FBXO45",645.98225511086,0.200897521117294,0.0873883201135569,2.29890585900081,0.0215102856397695,0.0474870583748972
"PIGX",193.358765464782,-0.610340853206744,0.13931366853585,-4.38105506531604,1.18106015823122e-05,4.77538369115656e-05
"PAK2",2140.66726785096,0.34155604727621,0.0647469006518358,5.27524937622673,1.32575681291563e-07,6.83003531319399e-07
"SENP5",843.817806553009,-0.691676742101699,0.0925716082787405,-7.47180215362582,7.91038826418375e-14,7.2731176994314e-13
"NCBP2",1065.83620509258,0.286136811122711,0.0757886397716626,3.77545779927954,0.000159714063514937,0.000540609905823194
"MELTF-AS1",25.0339913009282,-0.919172015686866,0.381269806542658,-2.41081774615695,0.0159168000026476,0.0363913540786237
"DLG1-AS1",4.05829064636836,-3.10191426191545,1.26620839813923,-2.44976598360421,0.0142949086649181,0.033148407926111
"RUBCN",593.586045697945,0.584590377736784,0.09294657137655,6.28953138430961,3.18425729581785e-10,2.13321564044362e-09
"FYTTD1",1542.38852695549,0.437933758004054,0.0654067082054917,6.69554805644972,2.14864819791347e-11,1.61336621560828e-10
"LRCH3",716.401597338442,0.396180502321527,0.0881979742400944,4.49194560005467,7.05754530005338e-06,2.95139750737479e-05
"IQCG",83.9772454666818,-0.521441268800727,0.206051169694088,-2.53063969292132,0.0113854737725757,0.0270825795743911
"ANKRD18DP",26.6668163731809,-1.00212327650322,0.378764243431216,-2.6457705390166,0.00815050832651084,0.0200555974393493
"PIGG",451.197675801294,0.484324676105886,0.107129872421761,4.52091153622532,6.15739172967741e-06,2.59439692215377e-05
"ATP5ME",201.501169965051,-0.759864486459722,0.176355638267655,-4.30870537468427,1.64212947327873e-05,6.51824124184053e-05
"PCGF3",1101.0506360906,0.304027141346223,0.0728570878100735,4.17292470073429,3.00714347677899e-05,0.00011411188164884
"CPLX1",38.9338178786143,-0.773729845588339,0.298653051162309,-2.59073142757828,0.00957722021003313,0.0231852613386629
"DGKQ",283.107990936568,-0.428681325850899,0.124795469913749,-3.43507121009421,0.000592398139192385,0.00182302029822165
"FGFRL1",544.669888647292,-0.326807833493145,0.0974227864391969,-3.35453178294291,0.000794994199190662,0.00239055405700232
"CTBP1",1310.67902526725,0.382883605575491,0.0792682238424563,4.8302281420669,1.36376699786464e-06,6.19834680164404e-06
"MAEA",632.982655079165,-0.287667606646788,0.0919201581020878,-3.12953777045618,0.0017508156251645,0.00494536808481026
"UVSSA",369.914994168263,0.614417692501299,0.104125689759964,5.90073106759424,3.61894387826712e-09,2.21299584765021e-08
"SLBP",1076.22634747358,-0.668390751633584,0.0762656020020131,-8.76398709363025,1.88463419141497e-18,2.39851643809952e-17
"TMEM129",138.883276555502,-0.683990852136659,0.163407247690213,-4.18580486364574,2.84157393240484e-05,0.00010826216455786
"TACC3",770.508855855461,-1.41868281975541,0.0949549404020717,-14.9405898602876,1.79380343022477e-50,7.84614845050498e-49
"FGFR3",237.60954001464,-0.413002475576006,0.127409371094822,-3.24153923708357,0.00118886066975841,0.00346617992715036
"NSD2",2445.20473438639,-0.543466132851708,0.0644649767198835,-8.43040920053697,3.44458571326306e-17,4.02039372660062e-16
"NELFA",459.075007205141,0.361515468599043,0.0958653479928659,3.77107553634443,0.000162545457283886,0.000549574425086852
"HAUS3",367.841391961847,-0.580204168520511,0.108588780557466,-5.34313181842451,9.13542790130123e-08,4.80951055242037e-07
"MXD4",352.791819010528,0.57051447713083,0.113615456756079,5.02145124809619,5.12825210638821e-07,2.46311916868929e-06
"ZFYVE28",210.47515511266,0.792909987973112,0.144963572932817,5.46971885371909,4.50750018541164e-08,2.45926917472913e-07
"FAM193A",371.460437188972,0.375116108090613,0.10750496700789,3.48929094655766,0.000484303708716649,0.0015128509507337
"TNIP2",336.465455327066,0.680217933003727,0.113262473266756,6.0056779035866,1.9053411315376e-09,1.19181369425335e-08
"MFSD10",443.000099261172,0.645379675245865,0.100890593490512,6.39682702735372,1.58638859908443e-10,1.10039680308316e-09
"NOP14",1029.3702814498,0.294598951065289,0.0804634828805428,3.66127515885255,0.000250963048553364,0.000822740603598356
"MSANTD1",8.06212496245796,1.91185925886649,0.683477651754168,2.79725204468593,0.00515393101087365,0.0132551720774874
"RGS12",229.891073762154,-0.578221258697851,0.133192817604042,-4.34123452825209,1.416843914716e-05,5.67777277898532e-05
"DOK7",32.3414597486815,0.933610915487439,0.352905401258599,2.64549908320422,0.00815705080626792,0.0200680153692497
"FAM86EP",56.606342234083,-1.30631101236645,0.260018748415856,-5.02391085383283,5.06297450263008e-07,2.43371201685507e-06
"LYAR",359.492767507599,-0.271644278360227,0.115626130687178,-2.34933294702346,0.0188070812278421,0.0422807398711255
"PPP2R2C",536.82650686121,0.423657949480048,0.0911551916755174,4.64765573625396,3.35728608035988e-06,1.46670672616159e-05
"MRFAP1",2118.55694230146,-0.304797188810645,0.0708162996440127,-4.30405415621592,1.67700641121797e-05,6.64935809385238e-05
"LINC02482",26.190070490962,-0.961166431591604,0.365810112467965,-2.62750098707502,0.00860145922915918,0.0210607196696573
"LOC93622",142.655220955558,-1.52491534117539,0.173008666631354,-8.81409799212351,1.20652492726073e-18,1.5508406358178e-17
"MRFAP1L1",357.047945004748,-0.639699929499759,0.116962321542975,-5.46928208213375,4.51862109439145e-08,2.46384480308709e-07
"KIAA0232",855.129310289529,0.374528765107352,0.0807488082075644,4.63819557738398,3.51464128631688e-06,1.53173762081539e-05
"TBC1D14",462.32704134119,-0.264162436950162,0.103143135527069,-2.56112474766521,0.0104333885221273,0.0250693459409675
"TADA2B",356.85907478279,0.795135803304648,0.110310872728933,7.20813627554679,5.6722849344082e-13,4.89326217343083e-12
"GRPEL1",778.662269699653,0.452844532539519,0.0859945224715913,5.26596950043089,1.39451436793962e-07,7.16378090782208e-07
"SORCS2",32.6656602200884,1.21337012195175,0.319136648286889,3.80203943503531,0.000143509877511264,0.000489901781138567
"ABLIM2",72.5232885768974,0.565922308094517,0.221152192754844,2.55897217678445,0.0104982143317304,0.0252083038603748
"SH3TC1",84.5134170801191,0.957495616104676,0.210029298724049,4.55886689105552,5.14303539759948e-06,2.19004349953072e-05
"ACOX3",155.959550274342,0.422424809281477,0.150286778527272,2.81079156410835,0.00494197898052341,0.0127482684237063
"TRMT44",213.790304035052,0.404529280145298,0.134584697426734,3.00575985145353,0.00264918132672773,0.00721597592033863
"SLC2A9",35.849530952189,1.58842660433065,0.323596456095573,4.9086650190678,9.1698452171803e-07,4.27176284021572e-06
"HS3ST1",1065.72389048661,0.992508373774841,0.0744504604461177,13.3311247214267,1.5257984839559e-40,5.15880196611054e-39
"NKX3-2",28.7115527649756,1.4264676823715,0.348142181103802,4.09737101620036,4.17868867354426e-05,0.000154914932289531
"BOD1L1",1008.91546720158,0.64075358144672,0.0741902542293518,8.63662738593527,5.78968352535667e-18,7.09767937486072e-17
"CPEB2",246.805720308101,1.38711647422252,0.132253882746459,10.4882854508077,9.7786708830088e-26,1.8375539935631e-24
"CC2D2A",246.187636725557,-0.76022548475431,0.130253956919365,-5.83648668135998,5.33130219045965e-09,3.20571894475387e-08
"FBXL5",586.13970942848,0.305880722694636,0.093200509448225,3.28196406334624,0.00103086742120465,0.00303847919488534
"BST1",6.82618638981163,1.76058135929888,0.721905211115767,2.43879851840625,0.0147361818616337,0.0340506133258753
"FGFBP1",96.0039867875731,-0.957455605002202,0.204902929532994,-4.67272775057143,2.97225638159758e-06,1.3045063870621e-05
"PROM1",593.498392083165,1.22437515237468,0.0890919166341331,13.7428309843498,5.62331953878016e-43,2.05553430848595e-41
"QDPR",286.628597984231,-0.531954302330569,0.1189016230002,-4.47390278541172,7.68046716006972e-06,3.1950530630567e-05
"LAP3",587.928077104063,-0.326776517884125,0.090276602815767,-3.61972546254314,0.000294915748434313,0.000956565281233757
"MED28",734.684554485984,-0.429419606220138,0.0914511585546409,-4.69561690641202,2.65803293359204e-06,1.17316707068974e-05
"FAM184B",23.1054074874848,1.1397855014966,0.401019949922034,2.84221645760566,0.00448010624976042,0.0116374155778132
"DCAF16",1214.48881943738,-0.487142587641819,0.0841582720322703,-5.7884100502328,7.10557816136672e-09,4.21215868572334e-08
"NCAPG",1693.094905883,-0.995996333084448,0.0707122513160887,-14.0852018504159,4.68318767642634e-45,1.8071889746655e-43
"LCORL",613.21992096261,-0.294977251027517,0.0894692810874628,-3.29696681857938,0.00097735047002795,0.00289446718494227
"PACRGL",201.168853701851,-0.41472995943097,0.145496826464638,-2.85043989967552,0.00436588004315216,0.0113679416641591
"ADGRA3",749.863815363606,-0.329841182525078,0.0844591684239387,-3.90533305833011,9.40956987530671e-05,0.000329966644722519
"DHX15",2964.07886676384,0.438167399394225,0.0625427318626139,7.00588839574095,2.45423495238896e-12,2.00035133772056e-11
"CCDC149",92.0687579444891,0.93690737163508,0.196451935172325,4.76914300087314,1.85011297546174e-06,8.29581635501269e-06
"SEPSECS",284.15019359194,-0.564897337467067,0.125758825369855,-4.49191009701078,7.05872218899358e-06,2.95139750737479e-05
"PI4K2B",546.091770398866,-0.921878876796048,0.0948188744864886,-9.72252499081723,2.41711938787414e-22,3.87534773032739e-21
"ANAPC4",411.602751929622,-0.324381903772294,0.111922914260507,-2.89826177164469,0.00375237255643215,0.00990501037636793
"SEL1L3",988.193760957168,-0.320145668778644,0.0844724554078945,-3.7899415523409,0.000150682735929738,0.000512446420869939
"SMIM20",207.903544790781,-0.397851346108655,0.133496341380847,-2.98024157061831,0.00288021149370936,0.00780046458192612
"RBPJ",3501.77356524716,1.57017059233095,0.0646343028432315,24.2931465686162,2.31614464492223e-130,4.30301470578799e-128
"PCDH7",1852.2414628432,-0.501003672474188,0.0748073590154169,-6.69725116710692,2.12376426163362e-11,1.59534621754479e-10
"LINC02616",32.6628864368167,1.03891560726849,0.328113783006883,3.16632723486258,0.00154377018754673,0.00440403396387202
"PGM2",523.696639583258,-0.394208821322463,0.0987259548269724,-3.99296033159016,6.52534882262002e-05,0.000235139594346002
"TBC1D1",838.557133456543,-0.275414456764159,0.0783775396795587,-3.51394618777487,0.00044150224330455,0.00138829382770743
"KLF3",1568.46736566145,1.06562820990614,0.0703556962775867,15.1462961250746,8.0158578899261e-52,3.62949183503413e-50
"FAM114A1",598.294039759957,0.285309962187205,0.0912860552833212,3.12544956950653,0.0017753350761729,0.00500991440772187
"KLHL5",409.031270006351,-0.760328166430702,0.107250061600551,-7.08930284126561,1.34789277214961e-12,1.12351413722979e-11
"RFC1",1502.8409383171,-0.237930599941119,0.0713232162308951,-3.3359488328578,0.000850088081856696,0.00254433438351429
"RPL9",5255.15094829452,0.409362483831425,0.0775676134977477,5.27749231118618,1.30963697725582e-07,6.75278053422809e-07
"LIAS",195.068597489858,-0.560118398734381,0.13969097614144,-4.0096963612542,6.0796876862632e-05,0.000220225229736983
"UGDH",1646.3939877364,0.405807150450114,0.0662411433346902,6.12620993571521,8.99970448888932e-10,5.77371572069328e-09
"SMIM14",498.272164041755,-0.362336349755869,0.102557024592307,-3.5330232248474,0.000410836378557992,0.00129980378827134
"UBE2K",2479.53791018368,-0.19816173644899,0.069394609648837,-2.85557822793101,0.00429585386077825,0.01120665640201
"PDS5A",4218.43059019941,0.255273281284824,0.0591394508844929,4.31646350222978,1.58548881984123e-05,6.3073055236995e-05
"RBM47",221.877600477361,-1.09952387599079,0.148548331079241,-7.40179218441884,1.34358656822139e-13,1.21489079507866e-12
"APBB2",1850.80317516167,0.680358528194535,0.0648101396467026,10.4977173618719,8.84941427427867e-26,1.666408512401e-24
"LIMCH1",202.654924277139,0.525293779599338,0.136133019755294,3.85868013905503,0.000114001024323057,0.000394851520147187
"TMEM33",2050.55610682921,-0.224709378038326,0.0669569004823027,-3.35603016895501,0.00079069942830728,0.00237803644818516
"DCAF4L1",47.803396950444,1.43527093235696,0.281526978736201,5.09816479685183,3.42962187651764e-07,1.68636332433082e-06
"SLC30A9",888.392600361046,-0.391709152998013,0.0797091778675676,-4.91422899441788,8.91325223115067e-07,4.15805639289584e-06
"GUF1",669.80059697548,-0.367788988125424,0.0907236967864738,-4.05394622521884,5.03607977164509e-05,0.00018431192844195
"COMMD8",157.106800125857,-0.936103429748035,0.159582096827952,-5.8659677266759,4.46520649575166e-09,2.70206468300674e-08
"CORIN",175.738405893462,1.67646145433229,0.175311157261431,9.5627767252274,1.14638871853192e-21,1.75374117968284e-20
"LOC101927179",16.7951993284898,1.62400520116466,0.474744296619583,3.42079981313813,0.000624372729798849,0.00191390048710751
"NFXL1",757.95574576653,0.36334053393547,0.0889830219653467,4.08325684957035,4.44088922177554e-05,0.000163705951044245
"NIPAL1",224.984148593093,0.620543701333353,0.143082259283983,4.33697164441419,1.4445925234334e-05,5.78511152550963e-05
"TXK",78.8307430271929,1.7590243788382,0.242000988426147,7.26866609214288,3.63054571029766e-13,3.17756504348102e-12
"TEC",177.137405427736,1.1501007343628,0.148370438130093,7.75154908792804,9.07782401728903e-15,8.98360607444073e-14
"ZAR1",10.2390784692467,1.3797046052855,0.570339340428999,2.41909422598783,0.015559209227247,0.0356642723841539
"OCIAD1",1669.86504462197,0.222882478421789,0.0670677492358952,3.32324374921025,0.000889771294090329,0.00265604911227461
"DCUN1D4",644.81674686971,-0.467550069580308,0.0962317922644607,-4.85858216477362,1.1822934373611e-06,5.42140204444893e-06
"LRRC66",27.2382398150104,1.49383308269276,0.360749617190792,4.14091384025697,3.45924889889886e-05,0.000130117145495839
"USP46-DT",32.2042052784733,-0.859681094952349,0.360376031097534,-2.38551130144302,0.0170553983362491,0.0387146156213056
"DANCR",415.337805281854,-0.650403591499125,0.116357132435424,-5.58971829131391,2.27438287298062e-08,1.281233315223e-07
"ERVMER34-1",218.281643667965,-1.90056030715003,0.146111871768397,-13.007569365497,1.10810898373372e-38,3.54693285894589e-37
"SCFD2",150.302949698746,-0.688231641475649,0.162745206103443,-4.22889041068405,2.34846700190071e-05,9.09557787260965e-05
"LNX1",71.339789708487,-0.607146442713165,0.243593640834745,-2.49245604537377,0.0126863031606863,0.0297953693807804
"RPL21P44",19.2000860143479,1.11131393049905,0.414617172315668,2.68033744066189,0.00735479774617019,0.0183168615510963
"CHIC2",153.951677009827,1.063320622347,0.153254383542073,6.93827215751438,3.96924500890984e-12,3.1918681082358e-11
"TMEM165",626.043107705646,-0.312980873871685,0.0880485131224222,-3.55464121735387,0.000378495192246258,0.00120424820965216
"CLOCK",2237.09224604922,0.412771497962436,0.0694287517578162,5.94525304735825,2.76030104509971e-09,1.70470819512481e-08
"NMU",171.857325510207,-1.11410250961759,0.166486394241658,-6.69185319732763,2.20361876917472e-11,1.64983023844194e-10
"EXOC1",483.235717458277,0.262753104954115,0.0962747556370034,2.72920043489703,0.00634881025004336,0.016003903974826
"AASDH",341.676955040306,0.384033037094426,0.110803511464826,3.4658922990571,0.000528474929016485,0.00163863542712656
"PPAT",1119.33385354873,-0.347449337663274,0.0739081541182642,-4.70109613490418,2.58768644457561e-06,1.14407991701907e-05
"PAICS",4177.66357832424,-0.304751132655328,0.0712290758192396,-4.27846534789677,1.88186278741638e-05,7.39813466231033e-05
"SRP72",2460.20925723887,0.519091429450605,0.0693387043986615,7.48631567250088,7.08339090704298e-14,6.5416011183378e-13
"CENPC",429.743384020098,-0.514671058266325,0.102060809703616,-5.04278831180086,4.58796724121224e-07,2.21839972240102e-06
"STAP1",7.36579096259765,4.16496254892052,1.00755162925084,4.13374603147368,3.56897849421065e-05,0.000133853405711072
"UBA6",2596.14626697041,0.63633817195001,0.0699945917213566,9.09124771358373,9.79089217170422e-20,1.35515873906514e-18
"UBA6-DT",178.628744815971,0.696130768317721,0.143592011770657,4.84797698516523,1.24726866637587e-06,5.69904377199786e-06
"YTHDC1",1395.20870149423,0.680259946161518,0.0712393160272971,9.54893988455559,1.31030185688479e-21,1.99940302818973e-20
"UTP3",358.428309825755,-0.663615752057886,0.121999784094076,-5.43948300388927,5.34354063806004e-08,2.89003438890996e-07
"RUFY3",362.419978821534,-0.315224730905551,0.11852834040714,-2.65948826941106,0.00782594552110066,0.0193538306896878
"GRSF1",2035.95514267467,-0.218651281191403,0.0691864709725363,-3.16031845703182,0.0015759678267703,0.00449020019070792
"DCK",572.419347466317,-0.560821659384438,0.0912802841836485,-6.14395172407779,8.04933157320585e-10,5.17506258582742e-09
"COX18",119.242825273996,-0.809263263530992,0.179297421605004,-4.51352426759274,6.37591502109318e-06,2.67957939820709e-05
"ANKRD17",3146.01721373668,0.383413868782298,0.061898141667905,6.19427107907996,5.85553756842731e-10,3.81499069127363e-09
"CXCL8",240.778928368422,-0.353952792030862,0.125620726624991,-2.81763051003118,0.00483794483726093,0.0124977929920125
"CXCL1",65.8406348558906,-0.912397418608297,0.234322250339138,-3.8937720053805,9.86974181338872e-05,0.000344770315955374
"CXCL3",12.2869340934719,-1.65422426713147,0.567831283059371,-2.91323200479341,0.00357708729486347,0.00950098549624706
"CXCL2",20.4083502453949,-1.2934539288216,0.432117693645331,-2.99329082757539,0.0027598661884915,0.00750385464435807
"BTC",64.1188580643822,-2.2674181610535,0.29588514767731,-7.66316991188191,1.81399100644756e-14,1.75657882467445e-13
"PARM1",286.172582076854,-0.538925917233864,0.119329160552979,-4.51629689454319,6.29304180979177e-06,2.64660225097451e-05
"RCHY1",385.738337439431,0.392842145136435,0.118291284250024,3.32097286479798,0.000897042583569252,0.0026768677593147
"THAP6",254.102322393953,-0.559656588136777,0.12535895206651,-4.46443256672923,8.02812272931789e-06,3.32891853900225e-05
"G3BP2",3546.8618667098,0.303777311839474,0.0583504336019069,5.20608490953092,1.92866421677493e-07,9.7548295959868e-07
"USO1",2594.89918239166,0.595227982926105,0.0644348380077727,9.23767330421942,2.51915320951168e-20,3.60298888798491e-19
"SDAD1",808.255204787495,-0.632130657206169,0.0823435853917321,-7.67674438997211,1.63182580643057e-14,1.58700123355021e-13
"CXCL10",76.2759616330894,-1.9784948841398,0.249548626720184,-7.92829401685415,2.22176796040136e-15,2.29446879165576e-14
"CXCL11",29.0675083041719,-1.77756857485081,0.378107943272032,-4.70121986718467,2.58611869552062e-06,1.1436673622571e-05
"SCARB2",1573.81868061297,0.494393372305672,0.0655137209115917,7.54640959827083,4.47421395425864e-14,4.19728316864628e-13
"STBD1",29.8000130916152,1.73417804982493,0.391348229279418,4.43129141792219,9.36703944014059e-06,3.84780984159502e-05
"SHROOM3",1633.28723156929,1.33144783967846,0.071169389492948,18.7081531704075,4.24844015413798e-78,3.4643049781774e-76
"CCNI",4139.69738946764,0.886937121586846,0.0549130267029174,16.1516706479362,1.10527151227565e-58,5.75667570020793e-57
"CCNG2",1597.40748605312,1.78483653975996,0.082714966476133,21.5781570832767,2.88124887154827e-103,3.60576291070634e-101
"MRPL1",291.059184446697,-0.477452184724863,0.12360128689672,-3.86284153435892,0.000112075713794415,0.000388855687002146
"ANXA3",1574.26121106008,0.414460293122947,0.0777218862991687,5.33260723404984,9.68125629257046e-08,5.06748057236917e-07
"PAQR3",602.782606169664,-0.367099150727364,0.0985457721756169,-3.72516387687503,0.000195188377525226,0.000651990686076386
"ANTXR2",218.461729312874,0.990115573198861,0.13714764300012,7.21934078880231,5.22401899314347e-13,4.5195413478367e-12
"HNRNPD",2050.95258279452,-0.508425718996242,0.0717256983818696,-7.0884735940718,1.3559924647306e-12,1.12922089680731e-11
"HNRNPDL",3143.56362708059,0.275107766859688,0.0647941969305655,4.24587046204922,2.17746410146446e-05,8.47517938930693e-05
"ENOPH1",586.933176926046,-0.660646228221897,0.0898987816380889,-7.34877843930634,2.00026427169518e-13,1.78096652372622e-12
"SCD5",439.807090708337,-0.376978298170556,0.102938423185513,-3.66217284571354,0.000250085024219051,0.000820309832808796
"SEC31A",1611.48671369683,0.720596466594922,0.0650966711622913,11.0696361845971,1.76114134060129e-28,3.8191971238238e-27
"THAP9-AS1",598.367950813453,-0.377902632596554,0.0884753989112356,-4.27127356583825,1.94359808778881e-05,7.61591240270541e-05
"COQ2",135.397782214984,-0.690331996504719,0.163995734357426,-4.2094509299867,2.55992029834332e-05,9.83212354996696e-05
"HPSE",190.772191896989,-1.15232808053317,0.146168311832527,-7.88356974289654,3.18158455078538e-15,3.23928447399454e-14
"HELQ",213.470174184976,-0.364364726225509,0.143357743782423,-2.54164662899908,0.0110331657323583,0.0263453928266635
"MRPS18C",156.542163027172,-0.399602030822802,0.158657802154039,-2.51864090764874,0.0117808735139572,0.0278759350833801
"GPAT3",611.383552568683,1.74784286864868,0.0917961122505677,19.0404890337594,7.87885505882933e-81,6.72913966896509e-79
"WDFY3",1424.23327172321,0.289647792743656,0.0740162534779239,3.91329983798824,9.10433709767159e-05,0.000320260118752957
"WDFY3-AS2",31.1292880062674,-0.87257781472397,0.336559452865848,-2.59264093548363,0.00952421491945564,0.0230755414175195
"PTPN13",509.888597048921,-0.358764403576003,0.0968052916093867,-3.70604124641897,0.000210524029387849,0.00069881258677444
"NUDT9",126.375193402164,-0.492469050759252,0.170808356569745,-2.88316719772528,0.00393698412376605,0.0103528952129561
"PKD2",263.227323410244,-1.06932761100898,0.132094766285282,-8.09515502453421,5.71914701174258e-16,6.17154181428821e-15
"HERC6",340.865885917376,-0.732987319023035,0.112021169581462,-6.54329285939126,6.01788185466672e-11,4.31205761045523e-10
"HERC5",2312.14617406364,-0.49209955564642,0.0611559772815682,-8.04663055878815,8.51045910072284e-16,9.04819961381276e-15
"HERC3",329.345505099005,2.06271203540075,0.117695111888176,17.5258938311776,9.09017132956072e-69,5.93528904094253e-67
"NAP1L5",29.0801160420972,-0.992604543547412,0.352507867924948,-2.81583656384868,0.00486504090760613,0.0125641877609587
"FAM13A-AS1",63.0145463091693,3.00635131983121,0.2817421723958,10.6705762018751,1.39757012434503e-26,2.77069430262066e-25
"FAM13A",212.964679363459,-0.524045337175893,0.134585728600226,-3.89376602278922,9.86998535050094e-05,0.000344770315955374
"TIGD2",153.007011846373,-1.59376275671199,0.172536762563942,-9.23723578110688,2.52947236805329e-20,3.61201438547451e-19
"SMARCAD1",1095.29693820288,-0.290882016484788,0.0738923891718009,-3.93656261145492,8.26570617437474e-05,0.000293336532037037
"BMPR1B-DT",2.74027508804033,5.25962495665217,1.51585319273737,3.46974560719446,0.000520951525449437,0.0016175167884432
"BMPR1B",10.6350902084953,3.03656262362436,0.693093992285685,4.38117002516554,1.18043709781651e-05,4.77393557893881e-05
"RAP1GDS1",666.624758715788,0.202929763631379,0.0836461209978301,2.42605109729647,0.0152641209835001,0.03508335211276
"TSPAN5",1702.14478557437,0.566388953782047,0.0647098171989038,8.75275156536282,2.08212711934621e-18,2.63682451284175e-17
"METAP1",1428.76671560166,0.240704003511341,0.0673089509537877,3.5761068936671,0.000348749096197511,0.00111710050881183
"LOC100507053",51.4857980602507,-1.70863417628314,0.285040898504716,-5.99434742609355,2.04304175404522e-09,1.27308628802382e-08
"ADH6",10.0888805543744,-2.31134097483781,0.703632592130104,-3.28486912159754,0.0010202975401365,0.0030108176244451
"DNAJB14",1365.36238415039,0.571367084152297,0.0763191033762315,7.48655394096574,7.07054930854246e-14,6.53427533790993e-13
"H2AZ1",3040.11010614049,-0.821262322584774,0.0700135464836117,-11.7300488809978,8.9407028866242e-32,2.27893078811676e-30
"DDIT4L",146.081927061209,1.10078340069214,0.167748916211133,6.56208949395933,5.30589533483074e-11,3.83852026611741e-10
"PPP3CA",4425.12882587282,0.313246627432044,0.05572235841108,5.62156083059395,1.89239839529165e-08,1.07404228589041e-07
"BANK1",68.0978284804492,-0.673974686414037,0.245226457973705,-2.74837671262334,0.00598911538147402,0.015203528425066
"SLC39A8",345.641424611566,-0.487286671716774,0.112426948709921,-4.33425150560699,1.46256890292444e-05,5.84800403807439e-05
"NFKB1",790.834192136969,0.85824012987359,0.0828122597460929,10.3636844653799,3.62714996092746e-25,6.64277128514978e-24
"MANBA",440.172653847239,0.534252006540885,0.10174344392455,5.25097230772994,1.51298427188982e-07,7.74367780849942e-07
"BDH2",77.8719232278212,-0.873943692191744,0.21861585911054,-3.99762256840592,6.39818628212106e-05,0.000231019264656589
"CENPE",611.375780492135,-1.42835044268254,0.1011356509821,-14.1231151311356,2.73623356148409e-45,1.06270829766174e-43
"CXXC4",51.4802216156022,-1.19451888430092,0.2669852525482,-4.47410062128905,7.67336033129434e-06,3.19283367652402e-05
"TET2",946.384693703012,1.02409973300679,0.0796156286670069,12.8630490037339,7.26532798432686e-38,2.28098389556715e-36
"GSTCD",337.186776879618,-1.01814779744382,0.113524558272275,-8.96852463413171,3.00512540231121e-19,4.03241733991439e-18
"SGMS2",1213.27275285832,0.923826210362902,0.0781865584333212,11.8156653633854,3.23973827174061e-32,8.40047818633633e-31
"CYP2U1-AS1",29.6292175236547,1.21007298764072,0.372629018292447,3.24739332751328,0.00116467313430088,0.00340116262408623
"CYP2U1",103.358593508439,-0.930305243669885,0.198866830592884,-4.67803122771331,2.89642443694097e-06,1.27308450678325e-05
"HADH",242.122058584459,-0.521364938029671,0.129744345795591,-4.01840199534451,5.85941707437101e-05,0.000212716670220064
"RPL34",3314.07172071667,0.472316502782936,0.0761575511283209,6.20183416857918,5.58088680012913e-10,3.64395510960605e-09
"OSTC",1030.70451341472,0.339704690256152,0.0806746963666128,4.21079601852383,2.54472440256691e-05,9.79045227554618e-05
"SEC24B",1291.89872338493,0.642758094053304,0.0747291163474026,8.60117348457908,7.89051049449574e-18,9.59479687053358e-17
"MCUB",193.915076021749,-0.661718973711757,0.149914380909641,-4.41397929736039,1.01487668320235e-05,4.14624636318058e-05
"PLA2G12A",504.39397354903,-0.376487533059549,0.09931202258061,-3.79095625359921,0.000150068387293687,0.000510643945860831
"GAR1",261.778003470364,-0.524315966367478,0.129287187260358,-4.05543640849432,5.00407855828572e-05,0.000183215155828661
"RRH",23.1756506460442,1.57516438434359,0.401858592886384,3.91969815309866,8.86599403591165e-05,0.000312424870006187
"LRIT3",30.2211301129328,2.55000556391932,0.386783931079328,6.59284256407313,4.31484074714616e-11,3.15447241802519e-10
"ELOVL6",1532.01274010336,-0.415935724156617,0.0733307935635411,-5.67204722523845,1.41101064776385e-08,8.11353633801925e-08
"ENPEP",70.5205555478538,-0.776101816192905,0.230671839927269,-3.36452779167848,0.000766747617655279,0.00231217517030887
"FAM241A",230.252293568084,-0.466855509206705,0.135691012091687,-3.44057798678108,0.000580473126873988,0.00178968455421662
"ALPK1",193.954562559744,-0.464603120007632,0.142793742065328,-3.25366583498511,0.0011392620741226,0.00333343754469288
"ZGRF1",508.245714442971,-0.737072825239533,0.0976310207289381,-7.54957614635553,4.36677023206769e-14,4.10075905951494e-13
"LARP7",549.314746294273,-0.271026321864801,0.0948492962856993,-2.85744156760459,0.0042707125845878,0.0111523708863725
"ANK2",134.238253679905,0.3850411716025,0.166754272645443,2.30903331887144,0.0209417324114943,0.0463853195412411
"CAMK2D",2483.00311371551,0.405981574060416,0.0729970083928541,5.56161934576155,2.67282794651592e-08,1.49216333408189e-07
"ARSJ",78.1668499668798,0.524089347245088,0.210420969045474,2.49067072365696,0.0127502223233074,0.0299298888222383
"UGT8",312.938737845595,-1.48618604476373,0.123893723641019,-11.995652411497,3.74454964798631e-33,1.00417454176133e-31
"SNHG8",936.197973082351,0.607271459030278,0.0943181961390401,6.4385397928419,1.20628337677519e-10,8.45853413730182e-10
"PRSS12",248.826351071737,-0.360016901982335,0.124617976003595,-2.88896444580313,0.00386512773248097,0.0101875359132432
"LOC729218",145.106922311867,-0.721427214038161,0.160485816572653,-4.49527085598601,6.94814460566378e-06,2.90786144771637e-05
"METTL14",571.282455923734,-0.256270530985236,0.0961428229858659,-2.6655190998803,0.00768695650035068,0.0190440807111383
"SEC24D",1071.8723768423,1.14916512397468,0.0835894211649008,13.7477339591534,5.25498084155523e-43,1.92479694605014e-41
"USP53",1368.3814769988,1.2689246631285,0.0694675293867066,18.266442960203,1.53111427589526e-74,1.16422828548137e-72
"C4orf3",541.534993334929,1.32713774356096,0.107008736188574,12.4021438887217,2.54424022253957e-35,7.3359604880617e-34
"FABP2",11.4338959435007,2.29751639666997,0.58720606907516,3.91262372388031,9.12987352656904e-05,0.000321033074775221
"MAD2L1",1078.77392630931,-0.926331276379922,0.0760806945024076,-12.1756416977846,4.19085037969258e-34,1.1630921338513e-32
"PRDM5",26.8736217600154,-0.86281029451551,0.37246961282167,-2.31645821515272,0.0205332633641292,0.0455982672932807
"NDNF",5.28559088718424,2.8694208377427,0.99413980520465,2.88633532499186,0.00389756651205796,0.0102642183419255
"ANXA5",4086.95562452287,0.763306888121155,0.0666104087174091,11.4592734501817,2.11279698788043e-30,5.07662860247909e-29
"EXOSC9",542.864528017356,-0.654815318614143,0.0954457487126364,-6.86060225254904,6.85708406056654e-12,5.40085279088591e-11
"CCNA2",1085.07158104554,-1.1771359605293,0.0847743577541126,-13.8855190615962,7.75366399206451e-44,2.89893731952271e-42
"KIAA1109",2343.5980609766,0.336671871238388,0.0737244820770949,4.56662239941306,4.95645674660905e-06,2.1170966349998e-05
"FGF2",910.59335392911,-1.97991948566008,0.0956836638424842,-20.6923460719423,4.05971836384457e-95,4.35477289493113e-93
"SPATA5",718.451856117591,-0.847582122702318,0.0976264322754693,-8.68189180887737,3.89239594341955e-18,4.84425879118534e-17
"SPRY1",131.463658974147,2.49246717641206,0.185602730575471,13.429043682084,4.08654673116489e-41,1.40810054765435e-39
"FAT4",228.354058478716,2.13611415027081,0.14376489152174,14.858385296022,6.13869842244552e-50,2.65288931105254e-48
"HSPA4L",711.344288239804,-0.959907760515855,0.100423195719742,-9.55862590944365,1.19330480215034e-21,1.82396487188729e-20
"PLK4",534.621256062292,-0.884006866508967,0.0952989366875824,-9.2761461694688,1.75719472424959e-20,2.54553103904356e-19
"PGRMC2",588.622437763781,-0.447406374464921,0.0908144407820519,-4.9265994550213,8.36730319186375e-07,3.91858552028526e-06
"JADE1",484.461307112446,-0.607057713591838,0.0950005641305543,-6.39004325024418,1.65838842082663e-10,1.14724828144786e-09
"SCLT1",207.369538796173,-0.758958632883981,0.138965922445508,-5.46147299660163,4.72200081785692e-08,2.57162818792987e-07
"C4orf33",82.2165831844454,-0.87475089691348,0.219554221954393,-3.98421350829313,6.77039812183345e-05,0.000243581952224165
"SLC7A11-AS1",55.0824402143928,1.61265810152007,0.26494523758865,6.0867601025683,1.15218410004752e-09,7.35251758744911e-09
"SLC7A11",1994.67385825906,1.20590310603855,0.0737896941045185,16.3424326482566,4.9248163934037e-60,2.65718910854874e-58
"NOCT",802.91444701868,0.800807778374115,0.0802941415167618,9.97342724197309,1.99232767587749e-23,3.39997509914662e-22
"NDUFC1",288.386288129892,0.287212076767785,0.123481633300214,2.32594977157051,0.0200212303962224,0.0446372130360415
"NAA15",1947.71579634335,-0.528356787897883,0.0665542018356565,-7.93874426144519,2.04238386467174e-15,2.11406086302409e-14
"SETD7",2638.31678728186,0.433160246292532,0.0613630316201029,7.05897728414426,1.67732486644602e-12,1.38708572556736e-11
"MGST2",75.7684895435405,-1.13737921609819,0.220241833513963,-5.16422878411102,2.41432257141985e-07,1.21025054407669e-06
"SCOC",893.517846120127,-0.331682597720126,0.077054448823957,-4.30452235766305,1.67346392451175e-05,6.63677231153748e-05
"SCOC-AS1",4.92109692602857,-2.28232535921354,0.996080274549392,-2.29130665221337,0.0219456841399618,0.0483416665305282
"ELMOD2",583.99168396834,-0.681501039670326,0.0922288284730339,-7.38924098845715,1.47669318443028e-13,1.32858152154858e-12
"GAB1",180.366974621073,0.845463708087764,0.147940998570551,5.71487090297402,1.09787338945264e-08,6.39662992283412e-08
"ABCE1",2877.13520346876,-0.166022651941058,0.0609815952371271,-2.7225042456741,0.00647892009322716,0.016306790363135
"OTUD4",1738.02221033051,0.373028707001351,0.0752071676412987,4.96001536423384,7.04876043787065e-07,3.33225896775622e-06
"MMAA",80.5872650248144,0.765819853671556,0.206208368488577,3.71381558995254,0.000204157588031764,0.000679557424071005
"ZNF827",585.184537378157,0.282426677563582,0.0895419783150979,3.154125951626,0.00160979593248511,0.00458295932058676
"LSM6",129.508934567737,-0.751891744230152,0.177851258590985,-4.22764365114403,2.36151405093357e-05,9.14021578863271e-05
"LRBA",3894.42404989675,-0.155069407545015,0.062763763783344,-2.47068369067705,0.013485504042233,0.0314591933132791
"RPS3A",9615.2677052831,0.485787380716222,0.0658309303120237,7.37931817784892,1.59102194638836e-13,1.42716806848505e-12
"SH3D19",671.422419444831,-0.712032580571693,0.0885461632772506,-8.04137135046968,8.88385840946258e-16,9.42850485258687e-15
"FHIP1A",651.596916328905,1.54382564806547,0.0995922023191704,15.5014711203781,3.39039414778958e-54,1.61635695601365e-52
"FBXW7",478.877240144156,0.483151423711272,0.0937593410167128,5.15310174401875,2.56212862374155e-07,1.28042484549214e-06
"TRIM2",1553.20065419102,0.271398243599614,0.0690377959154447,3.93115452196669,8.45389126948379e-05,0.00029954300937351
"MND1",126.426999480339,-1.22740446682936,0.183018833771506,-6.70643802900493,1.99432483858272e-11,1.50249698645899e-10
"TMEM131L",350.424936330355,-1.152517708736,0.11253964866849,-10.2409925956939,1.29896790453472e-24,2.30855035578108e-23
"PLRG1",1065.88403800256,-0.310330252943809,0.0785335088033909,-3.95156485011669,7.76418256455787e-05,0.000277011154218763
"PDGFC",598.161172529656,0.407009903128002,0.0897694775886225,4.53394532374539,5.78920208580045e-06,2.4501458616301e-05
"TMEM144",270.507338636469,0.96337603747097,0.125281661045045,7.68968123055609,1.47502062552854e-14,1.43760663562195e-13
"C4orf46",206.49652235282,-1.73265087024827,0.158517736469215,-10.9303281061218,8.25494024585391e-28,1.72178562697377e-26
"PPID",432.157462825378,-0.362715290194959,0.11539392560834,-3.14327888823243,0.00167066581737775,0.00473307163888768
"RAPGEF2",968.187046206087,0.623616208902136,0.082274504186838,7.5797018172964,3.46350047612388e-14,3.2815847571098e-13
"FSTL5",7.63332969253847,-2.64188166694687,0.833538052795709,-3.16947937539975,0.00152712295899189,0.00436137604500679
"NAF1",331.909612780655,-0.327684856472377,0.109904902144028,-2.9815308514897,0.00286811146567157,0.0077700295734918
"TMA16",362.442506505156,-0.543468788265046,0.107791227156541,-5.04186474726546,4.6101710124654e-07,2.22794024713432e-06
"TMEM192",225.802855525511,-0.524246389994989,0.131619010697849,-3.9830597967225,6.80336286645056e-05,0.000244668533658562
"KLHL2",474.65448718906,0.250094396233096,0.0966537343911215,2.58752957460554,0.00966668970090426,0.0233798705006034
"MSMO1",5515.13843818979,1.54710819324558,0.0717134497680832,21.5734732919533,3.188327914147e-103,3.93540118772898e-101
"CPE",454.929729611353,0.340301619573482,0.0959562499012261,3.54642475006866,0.000390496248721384,0.0012404605849124
"LOC101928131",69.0922348360182,0.654487185951922,0.225784391519989,2.89872644227482,0.00374681641710085,0.00989469206514864
"DDX60",1106.11147812978,-0.571182129919905,0.087080561261943,-6.55923803938009,5.40834110904967e-11,3.9094951915838e-10
"DDX60L",1429.55915395546,-0.49073791468518,0.0792926871804526,-6.18894291687163,6.05690102357482e-10,3.93906219219927e-09
"PALLD",2598.85558805356,0.530137358059863,0.0598082190586857,8.86395492799536,7.72249855100115e-19,1.00627003895583e-17
"CBR4",309.702912107037,-1.10721702896484,0.12246047551312,-9.04142356401532,1.54644575926932e-19,2.11445364399033e-18
"SH3RF1",1516.54642100451,0.549113345145099,0.0719618900923624,7.63061315427259,2.33639789299848e-14,2.24316603248405e-13
"CLCN3",2024.77784384539,0.155656884038081,0.0635166852247992,2.45064558213606,0.0142600284343611,0.0330903904732966
"HPF1",218.330881064108,-0.888854389029421,0.134215119185165,-6.62260998928999,3.52911278389976e-11,2.59584250933297e-10
"AADAT",209.809215651467,-0.588746606819047,0.13645873008803,-4.31446640635778,1.59988858958486e-05,6.35897491683033e-05
"GALNT7",466.792163520742,-0.685096313081882,0.102328033709184,-6.69509896993547,2.15525716143994e-11,1.61765469830526e-10
"HMGB2",1886.25015635456,-1.78295326605433,0.090898131006699,-19.6148506719344,1.15475555209574e-85,1.05100251536957e-83
"SAP30",190.726112588919,1.37063013286274,0.14402596775034,9.51654867710135,1.79026123966403e-21,2.71339762825782e-20
"SCRG1",42.9451306393427,2.75667149938144,0.333696233530124,8.26102072000936,1.44432009805867e-16,1.62472487435176e-15
"CEP44",216.743311684047,-0.690021188217251,0.142268821663976,-4.85012232579677,1.23385357112218e-06,5.6420388747e-06
"SPCS3",2579.10825074532,-0.393562743896343,0.0670445060349218,-5.87017143047256,4.35344749149836e-09,2.64064211525722e-08
"NEIL3",229.306837177176,-1.60492269367803,0.145657109708412,-11.0184988353188,3.11205645160804e-28,6.66853380670968e-27
"WWC2",644.071774583074,0.620679539318672,0.0882487455882393,7.03329588632009,2.01710976269902e-12,1.65303933758977e-11
"TRAPPC11",318.601941814698,-0.556495653218464,0.120513876916231,-4.61768941020196,3.8803644736122e-06,1.68161735926781e-05
"PRIMPOL",75.4776398138311,-1.16337539219439,0.226967183838658,-5.12574272861131,2.96367072654001e-07,1.46927950929787e-06
"CENPU",298.432068601097,-1.52899755385663,0.125165748284701,-12.2157824709264,2.56026254279478e-34,7.15325446258988e-33
"SLC25A4",347.008365243441,0.586030149942845,0.108786484840965,5.38697569647154,7.16531186420127e-08,3.8202983758808e-07
"CFAP97",1457.20236815983,0.327704786967676,0.0712076342175804,4.60210187528978,4.18248524573466e-06,1.80015683337436e-05
"SNX25",808.046986745999,1.59546564496834,0.0825930138086462,19.3171985304321,3.84984883049408e-83,3.4008885183497e-81
"LRP2BP",457.472274087685,2.25617980002358,0.114903942089331,19.6353559242514,7.71384360111222e-86,7.09240691508384e-84
"ANKRD37",164.4306241514,5.69767258700625,0.323242910624105,17.6265972113832,1.53958576525024e-69,1.03913389796159e-67
"UFSP2",272.881224538725,0.526962353943949,0.12276943440759,4.29229275582108,1.76837578241126e-05,6.9885745558845e-05
"C4orf47",48.0389623613119,2.82045058521703,0.314239587924227,8.97547824527165,2.82123466417499e-19,3.79131020753896e-18
"PDLIM3",99.8451767403881,0.637934619694646,0.197265523806449,3.23388804787078,0.00122117314317612,0.00355176907895043
"TLR3",98.1581737719415,-1.16564804358934,0.200145066283145,-5.82401587626596,5.7450115076847e-09,3.44070629378484e-08
"FAT1",52317.5260204945,0.706441375643122,0.0668307915466677,10.5705971647787,4.07889017097118e-26,7.88687551191755e-25
"TRIML2",221.228221420325,1.05850154527134,0.135849626966433,7.79171477248798,6.61058283477584e-15,6.58173001466826e-14
"FRG1",169.470306272043,-0.418628863576967,0.162307042533206,-2.57924029076756,0.00990178827539862,0.0238875671366745
"CCDC127",262.165709935336,0.336304083667441,0.126811727198379,2.65199513560242,0.00800176946941647,0.0197534092614184
"SDHA",1121.83451231861,-0.243791160170855,0.0719278135707315,-3.3893864983275,0.000700492012821107,0.00212446424824119
"PDCD6",497.361691357802,-0.448403405041029,0.103788084049747,-4.32037462822904,1.55764533332981e-05,6.20613012423979e-05
"EXOC3",456.55676509651,0.291904456913915,0.101325020566752,2.88087241711056,0.00396576133192497,0.0104194467068989
"ZDHHC11",90.6721193463713,1.59186084448667,0.207745139267061,7.6625660176833,1.82254391869973e-14,1.76391320939247e-13
"TRIP13",425.611376035091,-1.81182616997906,0.112416325483083,-16.1171089892251,1.93449875885505e-58,9.98899774593892e-57
"LOC100506688",23.8077538130853,-1.46348198050226,0.405305631194936,-3.61081087422242,0.000305241190989765,0.000987744927783545
"NKD2",94.6100106814413,1.0880859546971,0.206602545418388,5.26656606526135,1.38999239153549e-07,7.14462432625813e-07
"SLC12A7",643.50956355044,0.709581172159884,0.0889184109757764,7.98013779568319,1.46170017946875e-15,1.52703182227283e-14
"CLPTM1L",1065.41265012293,0.181666789246569,0.0740306529864758,2.45394011693718,0.0141300509733532,0.0328352867299546
"LPCAT1",1057.62250622389,-0.192838931902132,0.0773177842263452,-2.4941083585324,0.0126273989444579,0.0296763636382468
"MRPL36",136.95480406184,-0.763682950010533,0.176316524916193,-4.33131806773941,1.48219388891418e-05,5.92175881260104e-05
"NDUFS6",109.846924030982,-1.0499534383987,0.205997379905877,-5.09692617876227,3.45212867030154e-07,1.69696701493464e-06
"ADAMTS16",60.9107146164033,1.78509478967008,0.254610341826492,7.01108516199456,2.36476731180192e-12,1.92917481783533e-11
"ICE1",1539.59939787859,0.252989051907637,0.0676535486711189,3.73947940465741,0.000184401754852052,0.000618712348573603
"NSUN2",1358.45575949547,-0.247758422385807,0.072885405398428,-3.39928715538366,0.000675617423433161,0.00205698624559706
"TENT4A",1001.68724125389,0.859058605180842,0.0766925842515765,11.2013255722724,4.01677672137072e-29,9.01448733447345e-28
"FASTKD3",141.358134529454,-0.470632660029548,0.158687815556874,-2.96577691474285,0.00301919404997328,0.00814382517206533
"MTRR",380.657948914426,-0.541509654707851,0.106738703207832,-5.0732268468118,3.91125768173547e-07,1.90963897812395e-06
"ATPSCKMT",114.010124540662,-2.06495067493321,0.20834373088656,-9.91126858555463,3.71893755900627e-23,6.22274593786926e-22
"CCT5",3918.23295482897,-0.337123947947172,0.0746415708738094,-4.51657091350771,6.28490763985112e-06,2.64441561003402e-05
"CMBL",878.006650260459,0.331826509176813,0.0794905351475716,4.1744153383895,2.98752289901657e-05,0.000113462908668446
"MARCHF6",3195.54651561849,0.248582954501471,0.0658775877549492,3.77340705652653,0.00016103322753413,0.000544972731153532
"ROPN1L",5.58014885980729,1.9439252501417,0.837801593409969,2.3202692205796,0.0203263180748119,0.0452334623396128
"ANKRD33B",816.661923267933,0.8373122069644,0.0808915841006203,10.3510422780555,4.13954454770696e-25,7.56579435032729e-24
"DNAH5",29.9804291408155,1.78956363456134,0.346176644661841,5.16951002373214,2.34708546395732e-07,1.17785650643205e-06
"TRIO",3187.7168052025,1.69141519374448,0.0686264795741639,24.6466845485872,3.99402549577442e-134,7.82351450645117e-132
"OTULINL",132.979502952113,-0.945972956505049,0.173787373797436,-5.44327781607231,5.23089678563426e-08,2.83166088837233e-07
"LOC100130744",56.2554247845032,0.570204730170631,0.240266256621257,2.3732201857603,0.0176337483791566,0.0398867553082442
"RETREG1",186.90500558773,0.584349899578229,0.142004859582979,4.11499931265922,3.87180568475734e-05,0.000144429331908532
"MYO10",1744.36186274519,0.682516003318656,0.0648312462643067,10.5275780221183,6.44719685928339e-26,1.22817055603748e-24
"PURPL",32.8998933748017,0.938001689775286,0.319639371767062,2.93456242449024,0.00334018358237755,0.00891490644816732
"DROSHA",1237.93588069548,0.267155793496547,0.0779538119115841,3.42710365209025,0.000610056157712775,0.00187352113465268
"C5orf22",455.225316136908,-0.46111522899375,0.104470992168228,-4.41381113956708,1.01566571089511e-05,4.14852941433382e-05
"PDZD2",83.5443562117821,0.743000469044836,0.235585398804453,3.1538477037007,0.00161133150725758,0.00458588204237033
"GOLPH3",1286.5987426498,0.255556491170633,0.0714325822834888,3.57758998766734,0.00034677685004966,0.0011115733928753
"ZFR",1511.06070095563,-0.366789734828359,0.0735509768307221,-4.98687781771447,6.13628439314337e-07,2.92390219589732e-06
"SUB1",1334.64125920642,-0.492788803739356,0.071788334386956,-6.86446910835273,6.67389802554765e-12,5.26339258606882e-11
"NPR3",18.3984582796291,1.56426549730885,0.442487450765732,3.53516352746696,0.000407522877493686,0.00129022659439805
"LINC02120",6.85340659466988,2.30979027121513,0.787238340329439,2.93404189415946,0.00334579045057969,0.0089285487501698
"TARS1",2615.26010029675,0.312745527684224,0.0735752710960817,4.25068807800668,2.13114791908094e-05,8.30566969069154e-05
"SLC45A2",10.4892579629451,2.25672800486923,0.604976126499725,3.73027613159915,0.000191270028888304,0.000639850972822743
"LOC646652",72.0525087854606,-0.624753444923532,0.25014537794115,-2.49756141834655,0.0125050800688031,0.0294272718620921
"RAD1",462.581084519634,-0.242161435984954,0.104565906053484,-2.3158737405392,0.0205651634798746,0.0456578552508095
"BRIX1",49.1651068397379,-1.01075399928791,0.276210915423187,-3.65935574175017,0.000252850132550686,0.000828173798381663
"DNAJC21",471.220647132285,-0.302706087160943,0.0982331398073599,-3.08150678838695,0.002059557804285,0.00573474832988565
"LMBRD2",122.811994398894,0.644464951504516,0.168016969596405,3.83571345830479,0.000125200311294035,0.000430825818184037
"SKP2",655.870355135084,-1.04049164774674,0.0928198727018931,-11.2097939531597,3.65042163086936e-29,8.2230310262371e-28
"NADK2",286.477280118495,-0.645700763508695,0.118235360962926,-5.46114764863926,4.73066393220591e-08,2.57556781638316e-07
"NIPBL",2216.86441604721,0.475224409771577,0.0660209837208611,7.19808132185431,6.10657229552709e-13,5.25281810681115e-12
"NUP155",2458.45988252469,-0.818568290954278,0.0676135191444156,-12.1065772246805,9.74775307631307e-34,2.67373300134304e-32
"LIFR",757.190125152979,1.04399529569664,0.0956478675605105,10.9149876763972,9.77425560553535e-28,2.02694890986597e-26
"OSMR-DT",38.1430080560443,1.70619294446108,0.31909915707326,5.34690520686449,8.94708435197976e-08,4.7186247324269e-07
"LINC01265",1.68470324677861,4.55823882924159,1.68173276239977,2.71044183187414,0.00671936332895453,0.016867202472641
"OSMR",2399.13162655463,1.84422620310317,0.06319032322291,29.185263012463,2.98320434604972e-187,9.95561583706704e-185
"RICTOR",1855.62189028475,0.756283515389428,0.0753383556541372,10.0384924627419,1.03239860436237e-23,1.77189097611565e-22
"PRKAA1",783.60646257932,-0.422480354324159,0.0941802608768025,-4.48586944218393,7.26171997248019e-06,3.03064973654622e-05
"RPL37",2487.1540208132,0.255563974791271,0.0908759430594047,2.81222913553933,0.00491994414837273,0.0126968800655628
"OXCT1",453.967444440735,-1.12466076659093,0.107138443982038,-10.4972661986717,8.8918007359515e-26,1.67264239104992e-24
"RIMOC1",689.795878764077,-0.726640003700237,0.0878009260311349,-8.27599475935555,1.27387601018321e-16,1.4392802244208e-15
"SELENOP",72.0383244589109,-1.3730985852618,0.233435192843707,-5.88214042850489,4.04994489440122e-09,2.4673447242057e-08
"LOC648987",14.9312067074653,-1.33949310844631,0.520568695661789,-2.57313418883831,0.0100782124049923,0.0242871711353794
"ZNF131",649.383958040369,0.293756841088249,0.0887657393467913,3.30934934187384,0.000935130781841833,0.00278223407950663
"HMGCS1",8262.17818428856,0.948757167654094,0.0642950422113395,14.756303674792,2.80223661377568e-49,1.19383229354259e-47
"C5orf34",125.672347444016,-1.16762516576684,0.177208400469153,-6.58899444199934,4.42815361730786e-11,3.23075936589089e-10
"MRPS30",605.500196239533,-0.306167914981111,0.0888254526653254,-3.44684891316776,0.000567165668617173,0.00175135238419295
"EMB",383.684488358278,-0.439698655373549,0.10899602323446,-4.03407979782639,5.48166886457452e-05,0.000199657625713431
"PELO",464.416502513761,0.535129625273425,0.0960864731268069,5.5692503622982,2.55837650680129e-08,1.43092808904612e-07
"ITGA2",3746.0190627845,1.89622512915323,0.0635071477751889,29.8584520889797,6.81904753652943e-196,2.45772111311594e-193
"MOCS2-DT",36.3467633902439,-1.32191320194207,0.328162320423069,-4.02822968900832,5.61984259902015e-05,0.000204307410685782
"NDUFS4",678.444117852722,0.668537742132273,0.0903385635689573,7.4003583377985,1.35817491041295e-13,1.22685062960159e-12
"ARL15",196.248570605943,-0.343342069563434,0.14074956079628,-2.43938288418807,0.0147123707078163,0.0340130381687694
"GPX8",430.553924177496,-0.888081005394929,0.108964262267762,-8.15020435978005,3.63309787745661e-16,3.98248520983246e-15
"MCIDAS",53.1048200429883,-0.620231190826987,0.257058457246148,-2.41280212085409,0.0158304114659888,0.0362214125226745
"CCNO",42.9241393422919,-0.803022551694995,0.294152936362825,-2.72994912654722,0.00633440998268449,0.0159720725196526
"DHX29",677.687975857879,-0.276568702128087,0.0846787648487931,-3.26609277570289,0.00109042517870619,0.00319937351765945
"PLPP1",91.2906474992232,0.665835684931745,0.198530036783961,3.35382844690803,0.00079701760374539,0.00239543933240421
"SLC38A9",239.865141008391,-0.544613071423903,0.130551411582837,-4.17163678906941,3.0241942232039e-05,0.000114710595866886
"IL31RA",54.748595250861,0.812746073888129,0.245599345532556,3.30923550356283,0.000935511110161719,0.00278290619283994
"IL6ST",1625.79437017021,0.337547706078277,0.0685275268528698,4.92572432685336,8.40484235082901e-07,3.93412114296856e-06
"MAP3K1",610.267738308031,1.03549375612632,0.0935952569236415,11.0635281120187,1.8853261826827e-28,4.07868705139555e-27
"SETD9",103.399485160961,-0.563561495822162,0.190384839192349,-2.96011750837359,0.00307521721259439,0.0082763574355083
"MIER3",699.80747383519,0.346708159940641,0.0871542977837423,3.97809596034994,6.9469336434844e-05,0.00024933417882739
"GPBP1",1951.94807242002,0.607910933970368,0.0625833285964325,9.71362418081772,2.63787242095408e-22,4.21054906094008e-21
"LOC101928505",5.31801084210685,-3.53495194084889,1.19855581195051,-2.94934278871517,0.0031845054544453,0.00853860627801796
"PLK2",2059.13570176425,0.398275306437294,0.0660035835726199,6.03414670658139,1.59804835893257e-09,1.0072902929809e-08
"DEPDC1B",392.78041036312,-1.27254713698227,0.113437602290703,-11.2180362709109,3.32573355239878e-29,7.51040655987197e-28
"ERCC8",264.07650161263,-0.477982975178825,0.124802908641333,-3.82990252697141,0.000128194027488806,0.000440706709152188
"SMIM15",964.041222233644,-0.188620678914497,0.0773414384412514,-2.43880489833109,0.0147359217155438,0.0340506133258753
"ZSWIM6",500.029185767909,1.18300596424939,0.10003253147998,11.8262124005744,2.85747042542374e-32,7.43066010628589e-31
"KIF2A",889.7095700526,-0.560781091648785,0.0780297074421755,-7.1867639906808,6.63449455019972e-13,5.68792703563983e-12
"IPO11",508.164505346714,-0.45145333057574,0.0982881220819553,-4.59316264277902,4.36578536360086e-06,1.87323376279645e-05
"SREK1IP1",573.130530412207,-0.374031107732192,0.0926705084634258,-4.03613958673606,5.43378947143264e-05,0.000198022891940723
"CENPK",189.044523350251,-1.76630546695576,0.16802642290915,-10.5120696874609,7.6006903471627e-26,1.43645609617757e-24
"PPWD1",302.290879911221,-0.887773307251673,0.119398322479023,-7.43539179461794,1.04258481050818e-13,9.51312449122423e-13
"TRIM23",493.320551533119,0.307954365661213,0.0972731433791891,3.16587245937708,0.00154618571691418,0.00441022678134069
"SHLD3",35.4033811959772,-0.730817318032287,0.315033143184892,-2.31981089559003,0.0203511094115446,0.0452774497167217
"TRAPPC13",197.865502920049,-0.731949271547882,0.142216061693961,-5.1467412529183,2.65050522031828e-07,1.3216589533856e-06
"SGTB",432.516225205794,0.302549109030063,0.102070414761135,2.96412148160747,0.00303548428141131,0.00817816622360037
"ERBIN",3105.20400882577,0.459390824066252,0.0624418332646395,7.35710020106669,1.87948271097017e-13,1.67508199477713e-12
"SREK1",1500.66437180262,0.46510427417479,0.0693224725420423,6.70928570663311,1.95579403896275e-11,1.47593653166447e-10
"MAST4",88.9855620478844,0.866609447850013,0.202601397571294,4.27741100623484,1.89079508763761e-05,7.43162884936038e-05
"PIK3R1",557.462385995957,0.236663352489209,0.0910028019987541,2.60061610512223,0.00930565237283614,0.0225976501025307
"SLC30A5",653.539614346734,-0.464823503612446,0.088229504892844,-5.26834537014552,1.3765892954554e-07,7.08179151966937e-07
"CCNB1",1488.78882653458,-1.12171816216029,0.0830974336540882,-13.498830383014,1.58878404738119e-41,5.54873591431326e-40
"CENPH",161.438289382893,-0.563271293178358,0.150756650141309,-3.73629483442611,0.000186751687560849,0.000625665023523713
"MRPS36",161.803156506407,-0.396399622776022,0.157713590214338,-2.51341448912108,0.0119568760761963,0.0282664126681273
"CDK7",1052.37811290703,1.11373716704561,0.0741982413032725,15.0102906414372,6.2871612715735e-51,2.7838067143741e-49
"CCDC125",265.443797069461,-0.855956150218052,0.127213688450497,-6.72849094027437,1.71431669503771e-11,1.30188374046669e-10
"TAF9",613.232382893166,-0.63134674895363,0.0963268629931204,-6.55421270179555,5.59361916365424e-11,4.02727171187427e-10
"OCLN",681.168171612028,0.846482775057563,0.087091201347904,9.71949820368318,2.49005557076823e-22,3.97812867383106e-21
"GTF2H2C",138.149970459447,-0.957783265451703,0.174701474137251,-5.48239944843991,4.19595495468637e-08,2.29624367562718e-07
"SERF1B",8.99359480492421,-1.51382872035756,0.653486633149691,-2.31654121685883,0.0205287367042023,0.045593833392461
"SMN2",52.1707250481887,-0.777594392937926,0.279900769302892,-2.77810738024967,0.00546765459602731,0.0139841901043157
"GUSBP14",169.447949160197,0.427392868071222,0.149770480967125,2.85365223715238,0.00432198144162664,0.011265031466525
"GTF2H2B",87.9847673788735,-0.663146273418814,0.20458677916958,-3.24139358423126,0.00118946834327323,0.00346739065256015
"GTF2H2",105.92206999664,-0.835522368364561,0.185290905810614,-4.50924649922404,6.50582820180491e-06,2.73099301245577e-05
"BDP1",1554.54328839931,0.490257779698931,0.069236138135589,7.08095212847994,1.43167357277286e-12,1.19059480641162e-11
"MCCC2",666.79994502511,-0.664289416011768,0.089892523029971,-7.38981834774275,1.47029540660438e-13,1.32348618993094e-12
"MAP1B",1184.84460422905,0.930744447685202,0.0737306588757195,12.6235742617473,1.56551149381224e-36,4.68639246345356e-35
"PTCD2",364.401962883984,-0.778936177430851,0.111423891630855,-6.99074647304054,2.73427477734716e-12,2.22558110942065e-11
"TNPO1",3783.40332683327,0.365183082689547,0.0570377286709364,6.40248290384022,1.52870250828743e-10,1.06378012200874e-09
"FCHO2",657.43775950796,0.69719791284659,0.089850792997429,7.7595076191096,8.52597440298913e-15,8.44212003935534e-14
"FOXD1",416.399195330962,1.93616715649482,0.108097853174926,17.9112452248397,9.635562604137e-72,6.9180268402053e-70
"BTF3",4527.11299290491,0.317314595013777,0.0692025326356044,4.58530320970536,4.53328076348374e-06,1.94094209167832e-05
"UTP15",386.379104741999,-1.15848037779852,0.108227175811322,-10.7041541933808,9.73152724047043e-27,1.93567166004986e-25
"ENC1",908.966100803346,-0.203625512057258,0.0769268833070388,-2.64700067523242,0.0081209190853226,0.0199964984147371
"GFM2",469.399182350191,-0.917766482080344,0.102355134951955,-8.96649183757258,3.06108609724942e-19,4.10445182727171e-18
"GCNT4",12.2771125355115,1.49072013398852,0.554719755303633,2.68733918295834,0.0072023774863881,0.0179670604488095
"ANKRD31",16.8130398966071,-1.87315362925535,0.510882267061753,-3.66650743238447,0.000245885775694231,0.000807123417811608
"HMGCR",8063.71754312183,1.16004909256874,0.058500357273787,19.8297779129724,1.64765624442548e-87,1.53053676189647e-85
"CERT1",813.835403579675,0.244953277655894,0.101679416415377,2.4090743858641,0.0159930379220058,0.0365424795730272
"POC5",238.98045002839,-0.460096403588803,0.131011287738481,-3.51188368216965,0.000444942691743848,0.00139831256760798
"LOC441087",7.30279213967326,-1.97310037062384,0.77016241456531,-2.56192763150807,0.0104093005981226,0.0250281529124439
"IQGAP2",37.0311669652255,-1.66387974882936,0.332398743940929,-5.00567399594342,5.56669023141206e-07,2.66588691629755e-06
"F2R",379.57990116129,-0.524069789470131,0.111980575368938,-4.68000622200322,2.86866210892505e-06,1.26150671911645e-05
"F2RL1",3092.82258646713,1.2354391009571,0.0593301599209179,20.8231210332794,2.67202262153901e-96,2.91833452501542e-94
"ZBED3",124.581837193484,-0.893358696760342,0.174242900365366,-5.1270880758245,2.94257878821498e-07,1.45922433523451e-06
"ZBED3-AS1",21.0661779370633,-1.20802297604106,0.422212118990479,-2.86117551274813,0.00422073319136847,0.0110330479897957
"PDE8B",61.9677661223424,0.81970109832565,0.231852914324688,3.53543582021892,0.000407103123063014,0.00128935068202435
"WDR41",735.017995523528,0.365729044287118,0.0876896230291217,4.1707220495823,3.03636027997379e-05,0.000115123603209358
"AP3B1",1556.90990591736,0.317118591197213,0.0677054530985086,4.68379689795176,2.81609056540452e-06,1.23958886368234e-05
"SCAMP1",1383.88251979473,0.497714897969175,0.0773391584159832,6.43548375962565,1.23080689902729e-10,8.61708280006635e-10
"LHFPL2",365.098063483761,0.539989764992176,0.104190917472879,5.1826951723766,2.18702315675175e-07,1.10028878581305e-06
"ARSB",76.1880856526038,-0.929255172898281,0.216589538283381,-4.29039731218442,1.78353742218924e-05,7.04077281166974e-05
"HOMER1",426.266198230195,0.349923381599516,0.102663069520993,3.40846404877815,0.000653296929806874,0.00199577283811658
"TENT2",843.270981078423,0.287520679453317,0.0806732739997603,3.56401401849851,0.000365226436333136,0.00116449851542099
"CMYA5",110.092351218333,1.80314093694819,0.202974089549086,8.88360155206969,6.47298346939012e-19,8.46514042829313e-18
"MTX3",1043.1184166794,0.478943709561883,0.0788656632708154,6.07290536462297,1.25616490770937e-09,7.98213956340993e-09
"THBS4-AS1",6.92818442493566,1.93862595126533,0.736232352752231,2.63317136773225,0.0084591654335489,0.0207517860438313
"SERINC5",1500.87306702827,1.20464564336648,0.067730261993406,17.7859291830846,9.08448111841133e-71,6.39497789980041e-69
"FAM151B-DT",5.35336019483572,-2.4035940860449,0.985610061378344,-2.43868663706979,0.0147407445626825,0.034052423761582
"DHFR",497.191872916702,-2.02645968446139,0.110170256752468,-18.393890912086,1.47038822483052e-75,1.13724747638072e-73
"LINC01338",18.8795287558561,-1.28732025756655,0.452607461585437,-2.84423118668259,0.00445187332035072,0.0115717884185836
"TMEM167A",1424.94633420473,-0.712423239469792,0.0726667766852769,-9.80397469059801,1.08240640246834e-22,1.77327688898926e-21
"XRCC4",449.791109111773,0.246407204677069,0.104581276672131,2.35613115959151,0.0184663962190609,0.0415822724308005
"VCAN",3575.88379249105,0.926820127700251,0.0635585041889919,14.5821576439927,3.64802119456014e-48,1.51476935362139e-46
"VCAN-AS1",26.5761549727267,1.96972721783305,0.395130457802681,4.98500477231417,6.19602835625637e-07,2.95158940016114e-06
"RASA1",641.395238215604,0.558242538398471,0.0883033216709624,6.32187473624837,2.58408822967238e-10,1.75529038774693e-09
"TMEM161B",524.570905173003,0.498935683380721,0.0982186979672466,5.07984420183521,3.77744528745754e-07,1.84831228686594e-06
"MEF2C",374.011551025443,-0.412009363648153,0.107214224622008,-3.84286101122051,0.000121608344208859,0.00041974793545065
"CETN3",187.470527115971,-0.822360569886456,0.160010121268655,-5.13942845218973,2.75575395443787e-07,1.371105522168e-06
"MBLAC2",116.427931882945,-0.610858519932671,0.179760811781037,-3.39817401735337,0.000678372548265465,0.00206502562369796
"POLR3G",788.269386823272,0.24724016287349,0.0810954799511404,3.04875392589638,0.00229792621627414,0.00633485212535968
"LYSMD3",840.637467850019,0.359982816558464,0.0850884126649041,4.23069141007662,2.32974100903924e-05,9.02499198708e-05
"ADGRV1",238.667909000606,-0.837634431189221,0.14610809937322,-5.73297739675306,9.86827886974428e-09,5.76641548351691e-08
"LUCAT1",137.257682270311,3.8448909941819,0.235541043171339,16.3236561340396,6.6999882660411e-60,3.59346692090258e-58
"ARRDC3",4080.68629037935,3.15098464748016,0.0780495934934406,40.3715702599396,0,0
"ARRDC3-AS1",59.6070392060076,1.85582504911237,0.258704629502412,7.1735285629864,7.30889946642385e-13,6.22465393593687e-12
"NR2F1-AS1",337.747115017431,0.610602108579395,0.110904123750221,5.50567542424839,3.677555464521e-08,2.02484653303186e-07
"NR2F1",1067.96591076158,0.79372539001713,0.0807057129898174,9.8348104565692,7.97175776052306e-23,1.31676486344992e-21
"SLF1",270.304550786844,-0.775826612891476,0.124493184903249,-6.23188019082663,4.60869901470173e-10,3.03446711523346e-09
"ARSK",135.345582012536,1.05703779527735,0.165776241695955,6.37629243167442,1.81426354455722e-10,1.25123778555169e-09
"RFESD",20.6454181323246,-1.24363513708982,0.420363690586911,-2.95847420921028,0.00309166111469162,0.00831316397312112
"RHOBTB3",2058.67880675775,-1.6420096378731,0.0688101807436134,-23.8628880222133,7.44204040549177e-126,1.27726676330826e-123
"GLRX",687.844956827525,2.38664277105053,0.105485874275312,22.6252357241836,2.44652440724456e-113,3.55554970507695e-111
"ELL2",1213.41936507688,1.69417886388953,0.0785848415092538,21.5585961790103,4.39744571908163e-103,5.35448441240339e-101
"CAST",2606.88730104278,0.584510152325069,0.0721332053954878,8.1032050235443,5.352991556622e-16,5.79376941993304e-15
"ERAP2",120.12458454642,-0.553888191645334,0.177858669891568,-3.11420405866643,0.00184441880851591,0.00518295202686188
"FAM174A",97.6672009392773,0.698895595442933,0.188763175250447,3.70249967725778,0.000213485632288886,0.000707861008183626
"SLCO4C1",4.77438819585122,-2.70328909360489,1.06875329531886,-2.52938550500409,0.0114262447581319,0.027167758059584
"PAM",4277.48215257236,0.374238820873005,0.0560115795182386,6.68145451515332,2.36582211860918e-11,1.76540291509135e-10
"GIN1",127.978187221456,-0.742124102149845,0.180938588517638,-4.10152476721406,4.10436565187767e-05,0.000152441824840246
"PPIP5K2",1136.01698315793,-0.266950255928844,0.0739992046808856,-3.60747466246483,0.000309191720808855,0.000999272596968504
"NUDT12",243.267436130668,-0.857200335466443,0.137215946867645,-6.24708975184403,4.18170796710166e-10,2.7644372441357e-09
"FER",1822.08138142369,0.38146656869029,0.0671548164852446,5.68040519884537,1.34376016078871e-08,7.75156909653436e-08
"LOC285638",66.261156155147,1.23876338755078,0.245202584766672,5.05199971170594,4.37208361132186e-07,2.12312904229672e-06
"PJA2",1840.78763464981,0.33398313221953,0.0746698441305137,4.47279803659116,7.7202687245349e-06,3.21012834990409e-05
"MAN2A1",1079.01315380237,0.460580219827585,0.0737978052724122,6.24110999138025,4.34476582325301e-10,2.86697271698434e-09
"WDR36",1363.28370358453,-0.545706310495765,0.0723548944219919,-7.54207873365234,4.62538331959579e-14,4.33458308905022e-13
"CAMK4",485.951514571704,0.512434279153477,0.0990841287529407,5.17170898712947,2.31962645742903e-07,1.1644007907891e-06
"STARD4",3348.45945765109,1.09965191270973,0.0906454207160647,12.1313564879825,7.20460212441017e-34,1.99132108717785e-32
"EPB41L4A-AS1",227.215551006059,0.586417556685102,0.129595111850865,4.52499749651004,6.03962206316939e-06,2.54894681968093e-05
"APC",1164.6352382978,0.540520244523159,0.0751957880976526,7.1881718138417,6.56645995894695e-13,5.63227867302156e-12
"SRP19",485.280358048701,-0.310186520897273,0.0960922490785632,-3.22800771000448,0.00124655614290697,0.00362150382900636
"DCP2",1773.73043398099,-0.247208736299652,0.082785571004276,-2.98613313045679,0.00282529615200583,0.00766902575015772
"MCC",645.595401815689,0.367628285599845,0.0860406184708751,4.2727294635183,1.9309467895469e-05,7.56970617575436e-05
"YTHDC2",608.708749292205,-0.719941326876476,0.0939156705662727,-7.66582746559256,1.77681911352368e-14,1.72336153093704e-13
"TRIM36",286.67739720377,0.832456946784258,0.11550663212789,7.20700561905875,5.71956442112665e-13,4.93168758053222e-12
"PGGT1B",673.800686882524,0.316594496309843,0.0914622422334675,3.4614775297297,0.000537218964851335,0.00166429825779369
"FEM1C",2449.6819927909,2.04062276577117,0.0694905976279753,29.3654513765422,1.51732479777521e-189,5.15919060013339e-187
"TMED7-TICAM2",28.5335801564268,2.51674554338573,0.390937553065672,6.43771754248166,1.21283426069618e-10,8.49785622550773e-10
"TICAM2-AS1",62.6440880404009,1.17337128027417,0.23729255637009,4.94482969977424,7.62104578609244e-07,3.58587117783739e-06
"TMED7",2757.4977650334,0.439157755502527,0.0669604484156764,6.55846497287962,5.43644727473982e-11,3.92666197747841e-10
"ATG12",3142.98950162446,0.316094887501368,0.0705472433349997,4.48061288518906,7.44290011110653e-06,3.10195427618526e-05
"AP3S1",4637.84620429511,0.214493957292724,0.0596453182952372,3.59615747594815,0.000322952339899431,0.00104094511130883
"ARL14EPL",235.705398476247,1.18851068236558,0.13192271709205,9.009143448253,2.07672099301412e-19,2.81387887331635e-18
"SEMA6A",263.214073378259,1.30246352370019,0.130527025381462,9.9784969426353,1.89312715836383e-23,3.2337482958175e-22
"DTWD2",141.021628046095,-0.810931782607753,0.175651787845902,-4.61670098865817,3.89888404839632e-06,1.68857941447128e-05
"DMXL1",1267.28912984687,0.712829660259846,0.0821473584175087,8.67745079077205,4.04738246029948e-18,5.02389390688333e-17
"TNFAIP8",233.310489395312,0.657782673443039,0.134005193503815,4.90863567481294,9.17121715154243e-07,4.27176284021572e-06
"HSD17B4",889.975688281274,-0.508498086715041,0.0861404272612206,-5.90312937702319,3.56670345941608e-09,2.18253185202503e-08
"SNX2",599.430228790765,-0.493739671985406,0.0922827335199814,-5.35029309549548,8.78118968362813e-08,4.63791967434533e-07
"SNX24",105.509797834967,-1.02950408108457,0.190006335357185,-5.41826186558069,6.01812274774035e-08,3.23932467255164e-07
"CSNK1G3",1054.05207944649,0.531812656157083,0.0749007969056308,7.10022694187254,1.24552191815095e-12,1.04252440719917e-11
"ZNF608",162.826287725091,-0.656137002292547,0.150053709947296,-4.37268097218658,1.22730006121791e-05,4.94931787203421e-05
"GRAMD2B",312.149300096832,0.838419845060974,0.125845057920119,6.66231840103857,2.69541275601546e-11,1.99893141054134e-10
"ALDH7A1",622.673046682288,-0.442005470992553,0.0987837502246003,-4.47447550824488,7.65991056508294e-06,3.18797340169422e-05
"PHAX",325.378953359369,-0.385579924879627,0.117549883200379,-3.28013873244227,0.00103756052312595,0.00305720702865478
"LMNB1",1390.70954880179,-1.51428016215735,0.0771450828907018,-19.6289913163068,8.74332196487762e-86,7.99814239233806e-84
"C5orf63",68.2487987037897,-0.71674298594884,0.233008348373489,-3.07603993999379,0.00209769744038524,0.0058301365782206
"SLC12A2-DT",243.616194085894,-0.600588704973652,0.129481320437897,-4.6384196804798,3.51083322075308e-06,1.5304481246055e-05
"SLC12A2",2059.84510967145,0.543471860867735,0.0671047615493345,8.09885689658821,5.54779964358439e-16,6.00101424832139e-15
"SLC27A6",109.772118120088,-0.865074082400408,0.181186656350827,-4.77449112326125,1.80162229339744e-06,8.09853712878906e-06
"ISOC1",390.261888124441,-0.359546784232824,0.104523693800809,-3.43985914732419,0.000582017001167586,0.00179383074705679
"LYRM7",318.863727432469,-1.83916928784734,0.127356004701347,-14.4411666506046,2.8497722278017e-47,1.16717602993669e-45
"RAPGEF6",1048.10260230329,0.555893549535628,0.0915348579952095,6.07302574899631,1.25522318683985e-09,7.97896897708673e-09
"FNIP1",908.53559284931,0.57930901224246,0.0802306284393486,7.22054685986159,5.17789231151261e-13,4.48178661603116e-12
"CSF2",10.2142898985981,3.355111516159,0.727759830531361,4.6101905812929,4.02299997882218e-06,1.73857272466078e-05
"P4HA2-AS1",5.18862436130206,2.54398399336635,0.953094740539971,2.66918270047852,0.00760360777073693,0.0188583286039706
"P4HA2",1133.79315749104,2.06550096006933,0.0893910871700507,23.1063411964112,3.99792900623186e-118,6.05434274128608e-116
"SLC22A5",154.303679337773,-0.381094115734494,0.156681749399602,-2.43228146988933,0.0150040424665998,0.0345455282088406
"IRF1",421.213592451372,-0.379035405893265,0.109823317745743,-3.45131993526902,0.000557851857548097,0.001723478197304
"KIF3A",433.571910735569,0.252900424982732,0.0992482158348909,2.54816092012633,0.0108292504964524,0.0259030957255865
"UQCRQ",509.755254136607,-0.663012265779482,0.111758918624714,-5.93252219991387,2.9831603786241e-09,1.83730462006784e-08
"AFF4",2884.16303486504,1.13793822623601,0.0651844005694957,17.4572170073546,3.03367321133975e-68,1.95249374791263e-66
"HSPA4",2262.1847126119,-0.851709946784608,0.0670159392723331,-12.709065276598,5.26601177562592e-37,1.6003170018306e-35
"C5orf15",725.382676112555,0.250840950982365,0.0870434285265141,2.88179079372956,0.00395422177851979,0.0103945859152927
"VDAC1",3796.02579447199,0.588126504307261,0.0672693551046998,8.74285926172304,2.27283741712329e-18,2.86625633967661e-17
"TCF7",286.217477344649,-0.354230226051964,0.116591775150981,-3.03820938992697,0.00237988526467602,0.0065377915174888
"SKP1",2109.27351271865,0.208294133548174,0.0699667308434192,2.97704539053457,0.00291040917545069,0.00787514771032987
"CDKN2AIPNL",319.001247109541,-0.74942626194284,0.128027719330075,-5.85362502639529,4.80972372981017e-09,2.90469273910553e-08
"JADE2",529.275999479862,-0.538152677498646,0.0964189596677381,-5.58139892146869,2.3859169888707e-08,1.34029333093638e-07
"SAR1B",577.96516003519,-0.849150324315068,0.0945791934357321,-8.97819375983659,2.75248038205654e-19,3.70167529589858e-18
"SEC24A",1112.95717769767,0.922598974048356,0.085035997230533,10.8495108435923,2.00495449022753e-27,4.07802312284315e-26
"CAMLG",578.073195897493,1.03967827572399,0.096030394698563,10.8265542278308,2.5766998328967e-27,5.21738288636309e-26
"DDX46",1347.41872418971,-0.688707233770757,0.0772949330638413,-8.91012135558644,5.09767349685046e-19,6.71038525104033e-18
"C5orf24",975.103404984186,-0.923465876904042,0.0882579195853237,-10.4632635942804,1.27390716178987e-25,2.37159927299745e-24
"PCBD2",92.2270106101152,-1.06196077890643,0.207936481874256,-5.10714026386493,3.27070967123037e-07,1.6135083215232e-06
"CATSPER3",27.295407545228,-1.4256382723585,0.372673785012544,-3.82543213312016,0.000130542894791717,0.000448354013158287
"MACROH2A1",1977.23523359994,-0.206093410732411,0.0675682929084576,-3.0501497353445,0.00228727301045273,0.00630644842738197
"SLC25A48",8.02709318726214,-1.6841508703327,0.72111955848843,-2.33546691461665,0.0195190423384515,0.0436201217734667
"SMAD5",1647.13750929297,-0.49846085246301,0.0760275027637008,-6.55632283507014,5.51507698344128e-11,3.97867102956747e-10
"SMIM32",10.2781540101147,1.86498453932776,0.603300221965873,3.09130424857237,0.00199279329099984,0.00556432102527242
"TRPC7-AS1",9.00477464483484,1.76996424469679,0.646069992198264,2.73958590566087,0.00615166361023277,0.0155766657187024
"HNRNPA0",1318.42401071516,-0.689197871461382,0.0799793479281064,-8.61719793065709,6.86124711276949e-18,8.37146474063771e-17
"PKD2L2",33.9015934155128,1.00827661767953,0.315554343322869,3.19525507734141,0.00139707305424302,0.00401797853662838
"BRD8",683.716997264655,-0.340758039981781,0.0915228532973118,-3.72320166718174,0.000196712271011581,0.000656715790274119
"KIF20A",736.348398246172,-1.258813426113,0.100351769682624,-12.5440082431447,4.2874846866907e-36,1.26663543506317e-34
"CDC23",504.932080766102,-1.07796864252964,0.105025615463626,-10.2638640846906,1.0252038271767e-24,1.8401591802342e-23
"CDC25C",205.370646428719,-1.23714939447868,0.144566422608451,-8.55765379094577,1.1518766398091e-17,1.38896474598141e-16
"LOC100128966",3.44740530092556,-4.88861113617801,1.44954960199379,-3.37250352071703,0.000744881341516444,0.00224849357713029
"FAM53C",766.724217772854,0.303611406395762,0.0918232433238517,3.30647661099221,0.000944772374604304,0.00280767529069
"CTNNA1",5567.16126543299,0.809140985200233,0.0630385827025346,12.8356468453359,1.0353460358165e-37,3.22244748038846e-36
"LRRTM2",77.7368541723811,0.529359975838421,0.227916206152929,2.32260787757772,0.0202002271477347,0.0449695235860812
"SNHG4",165.695121512716,-0.910347951175542,0.152768833979943,-5.95898998152374,2.5380165594095e-09,1.56958120854903e-08
"PAIP2",1389.76457985971,0.181372094901326,0.0782491573007492,2.31787920992204,0.0204558866378827,0.0454709148342601
"PROB1",55.9436810844173,-0.647086290797828,0.24701787644852,-2.61959296266837,0.00880347744737652,0.0215027740687412
"CXXC5",457.175020909819,0.322659719037343,0.102733972337522,3.14073048764509,0.00168527040265292,0.0047721964057524
"MALINC1",36.4238737290006,1.15770701678134,0.300731031836636,3.84964268473045,0.000118290259831291,0.000409000148200249
"PURA",999.071192540996,0.520417885266555,0.0892668420875101,5.82991257556058,5.54564219760243e-09,3.3257243941096e-08
"IGIP",143.674546942757,0.548928754601084,0.161129707991166,3.40675075654688,0.00065741130884156,0.00200664112409108
"CYSTM1",392.329443362986,0.347351675962734,0.114194289918545,3.04176046114478,0.00235198982027671,0.00647102420629107
"HBEGF",353.598929957464,2.21176822975379,0.118018683470241,18.7408312372125,2.30006250191369e-78,1.90134983243058e-76
"ANKHD1-EIF4EBP3",32.8722482436936,1.17603660551649,0.329533986076024,3.56878699984886,0.000358637842906102,0.00114592421400902
"SLC35A4",244.231434195073,-1.22475765925519,0.135020874444593,-9.07087636851128,1.18063549082863e-19,1.62786780261842e-18
"CD14",4.02327981305107,2.38632752930399,1.00153711796128,2.38266509199537,0.0171878231886848,0.0389906547939688
"TMCO6",104.601093806618,-0.962371562732791,0.209073259418366,-4.60303515337196,4.16377915081373e-06,1.79339063281105e-05
"NDUFA2",256.518101364882,-0.483907998511602,0.136735106776902,-3.5390179590173,0.000401618528910848,0.0012731478150968
"WDR55",616.473582797922,0.636511296521819,0.097071943820853,6.5571087944474,5.4860990552732e-11,3.96093714243102e-10
"HARS1",1064.64472510605,0.219055848843468,0.0751164422669507,2.91621703894045,0.00354303939419382,0.00942005206886499
"ZMAT2",447.757859353888,-0.804879881820295,0.11584494769366,-6.94790664456696,3.70746193973836e-12,2.9840183839225e-11
"PCDHAC2",73.0110571905891,-0.523101062921369,0.227348412561246,-2.30087844919722,0.0213985025649554,0.0472692344598016
"TAF7",526.15453454227,-0.489005781368421,0.109448675084482,-4.46790041990881,7.89910590094124e-06,3.2814612134823e-05
"DIAPH1",3824.46736411904,0.183443891744776,0.0615056105575401,2.98255541375627,0.00285852895996777,0.00775106084676184
"HDAC3",783.369840819624,0.372811007969067,0.0879016498484111,4.24122878935709,2.22299391995205e-05,8.63933004775844e-05
"ARAP3",190.625209851783,-0.384865981048783,0.139881010252771,-2.75138119429731,0.00593445417075344,0.0150711384739498
"PCDH1",636.406712715329,0.506257402310428,0.0872624903748568,5.80154657672133,6.57060394585687e-09,3.90917311681369e-08
"PCDH12",68.7908226369794,1.10391783021876,0.223644445810342,4.93603955250879,7.97249456354464e-07,3.73951911841848e-06
"SPRY4",1807.13845407004,0.64818051233472,0.0811111894687462,7.99125887044817,1.33567754883385e-15,1.39861970409848e-14
"FGF1",56.5070091545366,1.58398558846069,0.287988041837587,5.50017833502264,3.79407312561126e-08,2.08534401822411e-07
"LINC01844",16.2811828958211,1.21855755205149,0.457706426194332,2.66231252679445,0.00776057862596255,0.0192027169323728
"ARHGAP26",624.402924422492,-0.281730205435138,0.087627831283477,-3.21507677764771,0.0013040963724844,0.00377164511772449
"NR3C1",785.286170979215,1.08532650538932,0.0900258273052743,12.0557237614603,1.80936071079271e-33,4.90323148408954e-32
"YIPF5",659.308235337912,0.602242004568659,0.0853163922033899,7.05892489139654,1.67795731742792e-12,1.38708572556736e-11
"PRELID2",273.029184706484,0.48247133123588,0.119076286185413,4.05178349688053,5.08286889981691e-05,0.000185873336939125
"SH3RF2",120.120398780824,-0.593807827211251,0.180423354223728,-3.29119159637681,0.000997639400412164,0.00294994034728194
"PLAC8L1",67.2410312311237,0.749760189778219,0.243173522869179,3.08323118788541,0.00204766011072166,0.00570602796587521
"LARS1",1886.15898031572,-0.333732552026286,0.0658372635593811,-5.0690526000565,3.99800739552502e-07,1.94882583918735e-06
"RBM27",1104.74690530731,0.272616179148611,0.0743017570383742,3.66904081430825,0.000243462212418235,0.000800334281282199
"FBXO38",710.611462942539,0.368121507998968,0.0856329720471063,4.29882905146007,1.71702839643125e-05,6.79757661073978e-05
"ABLIM3",419.755095772096,0.339688005143807,0.103078768984105,3.29542163232653,0.000982741094182673,0.0029089975785588
"AFAP1L1",156.619957895035,1.43898795849012,0.16094082452515,8.94109970379361,3.85316533775682e-19,5.11701492643446e-18
"PCYOX1L",114.468481430011,-1.63182100932884,0.195973124576328,-8.32675915565798,8.30855374211392e-17,9.50053597630933e-16
"CSNK1A1",4890.04101925148,0.297953187749046,0.057350927978122,5.19526358601744,2.04429979215581e-07,1.03194192029243e-06
"ARHGEF37",278.004172508883,1.61912435237797,0.12151475191604,13.3245085625217,1.66727040460785e-40,5.62656928116818e-39
"PPARGC1B",201.531676692309,-0.627627713176593,0.145801130357507,-4.3046834523,1.67224670670659e-05,6.63340477692261e-05
"SLC26A2",402.84731433497,-1.43275411254831,0.115642700262127,-12.3894902946809,2.97930969275768e-35,8.5087385060517e-34
"HMGXB3",1260.2658344089,0.309042731028159,0.0721615812584767,4.28264909995797,1.84681297929488e-05,7.26827182788231e-05
"TCOF1",880.930542281758,-0.938251124505363,0.0886963153644397,-10.5782424066911,3.75944120917861e-26,7.30052694295342e-25
"RPS14",5865.43928159896,0.412922987963373,0.073135878452488,5.64597016813881,1.64252327609221e-08,9.38785663129011e-08
"NDST1",749.015382535886,0.30669329557278,0.0827654295773864,3.7055724490141,0.000210913828905326,0.000699858823383737
"RBM22",902.614903733373,0.437949454705965,0.0802054521052257,5.46034519113983,4.75209706632229e-08,2.58567455411214e-07
"DCTN4",2189.79706487985,0.531856866422915,0.0605670525968306,8.78129021670021,1.61609946655793e-18,2.06697860091131e-17
"TNIP1",1200.10178805763,1.32257289345656,0.0803432141938838,16.4615382484566,6.93163062791576e-61,3.84353586294369e-59
"ANXA6",1160.78703340157,-0.337849968481443,0.0823033498343636,-4.10493581563047,4.04427152734831e-05,0.000150333781341469
"CCDC69",83.7269326391331,-0.651902170545937,0.205515140202168,-3.17203963612925,0.00151372345650831,0.00432790899726102
"SLC36A1",162.787475120749,-1.02907158501407,0.167730743351196,-6.13525919252257,8.50204609174867e-10,5.46222362279511e-09
"FAT2",20.7993463137626,-1.47769463740885,0.447552545600649,-3.3017232321306,0.00096092836367606,0.00284957874638905
"SPARC",8.12239983660674,-2.43076450020648,0.779965575326056,-3.11650228818154,0.0018301026023328,0.0051499498745533
"ATOX1",133.03789659832,-0.625479769876309,0.179439963505044,-3.48573281925978,0.000490790932135283,0.00153231867429139
"MFAP3",696.828945418949,0.255034172501285,0.0827641604285257,3.08145664960294,0.00205990468951482,0.00573482811829857
"GALNT10",904.191919870738,0.803571713069178,0.0803112125556158,10.00572258217,1.43837755611972e-23,2.46163361242484e-22
"LARP1",2715.3704606746,-0.192315536107185,0.0596739728675428,-3.22277078038803,0.0012695710503469,0.00368124535773154
"CNOT8",885.819406820241,0.600766980807377,0.0757017033854257,7.93597705125137,2.08844628279508e-15,2.1580212421015e-14
"GEMIN5",736.106181263849,-0.585342439289549,0.0845006943283448,-6.9270725399614,4.29638310472732e-12,3.44571072230934e-11
"CYFIP2",911.513976236207,-0.22927513500181,0.0767432062738096,-2.9875626278082,0.00281211672103815,0.00763670214433823
"ADAM19",848.023861302068,0.491595966415852,0.0856056276014449,5.74256599933571,9.32525140235465e-09,5.4579524365649e-08
"CLINT1",1115.00363858157,-0.27502360690684,0.0734658305013583,-3.74355812804369,0.000181432605075796,0.000609430936825893
"RNF145",1293.63260174768,0.38029908524342,0.0680993836655288,5.58447176425657,2.3441159638121e-08,1.3188671178226e-07
"UBLCP1",459.39634268072,-0.816373134961509,0.100169348296586,-8.14992958269383,3.64136246162528e-16,3.989118110696e-15
"CCNJL",173.882292269545,1.47549868103646,0.155742008656551,9.47399287940542,2.6934633491297e-21,4.04490858455552e-20
"C1QTNF2",2.67448309292458,-3.4358985898789,1.47248599691006,-2.33339984019472,0.0196271696568212,0.0438304078528052
"SLU7",760.574916784697,0.302268154324832,0.0894632056646719,3.37868682526089,0.000728329258699016,0.00220295763192598
"PTTG1",696.411458282887,-0.720755663080923,0.106185956523628,-6.78767406423037,1.13955733010942e-11,8.76481546986848e-11
"GABRG2",52.5716294366695,-0.693353375410605,0.257597456669564,-2.69161576505785,0.00711068153290847,0.0177653669630589
"CCNG1",2645.5360371348,0.450366338346822,0.0637258963738681,7.06724210993606,1.58043080257675e-12,1.31007099784892e-11
"NUDCD2",350.287204898354,-0.309572077603037,0.109877959180262,-2.81741743214546,0.00484115604065561,0.0125042959737215
"HMMR",719.062038228778,-1.69102519090301,0.100005352765318,-16.9093467913796,3.83940062165743e-64,2.28349302319764e-62
"MAT2B",833.266530781171,-0.684244277493637,0.081910507633216,-8.35355923513,6.62361717623795e-17,7.60766125767903e-16
"WWC1",972.650447934133,0.424127159006573,0.0782016369854464,5.42350742715917,5.8440785866676e-08,3.14940610676845e-07
"RARS1",1523.40656657775,-0.170340161154305,0.0675975250958493,-2.51991712585294,0.0117382467599792,0.0277933182054376
"PANK3",3415.13740470916,0.286027898700036,0.0887926022452494,3.22130325576013,0.00127609043863085,0.00369776906167655
"SPDL1",356.947002953169,-0.914005578187249,0.116686500439955,-7.83300188745985,4.76357157195944e-15,4.80113664979201e-14
"LINC01366",8.44191281771358,-1.76822302857171,0.725128255907634,-2.43849693370237,0.0147484838169492,0.0340659352557347
"RANBP17",187.144731987106,-0.437942229038737,0.145769062148513,-3.00435649776324,0.00266143275022351,0.00724825141178448
"NPM1",13050.399300966,0.184709635730922,0.0669695142615267,2.75811520760926,0.0058135704802928,0.0147891521210272
"FBXW11",1253.7855040167,0.377610913825178,0.070261728413306,5.37434706422148,7.68606875643084e-08,4.08465482334533e-07
"STK10",489.906725627533,0.516988826754777,0.0982032538854033,5.26447756362603,1.40588566638486e-07,7.21808136578963e-07
"UBTD2",505.105217017126,0.288982100293497,0.0923211529163396,3.13018296636058,0.00174697455953616,0.004935876450204
"SH3PXD2B",808.057276765156,-0.290289434669922,0.0794056074539414,-3.65578003843497,0.000256401138656504,0.000838281008659081
"NEURL1B",154.072481612137,-2.34208275755331,0.1892386297084,-12.3763459985007,3.50960832406614e-35,9.97581255646622e-34
"DUSP1",541.49575053116,2.67114590986136,0.103654492687732,25.7697070392156,1.93872764399171e-146,4.26070864297251e-144
"ERGIC1",932.430956695963,0.286935320672317,0.0836081036810064,3.43190800938476,0.000599350820410319,0.00184284271192874
"RPL26L1",196.866328799688,-0.566472370809145,0.151114528848387,-3.74862943441717,0.000177803569122437,0.000598132932453882
"ATP6V0E1",640.691811609165,0.381544818708643,0.0913247794343203,4.17788929874225,2.94226788185295e-05,0.000111838450746408
"CREBRF",360.766951459844,0.582959288290657,0.11972557602865,4.86912911699967,1.12091151925431e-06,5.15699425286749e-06
"BNIP1",139.41299838464,0.618141928900492,0.162560168006506,3.80254238464955,0.000143218754475474,0.000489093267842055
"STC2",2273.2760420937,3.18614997604446,0.0761501902674136,41.8403416308716,0,0
"BOD1",455.84492220154,0.483807694904378,0.0992416379241364,4.875047460162,1.0878229864457e-06,5.01500589376772e-06
"CPEB4",467.308871531231,0.888308912189622,0.100479995217618,8.84065440355306,9.51595810248068e-19,1.23283307667005e-17
"DRD1",68.6108153631235,0.646766268467616,0.220894567862683,2.92794102963035,0.00341214754709031,0.00909082066027713
"SFXN1",2661.12495401558,0.408952068495126,0.0625430574621362,6.53872843908706,6.20440630002422e-11,4.44041326182432e-10
"HRH2",12.9631729544788,2.18217518000636,0.563099336124443,3.87529346957728,0.00010649627299047,0.000370853977886235
"THOC3",219.62519871677,-0.488291547832008,0.137477673804517,-3.55178796905105,0.000382623051770877,0.00121673725356679
"SIMC1",200.124646399046,-0.72360361875493,0.161020848867146,-4.49385047865421,6.99467499281129e-06,2.92665516706413e-05
"KIAA1191",1463.48146293932,0.48007224158306,0.0748624401255028,6.41272500306222,1.42941229154086e-10,9.98041026960781e-10
"NOP16",267.811020234009,-0.659045225670679,0.134661615600575,-4.8940837575089,9.87647723925999e-07,4.58131264681349e-06
"FAF2",1567.75227874459,0.2325064788242,0.0712950498654608,3.2611868462531,0.00110946905818017,0.00325207252723893
"GPRIN1",297.093828756828,-0.632214061007178,0.116484900757592,-5.42743357203723,5.71701335609213e-08,3.08461969132144e-07
"EIF4E1B",2.58500738075563,-4.46983865410119,1.49880966070322,-2.98225903615006,0.00286129790553621,0.00775540513583802
"UIMC1",393.876830683767,0.340092668821441,0.106328314500155,3.19851462350552,0.00138137526944412,0.00397854622513224
"ZNF346",175.543697598032,-0.585384797324658,0.147739747384352,-3.96227019260939,7.42404542718166e-05,0.000265243304209438
"FGFR4",492.692532182237,0.42200744692183,0.0998336515009585,4.22710619692979,2.36715963261406e-05,9.16009957898603e-05
"NSD1",2528.83491901074,0.338759440745703,0.065698680298725,5.15625944395534,2.51931772116162e-07,1.26007839725378e-06
"MXD3",140.451871243193,-1.46891011231078,0.179081963240966,-8.20244588414677,2.35544781490333e-16,2.6121553890691e-15
"GRK6",438.219365199617,-1.16926907263112,0.104171205054466,-11.2244940626324,3.09150793158968e-29,6.99900306974594e-28
"DBN1",1303.89569414812,-0.235568541350498,0.0775213677909361,-3.03875625602728,0.002375569718898,0.00652892205341785
"PDLIM7",913.928457991964,0.605771351927482,0.0889016904690846,6.81394637977259,9.49571099060044e-12,7.35376913457716e-11
"DOK3",81.6447835256933,1.21460252663513,0.219070555122806,5.54434404000233,2.95058187918708e-08,1.63910098781845e-07
"DDX41",689.60829740487,0.523085591391427,0.0913145609874799,5.72839189867153,1.01387128078913e-08,5.91868297735698e-08
"TMED9",1034.6492070331,0.248613572006876,0.0985435138707373,2.52288113384094,0.011639773848115,0.0275927867030887
"LOC202181",68.0197238385195,0.511722531084561,0.220281317689957,2.32304099344822,0.0201769503445287,0.0449427977204634
"LOC728554",76.312423775085,-0.60391040866481,0.221216011777141,-2.72995794388159,0.00633424056615188,0.0159720725196526
"N4BP3",144.595780728433,0.38114036713648,0.154850421638843,2.46134536220644,0.0138417052773076,0.032206761885392
"RMND5B",272.383035435396,-0.477991239582707,0.122319469901516,-3.90772818070217,9.31680379075329e-05,0.000326908999783618
"NHP2",305.035317195198,-0.875350963956236,0.134749016158654,-6.49615847974427,8.23968591735159e-11,5.83676807848243e-10
"HNRNPAB",1643.21300451856,-0.915584134646309,0.0772366614887678,-11.8542686464958,2.04501915749318e-32,5.35658288331172e-31
"PHYKPL",226.398532088936,-0.332546661138588,0.128469173093787,-2.58853274392773,0.00963857828271504,0.0233150092929943
"CLK4",232.636530410311,0.872721589899059,0.138620411879138,6.29576537876672,3.05886746364713e-10,2.05532627003672e-09
"AACSP1",53.2682380307774,-1.49404669298339,0.292408715957385,-5.10944650911543,3.23103948345943e-07,1.59451471502139e-06
"RUFY1",322.411609859278,0.453703817866789,0.116303874086357,3.90102067906962,9.57879672021954e-05,0.000335248583598905
"HNRNPH1",4605.0138133857,-1.19989770060733,0.0727241112598621,-16.4993106113018,3.7110510350239e-61,2.08990158444268e-59
"CANX",15193.9109786458,0.149231689608684,0.061988018161781,2.40742798421475,0.016065330370089,0.0366751100328571
"MAML1",894.756069406512,0.638564609076946,0.07792684992444,8.19441065173449,2.518239462858e-16,2.78583139104752e-15
"MGAT4B",1089.40648826732,0.302296937787377,0.0726666420874437,4.16005100969998,3.18176524848995e-05,0.000120181495583814
"SQSTM1",5404.41284044999,0.711322730470917,0.0650185852391667,10.9402984985656,7.39560097662835e-28,1.5461267424573e-26
"TBC1D9B",2343.48594295878,1.31388455605038,0.0641816382962243,20.4713464929996,3.87757659459647e-93,3.94789874639678e-91
"RNF130",531.513521272909,0.625760973393042,0.0986386044383323,6.34397634634278,2.23909221191521e-10,1.52843487692894e-09
"MAPK9",736.803990691683,0.244648753960363,0.082404486855205,2.96887661457369,0.00298890584793841,0.00806816541127891
"GFPT2",275.123830947286,0.821340891254494,0.124809785710714,6.58074113802432,4.6810896422569e-11,3.40427427131201e-10
"CNOT6",1723.49677647745,-0.185298355091523,0.0731270421889186,-2.53392383371418,0.0112793245401265,0.0268548959621641
"LINC00847",73.5759548130329,-0.636894388982907,0.218870538955232,-2.9099137418087,0.00361528519359842,0.00959232250792654
"ZFP62",383.383977130024,-0.404693946421822,0.107594446870383,-3.76129027280889,0.000169039123173128,0.000570245982535183
"TRIM7",229.188525538756,0.487169159775291,0.134883358866674,3.61178105192973,0.000304101269819335,0.000984409732964654
"RACK1",10753.6390553066,0.479460613962839,0.0760696174048153,6.30291869895074,2.92092128526036e-10,1.97219642119434e-09
"TRIM52",254.179004899182,0.864805287246524,0.128810131531678,6.7137986504877,1.89621924768123e-11,1.43578853203628e-10
"FOXCUT",8.33941874326229,-1.96846982818472,0.719958146605875,-2.73414480753465,0.00625425323910811,0.0158009109241507
"FOXC1",611.215496867825,0.38307632007832,0.0941901701832078,4.06705200057717,4.76116216875784e-05,0.000174782854844541
"LINC01600",25.62638538399,1.45953171240207,0.370446458301245,3.93992621523508,8.15066738440713e-05,0.000289424979181085
"MYLK4",24.3869963415494,1.80896411359077,0.392486950228324,4.60897900564191,4.0465118667634e-06,1.74831432152825e-05
"WRNIP1",799.581082846893,0.560268803707482,0.0818063265449022,6.8487221877633,7.45125370086354e-12,5.84075871871517e-11
"SERPINB1",1080.31884388501,0.883505356527705,0.0856928976110063,10.3101351589053,6.34120776344858e-25,1.14733840466975e-23
"LOC101927730",28.4180433784108,1.44601159144276,0.390920777151877,3.69898883855173,0.000216460118648437,0.000716932144488785
"SERPINB9",1252.51932371173,0.824451758206644,0.0718740587695449,11.4707833719276,1.84977106931183e-30,4.45056401069005e-29
"SERPINB6",525.788444469738,0.465940973578309,0.0979924659413753,4.75486527563315,1.98578796691947e-06,8.87326678697145e-06
"LINC01011",43.8868248376601,1.34454585042194,0.294014070328029,4.57306634652497,4.80637861010725e-06,2.05445324793033e-05
"HTATSF1P2",115.793928671141,-0.469979626497008,0.203406643050235,-2.31054217035054,0.0208581566639769,0.0462346719603315
"RIPK1",531.417732357419,0.251332238906817,0.0923290613780331,2.72213575179498,0.00648614923045708,0.016322705667095
"BPHL",150.861166057279,-0.463180564708745,0.162297155432119,-2.85390439207342,0.0043185525845342,0.0112577225699249
"PSMG4",142.859825307532,-0.640504097540537,0.15925876390491,-4.02178242399876,5.77593990563105e-05,0.000209812967223094
"PXDC1",143.130824514205,1.02389818830293,0.169224408805466,6.05053488164325,1.44365699129871e-09,9.14772947967441e-09
"ECI2",258.803028476937,-0.674596966598503,0.126380714138305,-5.33781575138322,9.40729828593986e-08,4.94253418107645e-07
"RPP40",105.837644813696,-0.466346640985877,0.192244312230002,-2.42580202023318,0.0152746003807763,0.0350967198089978
"FARS2",73.7462237572904,-0.767029392567547,0.218299712344607,-3.51365278648062,0.000441990143967739,0.00138934316840094
"RREB1",1489.4830696328,1.29573925532514,0.0724764171364405,17.878080988549,1.74748976759536e-71,1.24472383801723e-69
"DSP",6679.35412988264,0.836479241445696,0.0530163482086662,15.7777604401082,4.42616144185225e-56,2.19735138687657e-54
"PIP5K1P1",19.4659436295778,1.51087806798433,0.42824860756097,3.52803965105531,0.000418649440458318,0.00132336108866854
"EEF1E1",200.669919291879,-0.815004787893494,0.139265274103665,-5.85217523276354,4.85185029976048e-09,2.92915223624736e-08
"PAK1IP1",235.891570209469,-0.515483032184924,0.130801829906826,-3.94094664082389,8.11606803408287e-05,0.00028830999811198
"TMEM14C",645.572926420027,0.303841044995993,0.0916540712534885,3.31508508940816,0.000916152329651395,0.00273027635730904
"NEDD9",22.9170367560425,1.44402560686574,0.402600006444713,3.58675008383051,0.000334824942583649,0.00107594156389086
"TBC1D7-LOC100130357",9.46346690018313,2.2180510545577,0.681817115003083,3.25314663676003,0.0011413458226201,0.00333790864482907
"GFOD1",126.523460427104,-0.439963471413213,0.167670213584281,-2.62398109961291,0.0086908607750647,0.021253630347054
"SIRT5",255.142791693197,0.336455060320887,0.121141820890321,2.77736505731994,0.00548015903769673,0.0140102065567219
"NOL7",363.591390117655,-0.439349747789105,0.121455682947749,-3.61736673925844,0.000297615471715493,0.000964280549403974
"RANBP9",893.878782961662,0.461088171761015,0.0777619377377254,5.92948407890976,3.03887974303771e-09,1.8684289269629e-08
"RNF182",532.528574449394,1.36921814103994,0.102885067282925,13.3082300201517,2.07335468152172e-40,6.95790031949776e-39
"JARID2",907.588551685884,1.41505977264988,0.0783392386458917,18.0632311100982,6.20801508153736e-73,4.58502622067151e-71
"JARID2-AS1",13.129916257534,1.18594295645134,0.520904988448069,2.276697253341,0.022804310661574,0.049958240023368
"GMPR",123.890608968308,-1.14116998359674,0.182417026561327,-6.25583041840171,3.95406222670088e-10,2.62356978598588e-09
"ATXN1",1022.22880719767,1.16488506354395,0.0813358979861243,14.3219057314972,1.59683504299095e-46,6.43771013640714e-45
"STMND1",1.69410896765936,-3.85767873969294,1.63293589349864,-2.36241897495907,0.0181561098261962,0.0409603474183628
"RBM24",113.969641531907,-0.638843507526331,0.179425768447383,-3.56048918198544,0.000370164561815098,0.00117961725348716
"CAP2",125.91756831458,-0.770464061035162,0.169886709624876,-4.53516383204085,5.75587884059836e-06,2.43833315906025e-05
"FAM8A1",508.899239899502,-0.484019307445516,0.0972702057184743,-4.97602841353493,6.49021245913263e-07,3.08114116770361e-06
"TPMT",221.183104747941,-0.452037289180729,0.132073218970902,-3.42262642421337,0.000620192494818719,0.00190270496239839
"KDM1B",473.464658828854,-0.427641419579501,0.10136791351732,-4.2187059468915,2.45708474408791e-05,9.49177367056983e-05
"DEK",1891.13218517198,-0.554423769090869,0.0711102507256461,-7.79667858618469,6.35578516443938e-15,6.33504449382534e-14
"MBOAT1",129.895314178741,-1.32806142542655,0.177989288740423,-7.46146824241413,8.55635874073431e-14,7.8550250059487e-13
"MRS2",738.493558970906,-0.301387689311935,0.0900191195370977,-3.34804084800819,0.000813850148569209,0.00244317733256134
"ALDH5A1",214.168815616087,-1.02877662031869,0.137572267308695,-7.47808145089477,7.54154540335611e-14,6.94816920827609e-13
"C6orf62",2747.2238592209,0.39342700134452,0.0638577545693857,6.16099021955173,7.22914568492427e-10,4.66773322780438e-09
"GMNN",360.400360155283,-1.64075677507782,0.119557572009315,-13.7235705568693,7.3361739869632e-43,2.66542724635209e-41
"TRIM38",807.680209090492,0.190063209235132,0.0816651101148045,2.32734896172848,0.0199466998349764,0.0444820539198255
"H3C1",432.923183424526,-3.0699823253926,0.136311708613639,-22.5217800922306,2.5395961947689e-112,3.63222722428019e-110
"H4C1",553.784456787207,-2.28100246425797,0.112286942696231,-20.3140490736198,9.66026238845826e-92,9.61809881228764e-90
"H4C2",1536.99405533722,-2.02555057319729,0.0868600176344352,-23.3197117426589,2.79774132712327e-120,4.5016157550079e-118
"H3C2",1833.97140018907,-1.95391470531096,0.0944456524960442,-20.6882440183554,4.42019426230547e-95,4.71339176337319e-93
"H2AC4",654.019157357275,-3.00384265624435,0.116801253486738,-25.7175549625879,7.43824904791119e-146,1.61499621798081e-143
"H3C3",4.32457805729807,-3.20699486175581,1.23814764388539,-2.5901554451875,0.00959326023592122,0.0232178542454387
"H1-2",3217.01622409211,-2.03876757424477,0.0860353109924521,-23.6968699331329,3.8838306333949e-124,6.48060294855644e-122
"H4C3",1746.99223983042,-1.47682484137101,0.0970089740679302,-15.2235899365029,2.46618579220872e-52,1.1251426369973e-50
"H2BC4",2060.89450792152,-1.77590274117404,0.0918535159307026,-19.3340747295274,2.77603028362998e-83,2.46437644045792e-81
"H2AC6",1168.15332167863,-1.96710495397388,0.105382332876353,-18.6663637090093,9.29713218688382e-78,7.513166777571e-76
"H1-4",1534.33534174799,-2.55839261780329,0.0997849344598048,-25.6390669759257,5.59871272910106e-145,1.186992965778e-142
"H2BC5",2009.26897965647,-1.27605799119541,0.0810395270403067,-15.746118441199,7.30284236200332e-56,3.59575197283229e-54
"H2BC6",6.71817793438816,-2.10120133738737,0.827383432473321,-2.53957386009796,0.0110987607696661,0.0264844766724249
"H4C4",1428.79056239933,-2.34048720913704,0.092985724403297,-25.170392811975,8.45318984326531e-140,1.71162847376948e-137
"H3C4",914.528176746522,-2.91647559781731,0.107118374769041,-27.226660263522,3.14094316051376e-163,8.32396127876743e-161
"H2BC7",546.322794579515,-3.39646167953735,0.13818821092587,-24.5785198084615,2.14402862672368e-133,4.11037658321144e-131
"H4C5",1076.63418873791,-1.78359847150523,0.101644448814659,-17.5474262717237,6.22371298400288e-69,4.10833449394563e-67
"H2BC8",1.95064670494742,-4.06174921323003,1.5816427945437,-2.56805722963626,0.0102270270143997,0.024622746002204
"H2AC8",3.09685003487304,-3.66333627238979,1.44475179964878,-2.53561634135382,0.0112249635874125,0.0267431344273877
"H3C6",153.056070516322,-0.58874577321043,0.164937083809926,-3.56951729478195,0.000357639607494036,0.00114374860100267
"H4C8",264.003498419616,-3.44413303525951,0.178597406478965,-19.2843395834259,7.27126499909052e-83,6.36094497808788e-81
"BTN3A2",244.152998948595,-0.698936911931883,0.132104010187487,-5.29080768206752,1.21777367238488e-07,6.30074629631005e-07
"BTN3A3",85.0445282164619,-0.934485496575241,0.210818890615427,-4.43264592583364,9.30836608549123e-06,3.82719747265885e-05
"BTN2A1",261.75583028423,0.501959026314041,0.126187014577796,3.97789763069937,6.95272913420482e-05,0.00024949249647054
"HMGN4",921.762331426191,-0.384273782390043,0.0819128461967765,-4.69125174172212,2.71538615090546e-06,1.19760092573341e-05
"ABT1",447.880489347229,0.330147169528757,0.105587257819543,3.12677094136686,0.00176737568600364,0.00498979746787899
"ZNF322",174.705153155124,-0.619441368346706,0.148947142828107,-4.15879993791876,3.19923945095089e-05,0.000120790894920566
"H2BC11",1207.30537999308,-2.73501779753158,0.0991905475265956,-27.5733713113968,2.3218283351119e-167,6.5377606917268e-165
"H2AC11",1653.67813890277,-2.63240418931471,0.10096610379754,-26.0721577866695,7.54536173705911e-150,1.76590862160444e-147
"H2BC12",1386.66917479457,-2.35487831704081,0.101364220782109,-23.2318494521141,2.17070448142103e-119,3.40158830084247e-117
"H4C9",2.49316719133605,-4.41325235555774,1.51996858093326,-2.90351551401676,0.00368998688336826,0.00976178121332639
"H2AC12",835.271979860044,-3.044682350235,0.112739957115809,-27.0062400955805,1.24843040022692e-160,3.2139948917842e-158
"PRSS16",94.3212544740053,-0.993305814496812,0.212029375140891,-4.68475565631777,2.80294109233865e-06,1.2342098754917e-05
"H2BC13",261.693566528243,-4.51043396080021,0.230934714820052,-19.5312080486245,5.96124614612737e-85,5.37138083996806e-83
"H2AC13",616.663722722064,-3.53843111758764,0.130743417315168,-27.063933238474,2.61850840981466e-161,6.83886087728551e-159
"H3C10",1557.71752032299,-3.32698063281875,0.101317392593627,-32.8372113380662,1.73425640895679e-236,1.00816241115517e-233
"H2AC14",850.298934834376,-3.19488152903313,0.11909860187534,-26.8255166620444,1.62863599075364e-158,4.1337534069537e-156
"H2BC14",366.494939551766,-6.03642946009395,0.306251868235168,-19.7106698315997,1.74639970626357e-86,1.61394200546542e-84
"H4C11",38.2767381113488,-2.11371633356343,0.346073165967207,-6.10771519269923,1.01067494738086e-09,6.46322683702996e-09
"H4C12",66.6544684559573,-2.58791487667206,0.292814767383176,-8.83806134437724,9.73937991933024e-19,1.26087187878053e-17
"H2AC15",342.946006079217,-3.09539613621283,0.150717242690633,-20.5377704697434,9.90041722599749e-94,1.03130299901561e-91
"H2BC15",1044.6508254577,-2.02442184952977,0.0972140137611309,-20.8243829382878,2.60256579299629e-96,2.85980720460891e-94
"H3C12",460.542668865882,-5.11641057396343,0.21641016694349,-23.6421913361374,1.42014004158028e-123,2.32657669902893e-121
"H2AC17",1537.74617610857,-2.66710302222165,0.186762927085525,-14.2806876281195,2.88738285214406e-46,1.15118421191345e-44
"H2BC17",1309.47486269861,-3.11503836109106,0.100474679319159,-31.0032177479872,4.87821430847898e-211,2.1441536598317e-208
"ZNF165",262.24479922949,-0.781026890580977,0.138833118027583,-5.62565259411521,1.84807952361191e-08,1.05127023658492e-07
"ZSCAN16",79.9090415254285,-0.572363495751495,0.216420382051293,-2.64468388017096,0.00817672664736517,0.020108186532774
"ZKSCAN8P1",23.3435076479364,1.03327367833771,0.376323626691998,2.74570503962376,0.00603810233232556,0.0153170948945438
"ZSCAN9",148.727345766672,0.653547884504492,0.154058060073645,4.24221805851685,2.21321492051564e-05,8.60503691102748e-05
"ZSCAN31",143.407923072809,-0.594734684485439,0.166192757833242,-3.57858364130521,0.000345461312717215,0.00110794773384533
"ZKSCAN3",232.265553701439,-0.476653614493102,0.129182454631435,-3.68977053310391,0.000224456421637518,0.000742188839326552
"TRIM27",640.40590508096,-0.57403864440116,0.0917755883657037,-6.2548075650984,3.9800636030555e-10,2.63985006222537e-09
"HLA-F-AS1",142.549732887144,1.63749912816571,0.167556040458346,9.77284449839211,1.47258437248668e-22,2.39291640906965e-21
"IFITM4P",11.2075722946983,2.76455015254905,0.647762239018883,4.26784703711088,1.97368582457336e-05,7.72205650122375e-05
"HCG4",12.5943522828305,4.54438282197533,0.842656965292046,5.39292144864708,6.93212620709753e-08,3.70254435026985e-07
"HLA-V",14.9715237402286,3.26321763745543,0.611483978104032,5.33655460209009,9.47293543616273e-08,4.96688302284226e-07
"HLA-H",115.574354940703,1.11298956067887,0.176682071164214,6.29939163235423,2.98816126192942e-10,2.01231891260202e-09
"HCG4B",38.2802338572517,2.94375925208022,0.353817955432415,8.31998265459009,8.79761862071659e-17,1.00406513720034e-15
"HLA-A",3500.92440607046,0.798588626827401,0.0628687967667527,12.702463986868,5.72968775203816e-37,1.73246145938724e-35
"ZNRD1ASP",99.4358192388596,-0.624811240573061,0.188842418417645,-3.30863820643953,0.000937509000760969,0.00278838912406559
"TRIM31-AS1",3.17837472737245,-3.70747107299357,1.43600327854666,-2.58179847384876,0.00982869600647961,0.0237366564905882
"HCG18",323.401598123237,-0.638834140212329,0.1116118005214,-5.72371503038193,1.04219509491886e-08,6.08008993380794e-08
"TRIM39",133.857073417071,0.93053557372779,0.165791403680633,5.61268891552603,1.99206536699895e-08,1.12712747185834e-07
"HLA-E",1514.33589884617,0.825326103766672,0.0860565298122175,9.59051109273872,8.76497448881022e-22,1.35003081421238e-20
"GNL1",743.219555255939,-0.322779960856964,0.0851858951452208,-3.78912448248274,0.000151179149132435,0.000513843728124408
"PRR3",168.530008401728,-0.442310810371222,0.152113567795948,-2.90776698476073,0.00364019465190984,0.009647051150304
"ABCF1",699.350877551322,-0.245986597302571,0.0971117768711018,-2.53302539844445,0.0113082758855064,0.0269131589715678
"PPP1R10",1244.72989776314,-0.722634186582879,0.0872038281036598,-8.28672550617707,1.16408872877693e-16,1.32186786271512e-15
"PPP1R18",718.566945746815,0.460324198259013,0.0903280620643978,5.09613721072453,3.46653918056132e-07,1.70326179756242e-06
"NRM",75.0574999207393,-1.46909296095222,0.234288591980699,-6.27044171691146,3.60025295285204e-10,2.40207917302283e-09
"MDC1",769.17142791228,-1.01454407950492,0.0912438215196826,-11.1190441457569,1.01352008409367e-28,2.22739578481123e-27
"TUBB",9032.25301347773,-0.964228670354559,0.0756628781401661,-12.7437482429405,3.37768695376736e-37,1.03519211894288e-35
"IER3",1826.92925697775,0.984116150169437,0.0683846948242055,14.3908831164528,5.9037219853241e-47,2.39619310580012e-45
"DDR1",2075.53687323137,0.390960226522312,0.0627687042458173,6.22858526744822,4.70665905736234e-10,3.09557309754477e-09
"VARS2",375.981590666976,0.715914777387181,0.113133726759889,6.32804025723128,2.48294371540845e-10,1.68849542246701e-09
"PSORS1C1",63.8446230900258,1.46960015388016,0.240145541072953,6.11962290581822,9.37970604447601e-10,6.00894712504451e-09
"CCHCR1",220.777430960881,-0.618417634172223,0.133622342054282,-4.62810054564828,3.69034849497683e-06,1.60288672518625e-05
"TCF19",252.882603260371,-1.53245601549423,0.133828481020246,-11.4508959812702,2.3272745456275e-30,5.57710300355761e-29
"HLA-C",2526.58846174603,0.333417084222838,0.0684133208861396,4.87356964848622,1.09599603297083e-06,5.04751968059476e-06
"HLA-B",2607.17050604534,0.732339512137298,0.0663119649939484,11.0438517725139,2.34749560814296e-28,5.05426742584758e-27
"MICA-AS1",66.1801588971556,0.54534866101134,0.226613546206321,2.40651395356051,0.0161055887549275,0.0367437416068552
"MICA",558.221936196328,0.988977526075147,0.0938615949896596,10.5365514637174,5.86087713123565e-26,1.12241091160465e-24
"MICB",693.101581962237,0.331400916780153,0.0910334641986093,3.64042959034416,0.000272183533485002,0.000886342511191403
"ATP6V1G2",11.6418792353707,-1.55145253204158,0.58202383401787,-2.66561683794197,0.00768472232226972,0.0190437817614993
"LOC100287329",25.1244370196762,0.934604620928868,0.368760099444963,2.53445159152409,0.0112623486770862,0.0268215654169116
"BAG6",2255.28125463105,0.17086893191666,0.0630384735768742,2.71054995816624,0.00671717286238357,0.0168640529608546
"C6orf47",149.072721036454,-0.468130367097589,0.167117721456149,-2.80120123119572,0.0050912760354773,0.0131071264907623
"CSNK2B",854.19965724409,-0.235845859704743,0.0910191240957064,-2.59116819732029,0.00956507294095222,0.0231597511048224
"DDAH2",184.692279722978,0.61515794967635,0.15249076668511,4.03406686876089,5.48197065662315e-05,0.000199657625713431
"CLIC1",3705.28014790161,0.421023287373737,0.0733038538143558,5.74353550960623,9.27199087179948e-09,5.4303070360968e-08
"VWA7",111.953188023579,0.634933570843069,0.180028762545486,3.52684516554762,0.000420542615223641,0.00132794786559405
"VARS1",1785.53914178743,-0.336500803891088,0.0738933892070391,-4.55386885758155,5.26681965611965e-06,2.24010755305481e-05
"HSPA1B",878.08360100695,-1.46465580871625,0.106215666768118,-13.7894517191495,2.9499338218452e-43,1.08935978285804e-41
"NEU1",519.201230727949,1.05010953110553,0.0940528251938881,11.1651035356008,6.04207626507041e-29,1.34266689662833e-27
"EHMT2",741.588859663643,-0.447810189832643,0.0836087075623394,-5.3560233483905,8.50735203169579e-08,4.49856194140815e-07
"C2",23.4047686370278,1.80744082288601,0.392747607015781,4.6020415926134,4.18369628220391e-06,1.80024810653287e-05
"CFB",372.935176826253,-0.565886250043661,0.112435729882525,-5.03297528850402,4.82925397962128e-07,2.3263294832065e-06
"NELFE",516.503497062839,-0.594324046278,0.107075155130125,-5.55053173218137,2.84802008096587e-08,1.58456545007984e-07
"DXO",116.542681629515,0.407427984733052,0.170132454259685,2.39476933725512,0.0166308239195813,0.0378270955262873
"TNXB",111.721504888932,1.13143218815334,0.182745067912152,6.19131449663655,5.96645276849229e-10,3.88304244640663e-09
"ATF6B",367.54098579297,-0.845734464341287,0.110439969496666,-7.65786579076174,1.89048290088138e-14,1.82770345261713e-13
"FKBPL",85.5295133154082,-0.474992939865388,0.208010963395027,-2.28349954306661,0.0224009597430391,0.0491938912477945
"PPT2",86.3125881758957,0.871140516562789,0.203328695583811,4.28439534351761,1.83236836043455e-05,7.21772901057727e-05
"AGPAT1",467.283212912271,-0.9178567422474,0.101678721019044,-9.02702879273517,1.76396015844408e-19,2.40093096792453e-18
"GPSM3",35.1297798634974,1.05644126325982,0.314265354744778,3.36162178652426,0.000774861779203921,0.00233469054055072
"TAP2",651.980888877732,-0.567089854852198,0.087763776620406,-6.46154799496566,1.03637273870831e-10,7.2841158830977e-10
"PSMB9",57.2273221651525,-1.27708045569574,0.259577493154553,-4.91984278057327,8.6613756629601e-07,4.04789032215259e-06
"LOC100294145",107.416617101643,-1.4938082390382,0.197255453183363,-7.57296295200318,3.64806368908719e-14,3.44558468244446e-13
"BRD2",3332.25056152875,0.352498251664728,0.0665980666525761,5.29292019096613,1.20378463958968e-07,6.23373649139241e-07
"COL11A2",113.553201103006,0.989874763944523,0.176770491233304,5.59977379164532,2.14631694485845e-08,1.21212089198665e-07
"RXRB",457.301871585437,0.238229638495172,0.101798294226596,2.34021247905087,0.0192727716548282,0.0431286002721543
"SLC39A7",881.607426281662,-0.934670107455739,0.0888484852084231,-10.5198204028258,7.0006899026255e-26,1.32949314409279e-24
"HSD17B8",66.993877362242,-0.717220471529411,0.231879276681987,-3.09307706058204,0.00198092689526807,0.00553442550237765
"VPS52",424.60397396316,-0.705770708165507,0.111141834435238,-6.35018048560966,2.15062455149506e-10,1.46971577711386e-09
"RPS18",6179.30816909521,0.309065830630351,0.0884483766320174,3.49430755429458,0.000475293136164281,0.00148702389007231
"WDR46",402.858302404713,-0.3049082901661,0.117849115001708,-2.58727687655255,0.00967378247296714,0.0233938853925578
"PFDN6",158.00303109113,-1.41971895357325,0.19233740418568,-7.38139811953933,1.56635852691536e-13,1.40644479389844e-12
"RGL2",381.557184510311,0.449328349769469,0.105536754317214,4.25755323514036,2.06676455131139e-05,8.06696209209064e-05
"TAPBP",1202.6875355667,0.299974233037479,0.0705043672228262,4.2546900972733,2.09338746652119e-05,8.16380340492933e-05
"KIFC1",650.278633571278,-1.34897092888045,0.0930821670565131,-14.4922595974957,1.35607334130968e-47,5.56669651110288e-46
"PHF1",395.78238756072,0.680623046591032,0.104255049715097,6.52844201265078,6.64573312775242e-11,4.74495866462862e-10
"CUTA",398.76225189782,-0.672132093931845,0.112251760874941,-5.98771982455281,2.12803224459246e-09,1.32421509253455e-08
"ZBTB9",176.243334299219,-0.529737978120321,0.146116375618745,-3.62545249207757,0.000288455924677646,0.000936962214082459
"ITPR3",4763.17514035092,0.69658465245791,0.0555503030050646,12.5397093224568,4.52652816929649e-36,1.33288503494922e-34
"UQCC2",232.250759439766,-0.578849516090262,0.140055681928972,-4.13299559230893,3.58065595627331e-05,0.000134235491965886
"LEMD2",264.911627251206,-0.313268024518068,0.122732346653734,-2.55244874769561,0.0106968646178927,0.025623846507915
"GRM4",43.0611333455927,1.13441085860201,0.27792502559095,4.08171540576426,4.47045178147525e-05,0.000164647479161998
"HMGA1",8236.03680217794,0.238282498637665,0.0849248748487392,2.80580335339996,0.00501913125252856,0.0129269350152661
"NUDT3",825.42343663726,-0.578141623719874,0.0796917148060329,-7.25472685745378,4.02473187421414e-13,3.50723854473951e-12
"PACSIN1",55.0297139532123,-0.703117881362005,0.257440634516906,-2.73118454156013,0.00631071238508825,0.0159256893840744
"ILRUN",1192.73770971248,0.606772111826017,0.075690741093911,8.01646414154121,1.08832679516068e-15,1.1476148142534e-14
"SNRPC",518.350811793308,-0.855592073638781,0.107469801438706,-7.96123247819304,1.70334006437795e-15,1.77228009816138e-14
"TAF11",245.258522092771,-0.471949255003526,0.126311781274494,-3.73638349678493,0.000186685883326732,0.000625665023523713
"ZNF76",272.465706168408,-0.667081625393061,0.124080844640456,-5.37618540014004,7.60804521799807e-08,4.04677045081296e-07
"PPARD",615.586751672886,1.08354906376944,0.0963526435607778,11.2456599396357,2.43270434719573e-29,5.53532386878967e-28
"FANCE",132.259377737955,-0.509868795877569,0.163484099392697,-3.11876688786009,0.00181609582821253,0.00511452772624128
"RPL10A",5676.44694292326,0.274484054572368,0.0714606621091587,3.84105109679902,0.000122508607698072,0.000422531601785062
"TEAD3",236.820748428982,-0.715900902170016,0.130542023198131,-5.48406470676077,4.15662619694699e-08,2.27610333318692e-07
"FKBP5",634.114798615318,-1.47565854983213,0.0934068753828526,-15.7981791359978,3.20233371671703e-56,1.59859434650852e-54
"LHFPL5",8.85565478036139,-1.68048825132714,0.693660757323129,-2.42263705072813,0.0154083125106037,0.035358577365989
"SRPK1",2106.53044371187,-0.319283706370412,0.0627205849721124,-5.0905728400393,3.5698340452728e-07,1.75196022140145e-06
"MAPK13",899.020411142353,0.734703054654421,0.079534959597496,9.23748573422991,2.52357201636971e-20,3.60644657470251e-19
"BRPF3",703.058398559326,0.393550492039822,0.0923199066835098,4.26289958664048,2.01791210933241e-05,7.88482092850812e-05
"PNPLA1",3.47757830762386,2.52263937253674,1.09123340911787,2.31173216605968,0.020792447632679,0.0461113338405745
"ETV7",16.8168333828663,-1.99239938447852,0.506811951890189,-3.93123993435381,8.45088796206913e-05,0.000299495480756043
"KCTD20",1153.33585282814,0.783904609277727,0.0710075075613941,11.0397426441134,2.45735974311519e-28,5.28449641177551e-27
"PPIL1",376.895074297032,-0.906317501891919,0.117319529001847,-7.72520576585035,1.1167280441958e-14,1.09910191613612e-13
"C6orf89",866.306425247635,-0.685593116468616,0.0786855101073298,-8.71307964494915,2.95728722277133e-18,3.71640676719402e-17
"MTCH1",1517.46846081043,0.318218947097586,0.0809824421525723,3.92948074470336,8.51294928980632e-05,0.000301517018772798
"PIM1",534.990686891262,1.84421510669651,0.111581647127943,16.5279430279594,2.30889421131695e-61,1.30844599314914e-59
"TBC1D22B",202.785811354844,0.327068810233532,0.135279997724142,2.41771744334649,0.0156181993651987,0.0357812828324746
"CMTR1",419.715917161927,-0.682880697920168,0.103846302836207,-6.57587876765578,4.83666518918079e-11,3.51316176437835e-10
"CCDC167",78.865049848371,-0.903467181992439,0.227844000800844,-3.965288437777,7.33072471685541e-05,0.000262169061564698
"MDGA1",114.961395968726,0.683234145270122,0.173185515466161,3.94509981640825,7.97667441549857e-05,0.000283693802332149
"ZFAND3",689.414286717181,0.830550014229529,0.0840293952099989,9.88404131856348,4.88232484311657e-23,8.11663985219591e-22
"BTBD9",478.93665173978,0.910132270363513,0.0988405644501299,9.20808450889331,3.31996269022337e-20,4.71466096457962e-19
"SAYSD1",262.68032699169,0.429443939176996,0.124076664907315,3.461117684762,0.000537937594919162,0.00166623812272915
"DAAM2",17.8395719179569,1.65800958962025,0.457324883448226,3.62545238544395,0.000288456043711752,0.000936962214082459
"APOBEC2",22.2688851263777,0.985333654669376,0.388191966161244,2.53826390178332,0.0111403942679133,0.0265732687097374
"NFYA",665.501711055688,0.29320308903093,0.087710975704349,3.34283237276076,0.000829279776361142,0.00248494360655207
"FOXP4",263.928024350796,-0.47347525839926,0.128928763105673,-3.672378815976,0.000240303113707042,0.000790814903600183
"MDFI",129.683697933755,0.785512876526602,0.174707975500037,4.49614778191071,6.91956521288098e-06,2.89791970024002e-05
"TOMM6",990.988355777895,-0.486430526962856,0.0979982929236624,-4.96366326852009,6.9175837038702e-07,3.27368109053164e-06
"USP49",370.211153360723,0.5367521017089,0.112537382312195,4.76954493414349,1.84642554739851e-06,8.28340422944199e-06
"MED20",194.001285303018,-0.777628681662698,0.139236021623756,-5.58496768719814,2.33743670003037e-08,1.31551988667231e-07
"CCND3",314.899075853268,-0.424357530290297,0.117249403224735,-3.61927241093858,0.000295432511141909,0.000957896596489445
"C6orf132",258.033204213385,0.915691785595834,0.133525538859124,6.85780258533114,6.99277997371747e-12,5.49332554081789e-11
"MRPS10",650.27440667733,-0.606175568459947,0.0881357072104951,-6.87775236218635,6.08042471327527e-12,4.81438197530464e-11
"TBCC",148.789202948577,-0.412675586614024,0.159089439672058,-2.59398478908908,0.00948706840779614,0.0230010036024343
"PEX6",278.120758837291,-0.754360025345687,0.128132897819219,-5.88732509905461,3.92496178532376e-09,2.39443928007175e-08
"KLHDC3",509.835467343229,-0.410650141747488,0.0977056570632523,-4.20293106960678,2.63480841898872e-05,0.000100960838865821
"RRP36",385.23880718059,-0.433120868664401,0.107274806150484,-4.03748917576063,5.40263367782088e-05,0.0001970070042655
"CUL7",674.783127575855,0.31278848230293,0.0927098298325593,3.37384377544268,0.000741264235863253,0.00223794987342799
"SRF",510.821461623213,0.330447566058593,0.0955820705279298,3.45721288766216,0.000545793492054748,0.00168882975967009
"DNPH1",101.708648073112,-1.05855167834551,0.201895620178163,-5.24306410119937,1.57931640455477e-07,8.05800139481355e-07
"TJAP1",332.749185372115,0.378635276956611,0.110647039673166,3.42201000654912,0.000621600258767205,0.00190637478952413
"YIPF3",754.261634593858,0.404096256031142,0.0928328026571482,4.35294685137922,1.3431972232651e-05,5.39223817341511e-05
"POLR1C",479.438591156216,0.422125383254295,0.101530950689845,4.15760298102394,3.21604312928586e-05,0.000121399902037831
"XPO5",1453.21599027571,0.177330252140509,0.0674489482830371,2.62910329448541,0.00856103524772997,0.0209731397769633
"MAD2L1BP",307.835000620935,0.387304901963161,0.1155620766128,3.35148790429628,0.000803785502280814,0.00241416975610043
"RSPH9",25.4834079752449,0.927594016181161,0.365222975820195,2.53980192264199,0.0110915265588635,0.0264707191255833
"VEGFA",2206.85647919159,2.51952105899148,0.0757158211077304,33.276018434861,8.58440137586043e-243,5.15664990647936e-240
"C6orf223",711.128756349372,0.749866424658097,0.114420508471634,6.55360157610202,5.61656974591292e-11,4.04187198410106e-10
"SLC29A1",562.174438171404,-0.695032917535367,0.097270308889944,-7.14537586512405,8.97499661624237e-13,7.60763941774712e-12
"HSP90AB1",28134.7369852463,-0.186157975714289,0.0667612366888418,-2.78841412992283,0.0052966787045767,0.0135854607081094
"SLC35B2",433.944407763767,-0.832575161106415,0.103928527546299,-8.01103586053897,1.13746272963879e-15,1.19523124494581e-14
"TCTE1",8.39291768748801,1.84020105979225,0.698554255976486,2.63429940344419,0.00843111059785732,0.0206942332338599
"AARS2",235.040531424496,-0.476486964993531,0.128268409683372,-3.71476473567988,0.000203392836454477,0.000677262066841489
"ENPP4",597.700147313557,0.213781919848022,0.0888891001480262,2.40504088231305,0.0161706566570162,0.0368641876807197
"ENPP5",118.888133087485,-0.519324762939283,0.177703239610688,-2.92242709855497,0.00347314916624789,0.00924650925172895
"ADGRF1",384.277515466967,0.762855141030358,0.112483544553559,6.78192658364464,1.18583735940623e-11,9.10523010390275e-11
"TNFRSF21",740.327959712062,0.684447600832198,0.082157941238721,8.3308757560446,8.02465118496671e-17,9.18172946058953e-16
"CD2AP",2023.03855663582,0.31986640736293,0.0694392506317398,4.60642078439602,4.09659016533012e-06,1.76783168988061e-05
"PTCHD4",138.137852137716,0.586152090195831,0.16212004087103,3.61554368631159,0.000299717923089804,0.000970917974474448
"CENPQ",169.757064732379,-1.39753250935575,0.161575912200429,-8.64938647304163,5.17770356811672e-18,6.37781244026189e-17
"C6orf141",151.793348617084,0.478834704787433,0.152975091148248,3.13014819074954,0.00174718139258928,0.004935876450204
"MCM3",2119.23571539913,-1.54229057791864,0.0747742014831976,-20.6259718903879,1.60473915073983e-94,1.68133745555131e-92
"PAQR8",101.964536029987,-0.687832328860062,0.194054764427736,-3.54452688079299,0.000393318396184662,0.00124898516610463
"TRAM2-AS1",48.7129827315583,-0.693266150341076,0.268741122592358,-2.57968019056265,0.00988918510893632,0.0238603567878085
"LOC730101",63.2316302152035,-1.24139933541097,0.248259836542258,-5.00040341885775,5.72104811395047e-07,2.73617325003985e-06
"TMEM14A",371.208833225112,-0.555342153653994,0.108452882938779,-5.12058452118311,3.04590059877547e-07,1.507557667963e-06
"RN7SK",23985.906754544,0.280774532416679,0.0862297334097191,3.25612200472178,0.00112945207443051,0.00330688153262588
"CILK1",859.936437613449,1.14073696167188,0.0809566295813658,14.0907170613541,4.33141077293963e-45,1.6750290459044e-43
"FBXO9",494.032319829042,-0.480281765262996,0.0977126522361214,-4.91524643198101,8.86708505024321e-07,4.13807928550603e-06
"ELOVL5",1367.90309377147,-0.323193250848644,0.0729326143057285,-4.43139539046058,9.36252316052006e-06,3.84683150651464e-05
"GCLC",1719.23555342704,1.46833955807901,0.0699142727449046,21.0020000270406,6.28818884233937e-98,7.03847522532906e-96
"LINC01564",8.46756765328431,2.47456687806667,0.701490423625731,3.5275846892914,0.00041936958219641,0.00132494025960054
"FAM83B",807.720257445203,1.4037778291368,0.0850139806447381,16.5123173681632,2.99171169167149e-61,1.69008264563047e-59
"DST",11816.4260469859,0.765954955231069,0.0678029976542664,11.2967712598305,1.36131463663232e-29,3.12512752442689e-28
"BEND6",64.6622308871861,0.700356182536749,0.230303857891103,3.0410093384884,0.00235786517683746,0.00648520884490047
"KIAA1586",251.815229361242,-0.538292254296047,0.131734201664961,-4.08619969220356,4.38496412460029e-05,0.000161829691766172
"ZNF451",1873.0293201254,0.166618066717066,0.0669001955983469,2.49054677982411,0.0127546703972281,0.0299364307408762
"ZNF451-AS1",15.1548502330357,1.12284873905909,0.484177162855996,2.31908653525869,0.0203903446991219,0.045340206449997
"BAG2",535.971033382824,-0.683516381521041,0.0943344053784916,-7.24567435156468,4.30292849411826e-13,3.74062105125447e-12
"RAB23",175.116309211449,-0.363508199220888,0.1453921805117,-2.50019084892696,0.0124126417327548,0.029240289760258
"PRIM2",589.698316921442,-0.901069845063206,0.090785449236709,-9.92526723873785,3.23235692097922e-23,5.42873290521589e-22
"GUSBP4",46.9186157952045,0.889786806148454,0.272009654514616,3.27115891432686,0.00107107704936759,0.00314721661611827
"PTP4A1",4613.50613340746,0.206595826593318,0.0650866700337873,3.1741649478468,0.00150268268371694,0.00429838803861316
"PHF3",2691.08847456075,0.510792904416409,0.073490545744481,6.95045735804417,3.64103846994688e-12,2.93317631948649e-11
"EYS",45.1015529303306,1.5161255387511,0.317627576854583,4.77328056261694,1.81249016752788e-06,8.13724098381163e-06
"SDHAF4",21.5078212243138,-1.1796149905526,0.441567571670202,-2.67142577089793,0.00755297755706642,0.0187559885015701
"SMAP1",49.3789296977151,0.689330352795558,0.260228203261903,2.64894559526967,0.00807433286129827,0.0198916681467472
"B3GAT2",22.0349728403622,0.916711862835513,0.39792013365079,2.3037584311831,0.0212362077783837,0.0469737436295428
"LOC122539212",88.2603895366469,-0.638822720142839,0.207638122716016,-3.0766157571967,0.00209364992785428,0.00582068271364733
"MTO1",478.840681759211,-0.347562480779444,0.101976088739192,-3.40827428347785,0.000653751458845519,0.00199682288811103
"EEF1A1",64998.4890345771,0.623727153880726,0.0573009386406052,10.8851123328499,1.35731181025653e-27,2.79544184372947e-26
"SLC17A5",871.91027039032,0.593771683918569,0.0766703161380213,7.74447939995012,9.5974254058951e-15,9.47180740633272e-14
"CD109-AS1",30.0823663520389,-0.836568129621177,0.341206375764957,-2.45179512764279,0.0142145567304376,0.033001871533009
"CD109",4029.52272872534,0.452527152187342,0.061981350570865,7.30102116232455,2.85591819356438e-13,2.51669935287157e-12
"COL12A1",1943.5538852117,0.241726686346646,0.0659855233421726,3.6633290773971,0.000248958363115412,0.000816809819527217
"MYO6",2421.07017639243,0.474726777715269,0.0769698476091949,6.16769803320433,6.92913060164681e-10,4.47722705529857e-09
"IMPG1",37.2364946067601,1.37861083992315,0.31564135928866,4.36764954703664,1.25590800054704e-05,5.05985201830053e-05
"HTR1B",12.0901582981517,-2.23532595677174,0.635241355293109,-3.5188608835776,0.000433403909708407,0.00136544962532433
"IRAK1BP1",96.0799843935281,-0.837269106095399,0.199506126278468,-4.19670875132301,2.70821839689935e-05,0.000103597545596525
"PHIP",1922.46677736713,-0.47141573947543,0.0765578401817081,-6.15764157343698,7.38362292902832e-10,4.7623575090916e-09
"HMGN3",212.573266585363,-1.48776335640636,0.147141117099876,-10.1111326713423,4.93108414678945e-24,8.59410709954475e-23
"TTK",870.044422125192,-1.46641439444766,0.0831017285530191,-17.6460155520361,1.0919351798349e-69,7.3976555924078e-68
"BCKDHB",127.500238421226,-0.777961298153873,0.170495077134218,-4.56295460977704,5.04387223506552e-06,2.15035773712126e-05
"TPBG",390.18108712645,0.374135262107624,0.107209209484212,3.48976793978432,0.000483440152968813,0.00151067712790896
"PGM3",1128.99803786498,0.481014982820528,0.0724539690117535,6.63890452629996,3.16022999258755e-11,2.33117088401229e-10
"RWDD2A",145.114401247847,0.484304231117203,0.159378999416807,3.03869539204883,0.00237604966707027,0.00652924535685777
"ME1",1754.99013990978,0.986148352172424,0.0673198095053112,14.6487097842222,1.3729814246328e-48,5.74071885227556e-47
"CYB5R4",483.202745537255,0.407599966703681,0.0934139010854338,4.36337592122292,1.28070591963235e-05,5.15514884469388e-05
"CEP162",142.73098350023,-0.791694266190872,0.160767550609604,-4.92446556030057,8.45912247091166e-07,3.95747263884473e-06
"NT5E",4257.09978797476,1.46109733894077,0.0649098531838243,22.5096386337981,3.33981620310289e-112,4.73912029890687e-110
"SNX14",1529.79278565871,0.528451687807479,0.0712524520323049,7.4166105549306,1.20155588532783e-13,1.09029398839339e-12
"ZNF292",3250.4537695304,2.1935739944374,0.0640818894229686,34.2307946003097,8.42287133333076e-257,5.23408842406737e-254
"GJB7",28.9378764498095,2.24285031026836,0.415882611063088,5.39298891226815,6.92952301132398e-08,3.70225123590482e-07
"SMIM8",63.2440123139204,-0.637987552374622,0.236257965670791,-2.70038536293677,0.00692592009914621,0.0173325935434959
"SLC35A1",620.651667480861,0.503757602163468,0.0861025553502494,5.85066958947124,4.89597967875157e-09,2.95183840049455e-08
"ORC3",611.551552622153,-0.610572312867547,0.0958574417214179,-6.36958698148861,1.89537905522176e-10,1.30368801351722e-09
"AKIRIN2",400.467897026673,0.492225716503357,0.101872787341825,4.83176841772021,1.35325612093107e-06,6.15523184131723e-06
"RNGTT",945.877927758368,0.180290186266482,0.0776186974671053,2.32276747935494,0.0201916469972998,0.0449641459954912
"PNRC1",1533.20862868212,1.68453867821394,0.0699038776035188,24.0979289842592,2.62785862813816e-128,4.73566403376777e-126
"PM20D2",830.800997943494,-0.487549196920232,0.082971798364443,-5.87608327806437,4.20087051953912e-09,2.55325084764299e-08
"GABRR2",66.6077588154852,2.46151981954119,0.26961221489647,9.1298527423411,6.85925319203815e-20,9.54522021418684e-19
"UBE2J1",947.234404913631,0.400024861730169,0.0792100556842917,5.05017776183054,4.41399117228298e-07,2.14206297230831e-06
"RRAGD",642.851924341679,1.20002513091107,0.0896317470252188,13.3883938530555,7.06929809680466e-41,2.42197378331781e-39
"LYRM2",430.01690376791,-1.09864709325172,0.110556499218573,-9.93742657389744,2.86123201764619e-23,4.83245193908173e-22
"CASP8AP2",715.852340573891,-0.581732076921936,0.0870902644472565,-6.67964531528371,2.39521233144995e-11,1.78585525134711e-10
"BACH2",207.452214892292,1.23454870043841,0.143008776758629,8.63267785670308,5.99320500978036e-18,7.34218541680843e-17
"MAP3K7",787.685975891349,-0.343357143983815,0.0842028034982987,-4.07774004805852,4.54755692445808e-05,0.000167384647335905
"MANEA",314.595964957887,-0.361667028109313,0.118020200982455,-3.06445019664963,0.00218070479459651,0.0060384881842999
"GPR63",138.839110715775,-0.97628970717933,0.173615799211586,-5.62327686542813,1.87368737638663e-08,1.06449307092886e-07
"KLHL32",33.4308742170546,-0.790896526084668,0.322791119953963,-2.45018055700376,0.014278459508255,0.0331246966124888
"MMS22L",1025.53130305931,-0.902613928416965,0.0790310523983005,-11.4210035299539,3.28419578777271e-30,7.78743319624368e-29
"FBXL4",543.190173121667,-0.298347247643612,0.111265880199225,-2.68139026186115,0.00733169567822287,0.0182643748710609
"FAXC",49.9521203041626,-0.622031802777032,0.262079935529989,-2.37344305476546,0.017623110285023,0.0398676965159929
"COQ3",93.0003194052496,-0.818941481002648,0.208745875190981,-3.92315048263062,8.73985230266718e-05,0.000308704191192406
"HACE1",343.893486496102,0.344439638803394,0.117605293858837,2.92877665198329,0.00340298849309639,0.00906910021208076
"PREP",911.300146933402,0.566158402633762,0.0795073956804262,7.12082690910154,1.07281452553776e-12,9.04265227535826e-12
"PRDM1",163.834676741095,3.32180191437566,0.187098919044614,17.7542549755917,1.59776760390543e-70,1.11602209263488e-68
"ATG5",757.586665357636,0.435944357929892,0.0852208164630252,5.11546798098368,3.1296403587836e-07,1.54645596121852e-06
"CRYBG1",350.852709654435,-0.503076043858079,0.109094694570682,-4.61137038641359,4.00023049255392e-06,1.72997729076828e-05
"RTN4IP1",60.1836039676133,-1.75242956947162,0.274958582382858,-6.37343106108796,1.84845386900393e-10,1.27335577879663e-09
"CD24",164.092746052945,-0.658889965371041,0.151941965734204,-4.33645808244745,1.44797024646442e-05,5.79477499700984e-05
"MTRES1",86.4284387500008,-0.782385610088456,0.208694803593784,-3.74894629198021,0.000177579106072749,0.000597489370899367
"BEND3",165.875015893675,-0.864951970766338,0.155240952242133,-5.57167395763749,2.5230326527202e-08,1.41335316862514e-07
"SEC63",869.257661586923,0.315758148435939,0.0802780495569793,3.93330617993929,8.37854022168957e-05,0.00029710679522839
"SNX3",1481.48114188648,0.633340623570751,0.0685803272603772,9.23501897513791,2.5824023902039e-20,3.68467723466861e-19
"FOXO3",2361.22463912915,1.89415717786089,0.0640760532118491,29.5610775463713,4.73174476499051e-192,1.67197592960576e-189
"LINC00222",7.89271372431482,2.03414734021163,0.708325208587548,2.87177036133991,0.00408179460222455,0.0106931269845455
"CEP57L1",401.40211258129,-0.535712210314357,0.113018614446717,-4.74003519629877,2.13681097583292e-06,9.53155212759529e-06
"CD164",2391.46899745314,-0.631200298450442,0.0706131788697093,-8.93884553215045,3.93257098438567e-19,5.21862015534715e-18
"SMPD2",68.0931642789638,-0.579706227923835,0.239129846117113,-2.42423201175785,0.0153408011234373,0.0352218852140992
"MICAL1",372.828768935862,0.467072383614861,0.105727004627632,4.41772076358239,9.97471696983675e-06,4.07791230747341e-05
"ZBTB24",329.242939783947,-0.560102337537582,0.117752400818594,-4.75661076669221,1.96870237019346e-06,8.80347032587008e-06
"FIG4",252.763503911363,-0.440858266337839,0.125368435836765,-3.51650128994076,0.000437274534223118,0.00137596025514839
"WASF1",442.642116015974,0.269597096664293,0.0975599247920445,2.76340000506311,0.0057202616595081,0.0145744147272721
"GTF3C6",177.153179386497,-0.493268520459115,0.152986464780956,-3.22426249384461,0.00126297572925424,0.00366448005424097
"SLC16A10",95.4734807127683,-0.953278648159274,0.207474266297798,-4.59468378980063,4.33405987055329e-06,1.86050721598954e-05
"REV3L",1129.95079247647,-0.301792651213769,0.0869228231628287,-3.47196099059546,0.000516671408406617,0.00160533369843028
"TRAF3IP2",221.354240916755,0.721422898060242,0.142898781556113,5.04848879888424,4.45318575812992e-07,2.15844165000697e-06
"HDAC2",1771.33163101018,-0.28719089590804,0.0683494501917168,-4.20180257635553,2.64798017545851e-05,0.000101368914640597
"FRK",424.31237988162,1.08516630186924,0.107258950803945,10.1172563570268,4.63218447708102e-24,8.09666309034695e-23
"NT5DC1",458.816465329372,-0.577926844687309,0.0993041245844651,-5.81976677308848,5.89297978016006e-09,3.52463951603931e-08
"COL10A1",34.9695598403042,-0.851222250990503,0.314158445265499,-2.70953165136505,0.00673782760310287,0.0169039577007967
"TSPYL4",153.98410966421,-1.30258214086452,0.163981725566771,-7.94345916511366,1.96619442994976e-15,2.03871057664698e-14
"DSE",850.607764607186,0.624587862485674,0.0810500618692513,7.70619846648914,1.29620994719556e-14,1.26813243531005e-13
"TSPYL1",1061.48541486359,-0.783266980021233,0.0795993268903458,-9.840120647003,7.56200999305983e-23,1.25022919343974e-21
"CALHM5",7.98236826974539,-2.40729781727331,0.808795151777023,-2.97639991039038,0.00291654266818186,0.00788819081844595
"KPNA5",409.396645294979,0.513304234488447,0.109680281994509,4.6800046932241,2.86868349977205e-06,1.26150671911645e-05
"DCBLD1",692.492403566054,1.3538311378479,0.0867268010326155,15.6102971829754,6.19477672300028e-55,2.97696190200501e-53
"NUS1",987.968822451956,-0.279950622096453,0.0763117796786914,-3.66851124787257,0.000243966962750093,0.000801847279905056
"CEP85L",254.790338944834,0.678751768358454,0.124892444714393,5.43469038427935,5.48916610345643e-08,2.96434708871406e-07
"ASF1A",314.743083459292,-0.867709871180974,0.115253588200262,-7.52870157650327,5.12473569002139e-14,4.7900861965703e-13
"FAM184A",24.7667896398339,-1.34763890959639,0.387786956000876,-3.47520433253909,0.000510464364349289,0.00158823865848386
"TBC1D32",394.163632794854,0.250428095387409,0.108575847338458,2.30648069092901,0.0210837878364568,0.0466712861565887
"HSF2",321.009281601607,-0.279132262809813,0.110873231234273,-2.51758030051468,0.011816403079484,0.0279526647276689
"SERINC1",1725.36706281193,0.731274863204718,0.0656554992183263,11.1380595976125,8.18839564866675e-29,1.81058991392176e-27
"PKIB",200.647641872325,1.35564457059631,0.140530506848999,9.64662122832131,5.08020088385145e-22,7.95397915967741e-21
"RNF217",1401.99405186427,1.42982452954484,0.0857270427915857,16.6788038288098,1.86924412186309e-62,1.07966821538765e-60
"NCOA7",361.32812041349,0.280798940448661,0.105241165662294,2.66814738017735,0.00762707930783111,0.0189139392055077
"TRMT11",712.349028049349,-0.349254055791336,0.0892883674094331,-3.91152919382909,9.17135673837356e-05,0.000322365944572323
"CENPW",103.439848605816,-1.2745773463318,0.197400209214733,-6.45681861940334,1.06926923665564e-10,7.51239801706486e-10
"ECHDC1",606.325443403714,-0.461162344636246,0.0935791472323897,-4.92804602601282,8.30560543617199e-07,3.8907022502016e-06
"SOGA3",9.43343425614841,-1.61851096562915,0.653486800921776,-2.47673091996068,0.0132591822133736,0.0309833665284239
"LAMA2",268.511068926512,0.350794548017047,0.141161450234144,2.48505911093422,0.0129529924513211,0.0303505235944945
"ARHGAP18",2348.23683296708,-0.301090088313087,0.0625516216177111,-4.81346575078775,1.48335032845731e-06,6.72489465890043e-06
"TMEM200A",287.675369766817,0.382595601384778,0.12314597446243,3.10684618847613,0.00189094757419657,0.00530130152996211
"EPB41L2",928.365447534508,-0.43339845503116,0.0865044601589208,-5.01012842846422,5.43937239582534e-07,2.60838025399597e-06
"ARG1",18.6110149556115,1.18793374408378,0.454924103572621,2.61127896885363,0.00902042772650677,0.0219701484064574
"MED23",750.932821853514,0.379951452167195,0.0901480473949825,4.21474966066034,2.50055400904079e-05,9.64315938303533e-05
"ENPP1",187.849644061591,-0.382621506381179,0.143412795377146,-2.66797328212565,0.00763103262234999,0.0189198540199115
"CCN2",63.7475642717561,1.12222859103641,0.243971374970301,4.59983713734049,4.22821377487522e-06,1.81853557128941e-05
"SLC18B1",280.121448095838,-0.315004634939639,0.121287993001636,-2.59716256443777,0.00939974257210189,0.0228169128356476
"RPS12",4777.35593663895,0.401247865763817,0.0714590477772819,5.61507434320138,1.96477751615234e-08,1.11273587739099e-07
"TBPL1",232.494098522182,0.315409128174141,0.127365001513645,2.47641914517899,0.0132707679853994,0.0310023995158001
"SLC2A12",106.995417383302,0.470756020654376,0.179875395698674,2.61712291903994,0.00886744027367738,0.0216502020284433
"SGK1",77.2289130058738,1.13307256665852,0.213250079988547,5.31335119179965,1.07627329894507e-07,5.60894336991745e-07
"MYB",68.6718795432045,-1.71349494928165,0.2516221274267,-6.80979438018945,9.77383396878335e-12,7.56265615935787e-11
"AHI1",614.373165453207,0.214980552232772,0.088091655163321,2.44041903667493,0.0146702339645951,0.0339199751444661
"MTFR2",151.425572690981,-1.20359547747291,0.164982161656177,-7.2953067494727,2.97979393215264e-13,2.62201496344349e-12
"MAP7",625.023150535869,0.304365182498264,0.0923547700918243,3.29560868589297,0.000982087067018442,0.00290801692979614
"MAP3K5",482.996377733085,0.466188108178245,0.113495680135752,4.10754054798065,3.99894590358401e-05,0.000148740978593369
"MAP3K5-AS1",11.5949613092782,1.44097881298982,0.552674440038718,2.60728325501876,0.00912638289596802,0.0221982111173221
"PEX7",61.4167896326855,-0.630585576243342,0.242318136804802,-2.60230449341605,0.00925995955307798,0.0224988177303517
"IFNGR1",416.426459010194,0.532068581205234,0.0986374242522565,5.39418567788748,6.88350091143294e-08,3.67984485093245e-07
"TNFAIP3",367.990604566099,1.29450623485958,0.113727187511267,11.3825573566684,5.10795228194032e-30,1.20170245525909e-28
"PERP",3643.0139182816,0.698025029559639,0.0549787760764985,12.6962635288278,6.20208348772042e-37,1.87215655832847e-35
"ARFGEF3",901.435661016484,1.8772270422413,0.0892017846712366,21.0447251606011,2.55594990167516e-98,2.91523880873975e-96
"PBOV1",14.2525377497425,2.88856512489628,0.610126319477925,4.73437226469427,2.19734102801765e-06,9.7846015977035e-06
"HEBP2",548.099657881446,0.394967796514671,0.092486929713973,4.27052555140664,1.95012876069728e-05,7.63320382200819e-05
"NHSL1",410.456414675343,0.708422204055,0.102904740248834,6.88425239053091,5.80918010143071e-12,4.60771279083992e-11
"CCDC28A-AS1",19.0573788669224,-1.81358030055536,0.474566994903659,-3.82154747386833,0.000132616877188559,0.000454870335708988
"ECT2L",28.1309652450454,1.11590522885304,0.39445210802883,2.82900054566695,0.0046693619345138,0.012091761951699
"HECA",577.668721974002,0.571883392143035,0.0948598759992345,6.02871747531749,1.65265901080692e-09,1.03989413525669e-08
"CITED2",879.452363304928,0.38299878677552,0.0798045630789487,4.79920911786245,1.59293405304636e-06,7.19635612182212e-06
"ADGRG6",2030.86907528081,0.218010693865274,0.0663859399703252,3.28398895854642,0.00102348932117193,0.00301920135158608
"HIVEP2",1251.66259244434,2.29130154100363,0.0794732600442957,28.8311004195189,8.74472663819253e-183,2.81408426333692e-180
"AIG1",317.008400574286,-0.405693570207795,0.112831773761807,-3.59556139801747,0.000323692771286889,0.0010429585967032
"ADAT2",283.479725325628,-0.492046865424063,0.123221763138035,-3.99318150376458,6.51926269113955e-05,0.000234967265914052
"PEX3",274.077813306038,0.556760891614092,0.120552704166383,4.61840234496664,3.86705893460592e-06,1.67681109385306e-05
"FUCA2",801.136254191092,-0.786746326424479,0.0845582644171424,-9.30419198936376,1.35014982304388e-20,1.97172203898491e-19
"PHACTR2",637.759063622459,-0.210595088757198,0.0874625522192475,-2.40783150518277,0.0160475854969346,0.0366485284805802
"LTV1",354.103939915291,-0.819877911211715,0.118602382888386,-6.9128283196745,4.7508478571281e-12,3.79835977077664e-11
"PLAGL1",940.701088717194,1.16107834690039,0.0768277155599523,15.1127537560888,1.33444421269529e-51,5.95247998935194e-50
"HYMAI",48.113591682236,0.787708337020192,0.273780799611379,2.87714966914522,0.00401285214534902,0.0105339560832243
"SF3B5",339.660977653826,-0.445794934638949,0.119186451190806,-3.74031553238609,0.000183789389457653,0.000616887425482651
"STX11",50.2944771657656,1.24496906191473,0.26850863490769,4.63660717035314,3.54174598934866e-06,1.54280407237255e-05
"FBXO30",596.338667224703,0.234387104318534,0.0961254632133175,2.43834564207396,0.0147546585691459,0.0340670982798947
"STXBP5",570.044681165793,0.304374600852911,0.0907715606022902,3.35319343231862,0.000798848561114407,0.00240054192426926
"SAMD5",245.747012585795,-0.705693279599281,0.147121152623389,-4.79668128624417,1.61315962727514e-06,7.28590216619684e-06
"UST",154.005755323424,-0.917612314294371,0.156291825891655,-5.8711471893001,4.32789804585556e-09,2.62691312510485e-08
"TAB2",1653.76523753297,0.691929666283444,0.0645949891636813,10.7118164309947,8.95865518406657e-27,1.78391077427695e-25
"LATS1",982.714213605619,0.718989903966758,0.0894229815796235,8.04032577829626,8.95999389724537e-16,9.5037110077845e-15
"NUP43",920.038639005109,-0.36015963559248,0.0765797553211837,-4.70306589622717,2.56283658605746e-06,1.13364943832453e-05
"PCMT1",1042.5852680523,0.436659112165561,0.0784014936948318,5.5695254208447,2.55434121976849e-08,1.42911465760472e-07
"ULBP2",176.264221884353,0.807459075346418,0.146476449822576,5.51255219746573,3.53667253403952e-08,1.95264631543892e-07
"RAET1K",28.2777103156542,-0.979765133358517,0.351134360524912,-2.79028555306824,0.00526615731216179,0.0135167954596877
"RAET1L",194.421080335142,1.11486028288737,0.141958471603702,7.8534255144678,4.04825270118319e-15,4.0962134715341e-14
"ULBP3",456.474747758094,0.301369276722033,0.10896319016478,2.76578977052972,0.0056785129604607,0.0144823778743932
"PLEKHG1",375.458968043901,0.759771751236747,0.113907024030227,6.67010447955459,2.55621380095426e-11,1.89960943946379e-10
"MTHFD1L",1332.34705118447,0.791134115285898,0.0720215817398503,10.9846812049138,4.52834497526489e-28,9.57808741775219e-27
"AKAP12",32823.7014349499,0.507976217205891,0.0705105052674366,7.20426290067285,5.83586730005868e-13,5.02235743144019e-12
"ZBTB2",286.22519532829,-0.434272056894351,0.123323723436552,-3.52139916629891,0.000429275893120595,0.00135315390413263
"RMND1",318.845832891205,0.27632872258278,0.11277895604913,2.45017982310816,0.0142784886124973,0.0331246966124888
"SYNE1",265.779956399608,-0.404415572736732,0.131000427581099,-3.08713170028678,0.00202098035715823,0.00563778436785579
"FBXO5",688.042759890501,-1.03727532364843,0.088105814217424,-11.7730632519743,5.37371398604633e-32,1.37556391679746e-30
"MTRF1L",454.113286119853,0.425011270094892,0.0971697012826686,4.37390734441517,1.22042194537543e-05,4.92459110560022e-05
"IPCEF1",5.22017253941665,2.04022043541219,0.8690966046673,2.34751858936695,0.0188989300738854,0.0424554498705421
"TIAM2",119.376663281805,0.476775278596099,0.174172589917006,2.73737261886779,0.00619320995582394,0.0156686559895975
"TFB1M",193.909352393038,-0.444454648765122,0.144912078018928,-3.06706421466862,0.0021617241224871,0.00599145346221777
"ARID1B",750.249836082495,-0.318809499254779,0.0846853834172545,-3.7646343015768,0.000166793004328911,0.000563090432935802
"ZDHHC14",90.0919589336193,-0.848909752445797,0.19973921387328,-4.25009058553904,2.13684079769993e-05,8.32425594797891e-05
"SNX9",1700.40047853521,0.625613684356375,0.0644245622738997,9.71079449009823,2.71214740163362e-22,4.32527507299464e-21
"SYNJ2",918.106353824005,1.5683644988867,0.083795451286852,18.7165827595798,3.626856784084e-78,2.98445598657433e-76
"TULP4",1401.99600067493,0.332040013220863,0.0690556239885539,4.80829792046915,1.52220797041462e-06,6.8941215970952e-06
"DYNLT1",456.231114823259,-0.463574817655304,0.11442735042889,-4.0512588635301,5.09428091440632e-05,0.000186171716361252
"SYTL3",615.469377719503,0.677764216964644,0.0866809094557627,7.81907136438779,5.32144373446655e-15,5.34249234199563e-14
"EZR",18355.5657773052,0.712220831302232,0.061508912880898,11.579148418398,5.25656274209532e-31,1.29587574795212e-29
"RSPH3",588.691930400914,0.385157874516947,0.0924223016074044,4.16736943160145,3.08134901465289e-05,0.000116682056299768
"TAGAP",25.7021201059778,1.04498395513548,0.362020969169809,2.88652880393046,0.00389517091548808,0.0102594088085371
"SOD2",1375.20186620249,-0.213536036488479,0.0686665866177234,-3.10975172942941,0.00187244656370989,0.00525597500383425
"ACAT2",1277.03529686501,1.19884724920004,0.0805476509502464,14.8837021943762,4.20568282065917e-50,1.82188966613219e-48
"TCP1",3755.1196212755,-0.349725246480426,0.059822881442257,-5.84601139311539,5.03499575426315e-09,3.03260890667033e-08
"MRPL18",566.037634098103,-0.605896528304417,0.116414318802385,-5.20465639053334,1.94355887971218e-07,9.82740588420123e-07
"IGF2R",1904.28406088763,-0.344542436172357,0.0682242024963135,-5.05014970590494,4.41463952008938e-07,2.14206297230831e-06
"AIRN",9.04680615263791,-1.53373736071627,0.656431053007021,-2.33647898540209,0.0194662915974614,0.0435292270601629
"MAP3K4",766.781134739091,0.445556870178692,0.0812307805481999,5.48507434216162,4.13295572247646e-08,2.26451794085583e-07
"AGPAT4",649.747758043934,1.6657010907982,0.088645078416199,18.7906776163877,9.00225509746814e-79,7.51063144034599e-77
"AGPAT4-IT1",72.4496516186636,1.82965526314818,0.239553674187496,7.63776748302401,2.21020535871003e-14,2.12314023290584e-13
"QKI",649.883665222018,0.344301768913734,0.087655541562574,3.92789506260651,8.5692583788826e-05,0.000303392151760006
"SFT2D1",482.196457244158,0.231672240607543,0.096038647075942,2.41228138526723,0.0158530413706977,0.036268586840338
"LOC100289495",17.3398943478662,1.02675371476548,0.438086399318769,2.34372424335039,0.0190922813814769,0.0428117533515668
"CEP43",338.753385064416,-0.851588306540156,0.112787000495971,-7.55041186302831,4.3388393988447e-14,4.07665405665174e-13
"LINC02487",7.30424007896436,1.61061648202336,0.703848832341059,2.28829886193931,0.0221201227497876,0.048648612652419
"AFDN-DT",13.3093028547936,1.34191404734346,0.5105586978091,2.62832472172516,0.00858065629003684,0.0210154942923014
"AFDN",1683.90819662494,0.488398358097381,0.0734917843516971,6.64561845117457,3.01946517705345e-11,2.23373489144829e-10
"LINC01615",12.8556369657741,2.73605822390105,0.590404534718021,4.63420936495312,3.5830422977764e-06,1.55890886644685e-05
"LINC02544",8.15572620231679,2.5885507193186,0.725981180980461,3.56558928403995,0.000363039539459734,0.00115855065355124
"C6orf120",314.39170000411,-0.354436321506603,0.117671554196896,-3.01208158527028,0.00259462853431661,0.00708129650415261
"ERMARD",165.518053011224,-0.541297866276787,0.153967270773156,-3.51566838561615,0.000438648500241683,0.00137980181931495
"DLL1",103.904805201437,0.912162703125663,0.182704382519327,4.99256060827755,5.95840069596574e-07,2.84290015732059e-06
"FAM120B",681.033344375798,-0.332342251805686,0.0852421085765976,-3.89880374095916,9.66690851589527e-05,0.000338135400553084
"PDGFA",713.206926642734,2.14355981373729,0.112549883236462,19.0454201470273,7.17083490578059e-81,6.15360075414629e-79
"PDGFA-DT",19.3570234954098,1.77567209737761,0.433818146793168,4.09312545015364,4.25597306908798e-05,0.000157423831440957
"PRKAR1B",133.337844458341,0.638949401169085,0.168771131018573,3.78589274903164,0.000153157725623049,0.00051998028889468
"SUN1",2995.60855425379,1.01388648722231,0.0594905659024365,17.0428112733885,3.95266268537365e-65,2.40645048152427e-63
"ADAP1",196.439086704643,0.588786152130257,0.136076988310931,4.3268605473903,1.51249651321696e-05,6.03424832071793e-05
"COX19",256.678014717745,0.457995083193163,0.120898576957716,3.78825867696808,0.000151706851646571,0.000515442906018639
"C7orf50",211.630510818578,-0.604203053058024,0.133888879654068,-4.51272020961799,6.40014279488085e-06,2.68850753628316e-05
"GPR146",28.3212461354881,1.50569050690406,0.357397374052434,4.2129310851712,2.52077992142267e-05,9.71492193412272e-05
"GPER1",58.7442121102243,0.817338825050031,0.24880848798377,3.28501182444928,0.00101978091812535,0.00301023291163585
"ZFAND2A",177.17853244708,0.67573923344254,0.15246411792164,4.4321197843406,9.33111518196365e-06,3.83497721672507e-05
"ZFAND2A-DT",81.8312946731077,-0.966293051179228,0.209428073369457,-4.61396142185086,3.95065785178022e-06,1.70935906715322e-05
"MICALL2",250.450964668104,0.321623372378895,0.125568782810641,2.56133224500478,0.0104271584901202,0.025057717449054
"MAFK",339.865000162122,1.01376656541534,0.110600532841404,9.16601881899644,4.90811246161746e-20,6.87784561981402e-19
"LOC100128653",65.9651542120806,0.733039849053342,0.233972942155915,3.13301120334187,0.00173022837818297,0.00489258521939985
"TMEM184A",353.761559742214,1.13736654198567,0.10669518990527,10.6599608004399,1.56663460775435e-26,3.09564937130933e-25
"PSMG3-AS1",23.3479710091441,-1.42201997020753,0.407657862062587,-3.48826823310281,0.000486160095938289,0.00151838667052061
"MRM2",251.987349114189,-0.70390494431222,0.142188141654374,-4.95051792731949,7.40162384106485e-07,3.49083128081208e-06
"NUDT1",68.1389036448317,-1.72205506999374,0.25401971529581,-6.77921817205558,1.20827948646615e-11,9.26570409600277e-11
"SNX8",112.974640729456,-0.77589024383817,0.183596019260153,-4.22607334823934,2.37804506059814e-05,9.19827216935802e-05
"EIF3B",3576.07459399566,0.292040090207782,0.0673419635487622,4.33667322450907,1.44655433057148e-05,5.79141145773423e-05
"CHST12",198.76709336015,-0.787357440850737,0.146000389475277,-5.39284479774669,6.9350850588777e-08,3.70302719543807e-07
"LFNG",80.5916836776105,-0.831894198089207,0.218442282172083,-3.80830208244145,0.000139924274347049,0.000478568105524421
"BRAT1",292.326301669705,-0.288348388883177,0.122231867227958,-2.3590279312793,0.0183228765963726,0.0412952175016546
"TTYH3",345.149656428731,-0.494320481821475,0.115630548473989,-4.27499902357268,1.91138132428129e-05,7.50108946970235e-05
"FOXK1",2112.93808965464,0.350873414177988,0.0616622412125793,5.69024750443889,1.2685536395699e-08,7.3483140915105e-08
"RADIL",36.6692848370725,-0.842723115467534,0.308204438129885,-2.73429909244976,0.00625132317351616,0.0157957227860256
"RNF216P1",220.280813991667,0.615838203929386,0.136136066941251,4.52369616491966,6.07689440319696e-06,2.5622768844177e-05
"RBAK",920.287033289755,0.921913964837878,0.0781208482783926,11.8011258857883,3.85123807388067e-32,9.94314632226411e-31
"FBXL18",388.757079769094,-0.466123902937978,0.102647634556377,-4.54100968768031,5.59854587522861e-06,2.37335674470701e-05
"ACTB",18588.7393148282,0.148490153549919,0.0645089692699505,2.30185283117039,0.021343473015227,0.0471650186643047
"FSCN1",2246.76285904212,0.280905123279978,0.0711442097273576,3.94839052055644,7.86783826492495e-05,0.000280367647793559
"RNF216",923.786331190442,0.219013499491843,0.0795018564827307,2.75482245549093,0.00587239921509628,0.0149303761646797
"PMS2",265.315608439796,-0.888826321693815,0.124855159825331,-7.11885934820203,1.08823890506858e-12,9.16837461815842e-12
"AIMP2",156.45817617471,-0.768065288813645,0.16145402533567,-4.75717646070951,1.96319548526133e-06,8.78102403571468e-06
"EIF2AK1",1815.46081636347,-0.252579249993239,0.0692060460481444,-3.64967028773076,0.000262577124594757,0.000857073421902214
"USP42",450.898148531041,0.4222580382908,0.0993998116744759,4.2480768441861,2.15613443074609e-05,8.39760072973316e-05
"CYTH3",514.298105696572,0.779206358141258,0.0922360415189093,8.44795966207541,2.96437760136029e-17,3.48473899244056e-16
"RAC1",3168.35561366647,0.284264745042961,0.0603729110340947,4.7084816712321,2.49568801881553e-06,1.10557506851216e-05
"GRID2IP",41.4591494042697,-0.724276277423937,0.305070134125805,-2.37413039299763,0.0175903373331701,0.03980354960837
"C7orf26",206.233954247634,0.513508458957212,0.13863167067761,3.70412082929726,0.000212125136839241,0.000703608888455725
"ZNF12",536.404525358043,-0.404856289836135,0.0945109338515686,-4.28369791025418,1.8381244495082e-05,7.23882008404441e-05
"PMS2CL",199.652358409752,0.978114112832249,0.141547526611207,6.91014626853117,4.84154241251231e-12,3.86915458163567e-11
"RSPH10B2",2.04249050142697,3.77376851718943,1.62692513602689,2.3195710937292,0.0203640910833949,0.045299674136589
"C1GALT1",632.525821891793,0.713076298404653,0.0908828569952689,7.84610345647226,4.29162944981622e-15,4.33760259759608e-14
"RPA3",289.883201429629,-1.10628251939792,0.13086933032442,-8.4533367493781,2.83093661370107e-17,3.33658003371531e-16
"UMAD1",163.173562254253,-1.12156441417036,0.168968370467766,-6.63771811887317,3.18576341712613e-11,2.34904429378192e-10
"NDUFA4",1036.97507575516,0.211452025878165,0.0888359976811207,2.38025160292765,0.0173008207883086,0.0392223036138017
"PHF14",369.583987039755,0.376196534515373,0.106718651216999,3.52512452345771,0.000423283767317035,0.00133566744367366
"TMEM106B",1097.49384960279,-0.268649292261574,0.0871266128877764,-3.08343551249499,0.00204625453590597,0.00570387517270866
"ARL4A",353.462003189344,-0.52245044214996,0.111641878754417,-4.6796994817618,2.87295711908486e-06,1.26307782978844e-05
"ETV1",658.932040735882,-1.00575825369956,0.0918445278672951,-10.9506606115148,6.59647585634889e-28,1.3871072509599e-26
"BZW2",1047.10152022226,-0.369912727062799,0.0893977226330123,-4.13783166022397,3.5060344428632e-05,0.000131739463500496
"AHR",1086.14448348114,0.544907204837091,0.0794389770654291,6.85944387713205,6.91291301515891e-12,5.44244672110872e-11
"SNX13",853.069746329688,0.276827981861557,0.0831613467374215,3.3288059022857,0.000872191650758444,0.00260659464980397
"HDAC9",196.603931147127,0.655976484331237,0.141736323877519,4.62814659210505,3.68952824746415e-06,1.60288672518625e-05
"POLR1F",535.662206724297,-0.461738667488643,0.0921137047370237,-5.01270325416685,5.36706340789473e-07,2.5764477803322e-06
"ITGB8",510.164185118183,0.449745103260259,0.0953023162033551,4.71914137218447,2.36842187631383e-06,1.05204167200028e-05
"SP4",256.830545423624,-1.29860896486223,0.128698885970187,-10.0902890889285,6.09896354601582e-24,1.06090175736246e-22
"DNAH11",69.6700005678934,-0.564365715664335,0.234186886233722,-2.40989461340328,0.01595712910754,0.0364789323413647
"CDCA7L",644.19334225214,-0.678804028181802,0.0897760606484659,-7.56108057402718,3.9973451859004e-14,3.7656120018354e-13
"RAPGEF5",424.34713640586,-0.579026634873257,0.11047353721969,-5.24131524567547,1.59436061116768e-07,8.12785645653545e-07
"SNHG26",74.3569831933585,-0.666412661860653,0.217216376686568,-3.06796693705213,0.0021552046198068,0.00597614132228626
"KLHL7-DT",18.6375733294081,-1.58670468620797,0.462425181480122,-3.43126791047424,0.000600766958597114,0.00184656683624059
"KLHL7",445.19690625245,0.584818082805667,0.0968969068558216,6.03546699045669,1.58503629427239e-09,1.00013792223679e-08
"IGF2BP3",1642.68283369024,0.384923487989519,0.0730665776838807,5.26811984618842,1.37828117160757e-07,7.08847174473172e-07
"TRA2A",1537.37857030819,-0.168287373532243,0.0699430036918404,-2.40606443317326,0.0161254203436193,0.0367750189841008
"FAM221A",20.9097064217749,-0.999427261244087,0.410216930674068,-2.43633840173742,0.0148367971229314,0.0342260523492507
"PALS2",570.726181403997,-0.359655639194439,0.099244296008539,-3.62394267136012,0.000290145943579532,0.000942281501035637
"GSDME",99.7769369264521,-0.589178487880601,0.197933530307689,-2.97664820591398,0.00291418191527311,0.00788417239080268
"OSBPL3",1513.62035206838,0.216838314668464,0.0678770814441781,3.19457333837772,0.00140037699941558,0.00402683802560526
"CYCS",2673.28095037183,-0.360271585048255,0.0591317852075781,-6.09268913129455,1.11029545484809e-09,7.092745264735e-09
"HNRNPA2B1",5642.96080157635,-0.935489018229782,0.0689721027402872,-13.5632956088398,6.60982688022172e-42,2.34479705134794e-40
"CBX3",3284.26624955294,-0.446597235923908,0.0653071197604393,-6.83841574336954,8.00737358531906e-12,6.25762703300238e-11
"SNX10",597.428898745791,-0.274556275627822,0.089944976666319,-3.0524914876167,0.0022695016789065,0.00626224004831939
"HOXA7",21.249479838427,-1.16946529433881,0.438762721026723,-2.6653706850988,0.0076903502023036,0.0190446339144858
"HOXA9",85.4081252191146,-0.638955013858914,0.214824590597981,-2.97431039938367,0.00293647865091647,0.007936155034218
"HOXA10",166.583037664008,-0.462887680286897,0.149217424990091,-3.10210205220761,0.00192151703905835,0.00537947158006378
"HOXA11",67.7010098657906,-1.03215092720216,0.234465402522317,-4.40214597163825,1.07185400437362e-05,4.36517085035415e-05
"HOXA13",152.475726949895,0.589001725499613,0.150678149533632,3.90900556797815,9.26768281875505e-05,0.000325497782258399
"HIBADH",335.516561110636,-0.721474117744688,0.111314235737427,-6.48141823878246,9.08644042020223e-11,6.41389513562336e-10
"TAX1BP1",1665.83535508264,0.495072540457048,0.07169999825851,6.90477757993933,5.02821466410327e-12,4.01299630034566e-11
"JAZF1",149.335913937974,0.553332747368307,0.153450029298263,3.60594748595835,0.000311016033515099,0.00100480816421219
"CREB5",71.436166520225,0.871882114991058,0.231568382934983,3.76511725798014,0.000166470941829857,0.000562108458444041
"CPVL",96.5690226836819,-0.52830522175822,0.189651670734734,-2.78566078385443,0.00534187404959231,0.013695534535169
"FKBP14",296.818203001158,0.39414850326595,0.113760322188143,3.46472738196088,0.000530769230254873,0.00164488259646141
"PLEKHA8",629.525444805763,0.755678298893062,0.0944366194923142,8.00196261742049,1.22451565075501e-15,1.28595550945548e-14
"MTURN",209.20480270888,-1.01897466031143,0.1391640086624,-7.32211345523522,2.44095636995777e-13,2.16053412293757e-12
"GGCT",244.912102216663,-0.999763880266827,0.139141812577136,-7.18521529761293,6.71013625086304e-13,5.75004114963399e-12
"GARS1",2122.20532520251,0.51142334449048,0.0723333140650247,7.07037070126126,1.54520352965052e-12,1.28323100496922e-11
"LSM5",347.739805005506,-0.903905033165587,0.119061494138397,-7.59191743482482,3.15205854390841e-14,2.99911547094897e-13
"AVL9",1984.48102397103,0.619779772105593,0.0694168449445852,8.92837714823191,4.32303628670381e-19,5.71992928947793e-18
"KBTBD2",830.238512028843,0.615346931123149,0.083902276716047,7.33409098308126,2.23231413204663e-13,1.98072540490459e-12
"DPY19L1",2235.51291884683,0.19996425946834,0.0738422790543834,2.70799143836108,0.0067691768649236,0.0169733318885193
"HERPUD2",403.268246944431,0.522513099376493,0.100653252954529,5.19121920095858,2.0892148645369e-07,1.05313961045649e-06
"HERPUD2-AS1",88.5721767338538,-1.34763006247671,0.215234102597641,-6.26122926716669,3.81954479757056e-10,2.53992681907819e-09
"SEPTIN7-DT",13.8496953395079,1.2377423395114,0.493399699021761,2.50859970519927,0.0121210755344809,0.0286095484226431
"SEPTIN7",2234.92855246661,0.400211058413608,0.0642891217768518,6.22517538507905,4.8101761115285e-10,3.16134878577152e-09
"EEPD1",85.5051460046396,0.662990300338954,0.206322018047115,3.21337638422844,0.00131184254181371,0.00379283081117036
"KIAA0895",322.727435947682,0.79386854808895,0.118850365456862,6.6795633739729,2.39655188390892e-11,1.78611503308199e-10
"ANLN",4498.04556555745,0.466713385992512,0.0581219247504914,8.02990245068521,9.7550198654491e-16,1.03105696771412e-14
"RALA",678.095163834232,-0.276785638478047,0.0935815499149727,-2.9576945319834,0.0030994910738521,0.00832924674051428
"CDK13",720.237620196811,0.476855142425695,0.0887543332782485,5.37275336101884,7.75433611665343e-08,4.11850548653733e-07
"MPLKIP",246.155877971097,-0.428413553198666,0.124091200491454,-3.45240880499154,0.000555605251044448,0.00171683165793416
"C7orf25",88.7984884284832,-0.832292543197977,0.205094628032589,-4.05809041017753,4.94756149829395e-05,0.000181330091032653
"HECW1",104.355347125542,-1.29349765019337,0.194143734531983,-6.66257735956078,2.69066604701154e-11,1.99623272265109e-10
"LUARIS",9.78442271706347,-1.507488381077,0.639573015036146,-2.35702311641745,0.0184221000310196,0.0414877111545868
"STK17A",732.005611329637,0.973005498296466,0.0828439335236658,11.7450422367802,7.48850765244257e-32,1.91147870261569e-30
"COA1",550.818424119919,-0.359810934905073,0.0933818125629218,-3.85311577308085,0.000116624212240813,0.000403626834797714
"BLVRA",168.393367714618,-0.884623725008771,0.155832599683236,-5.67675651184003,1.3727264825536e-08,7.90348368757136e-08
"POLD2",800.786681091915,-0.984254061276556,0.112499226826255,-8.74898511788576,2.15280049154712e-18,2.72059029860944e-17
"YKT6",978.861592653851,0.345202530606286,0.0843467243918763,4.09266077722792,4.26451362181255e-05,0.000157707367081231
"NPC1L1",18.1060546503714,2.67144512817914,0.495434312791374,5.39212779415235,6.96282189465962e-08,3.71622727779513e-07
"DDX56",701.580513592598,-0.488920378883918,0.086099540262704,-5.67854807809822,1.35842853471384e-08,7.83117102497702e-08
"OGDH",1375.47904002022,0.340529167469084,0.0674538255397433,5.04832994636378,4.4568893631529e-07,2.15965590786175e-06
"H2AZ2",2011.91894475206,-0.872864520095806,0.0643688490129504,-13.5603561890658,6.88011804209664e-42,2.43110994581615e-40
"PURB",718.402443890383,-1.11680197346886,0.0974900059332468,-11.4555534465097,2.20549988672759e-30,5.29231870289186e-29
"LOC730234",4.22135622165487,-2.5067457244807,1.09934379192266,-2.28022002116062,0.022594642477384,0.049559159211896
"IGFBP3",132.368202202707,5.57567209103894,0.349853790410415,15.937149300278,3.49958055479604e-57,1.77151520162864e-55
"TNS3",256.712683032931,-0.347874748312734,0.126393341843416,-2.75231862089463,0.00591749161368344,0.015030178487694
"PKD1L1",19.2442506834704,1.92115779009556,0.445201141515734,4.31525800575169,1.59416602640834e-05,6.33902602866389e-05
"UPP1",148.985443410678,1.28836263591348,0.162534374642457,7.92670866545997,2.25030374342352e-15,2.32260731731015e-14
"FIGNL1",421.634407954745,-0.24169911540299,0.102349557013929,-2.3615062190264,0.0182008666388766,0.0410510410136664
"SEC61G",838.891450535794,0.900925182536273,0.0907254719722874,9.93023417735943,3.07532443703539e-23,5.17464254713491e-22
"EGFR",4148.07048925686,1.94232197237356,0.0617720739931762,31.4433666674058,5.17232963377609e-217,2.45290927184944e-214
"EGFR-AS1",47.8678170543618,1.06573152185138,0.278627705729605,3.82493018438598,0.000130809150355098,0.000449097294446412
"VOPP1",278.281255761886,-0.312492357945783,0.117006189808573,-2.67073356082302,0.00756856966625681,0.0187843539396246
"MRPS17",185.037747738224,-0.865668643426494,0.162639595340889,-5.32261926508162,1.02283680047315e-07,5.33812394478035e-07
"PSPH",374.530854520026,-0.744372707379171,0.120265504764733,-6.18941157595717,6.03892169377497e-10,3.92878728676963e-09
"CCT6A",3741.75415501836,-0.17856461056744,0.0707185912689373,-2.52500237014582,0.011569750899138,0.027462918987535
"ZNF680",230.463951024097,-0.75189073845244,0.130627498295307,-5.7559912596095,8.61348423755533e-09,5.0660443683089e-08
"ZNF107",305.00013732489,-0.646018425252348,0.120812657510262,-5.34727435490336,8.9288620275483e-08,4.71177225764123e-07
"ZNF273",154.445454240119,-0.700527507022945,0.156193800628385,-4.48498918782081,7.29176320380049e-06,3.04248355396362e-05
"LOC441242",36.3913863101918,-1.24223047535922,0.325332084875492,-3.81834603197725,0.000134349392747214,0.000460462230258186
"VKORC1L1",659.648335558548,-1.25409098320988,0.0903228372165966,-13.8845393020875,7.86041451846607e-44,2.93276459704507e-42
"TPST1",279.244060873182,0.606853719826016,0.12430651095941,4.88191419051389,1.05060975141503e-06,4.85462521288466e-06
"LINC00174",55.226118158709,-0.61613960219194,0.26284416804702,-2.34412506379719,0.019071775108257,0.0427789367137414
"RABGEF1",663.676133577291,0.605225809286592,0.0860286386501428,7.03516664663143,1.99022991070353e-12,1.63249582252109e-11
"TMEM248",931.454721751567,-0.38624205265165,0.0761094469414824,-5.07482406157302,3.87854701868621e-07,1.89572269660277e-06
"SBDS",869.232999874303,0.623106234392128,0.082347013351675,7.56683465532698,3.82428152761539e-14,3.6044653456672e-13
"TYW1",282.573816863335,-0.389149233386354,0.119851988758917,-3.24691511101356,0.00116663180697098,0.00340585961027114
"PMS2P4",20.581370205094,-1.30780974364309,0.43726288216125,-2.99090043311934,0.00278156171496173,0.00755942145458081
"POM121",994.803511255441,0.685986369571915,0.078408805034822,8.74884356759759,2.15550221278235e-18,2.72209568160833e-17
"GTF2IP4",132.168346481398,-0.482461422180066,0.170040905064559,-2.83732565406477,0.00454931849183413,0.0118019570892772
"BAZ1B",2559.63807381855,-0.252034208664953,0.0701114599557523,-3.59476480484093,0.00032468475777237,0.00104596782620949
"BCL7B",359.077095919762,0.703804587559617,0.11587316745439,6.07392205651621,1.24823332108241e-09,7.93733686634652e-09
"TBL2",473.573997554092,0.37712519994884,0.106667239896212,3.5355297494881,0.000406958419578684,0.0012891189451973
"VPS37D",78.1873094954691,0.956457015916365,0.207610984974575,4.60696728563518,4.08584252972237e-06,1.76361600546411e-05
"DNAJC30",84.4031332336778,-1.06573959476746,0.221329344544318,-4.81517530791795,1.47070718340623e-06,6.67261182078641e-06
"STX1A",210.956420411543,1.2199962448601,0.138574820400986,8.80388111873328,1.32164383379773e-18,1.69760110683314e-17
"ABHD11",285.779806856195,-0.348007244964779,0.120664150646721,-2.88409807800886,0.00392536478324144,0.0103238468708106
"CLDN4",2125.98320322573,0.92304553519198,0.0743643460484807,12.412474313836,2.23633231442141e-35,6.4688514668039e-34
"METTL27",69.8530814261444,-1.22231692964873,0.233509991292282,-5.23453802933328,1.65398016524317e-07,8.41512607505569e-07
"LIMK1",458.939514478689,-0.544598984882586,0.104450270624914,-5.213954752097,1.84856576666935e-07,9.36811127141407e-07
"EIF4H",3252.15974176366,0.245470651458917,0.0688241527151333,3.56663528390873,0.00036159417821058,0.00115455150346082
"LAT2",151.060675141345,0.828489880043093,0.156712507926668,5.28668637241628,1.2455191210928e-07,6.43321871057993e-07
"RFC2",482.221871373856,-0.985362621501853,0.105209636272891,-9.36570694861102,7.55428600610033e-21,1.11040610208755e-19
"CLIP2",706.850456640894,0.560297220406579,0.090682809626811,6.1786486624354,6.46525922526943e-10,4.19102289563239e-09
"GTF2IRD1",460.039300434358,0.397004908439804,0.104113125743838,3.81320708223285,0.000137175081692323,0.000469610970208464
"GTF2IRD2",31.4043898337001,1.09694469297875,0.34338993499968,3.19445790681014,0.00140093713382166,0.00402780601285899
"CASTOR2",460.898437504444,-0.322261292025751,0.104189131336837,-3.09304135557,0.00198116524698065,0.00553442550237765
"RCC1L",344.478695416969,-0.380498825480281,0.112907839151577,-3.36999475270681,0.000751696150757926,0.00226830481125395
"GTF2IRD2B",65.621683470843,1.33165306686512,0.23537561632793,5.65756592649699,1.53534848282329e-08,8.80321826565653e-08
"NSUN5P1",152.453017574168,-0.59392005521844,0.156023194235078,-3.80661387000953,0.00014088244215191,0.000481753793172594
"POM121C",1135.42263085547,0.887138372229435,0.0751938003711212,11.7980254735223,3.99577412549502e-32,1.02868350736494e-30
"HIP1",727.405727612783,-0.378335667700458,0.0835076018424616,-4.53055361851001,5.88293212732215e-06,2.48806195415331e-05
"POR",781.96515814221,0.546699482624568,0.0866218985194939,6.31133110643535,2.76645600428642e-10,1.87154669352076e-09
"STYXL1",169.099622122273,-0.834656013332782,0.158073297706652,-5.28018346831553,1.29054594072897e-07,6.65815299108981e-07
"HSPB1",1056.7394137444,-1.289657139495,0.17678587266862,-7.29502374837627,2.98606403350375e-13,2.62624987544027e-12
"YWHAG",3726.92981512899,-0.206528913190534,0.0570696152121076,-3.61889444011387,0.00029586428353744,0.000959123988780035
"DTX2",161.238599263853,0.364796553270862,0.147658579504745,2.47054085508888,0.0134908907822751,0.0314636136647314
"PTPN12",1651.19568756465,0.770967378261342,0.0746750600638039,10.3242953886158,5.47190751667738e-25,9.93043759899728e-24
"RSBN1L",394.621061852912,-0.456008987206527,0.105176113122447,-4.33567065437793,1.4531638314946e-05,5.81297789286665e-05
"TMEM60",73.8536873173176,-1.15933047672826,0.225686298156734,-5.13691121790268,2.79290816749562e-07,1.38920778599058e-06
"PHTF2",593.687491975562,-0.426563231062315,0.0903737569488602,-4.7199900221443,2.35856212265799e-06,1.04817874259974e-05
"GNAI1",1594.79521396869,-0.581382480818817,0.0695934698917572,-8.3539803622822,6.60003242557131e-17,7.58540716461866e-16
"PCLO",215.248684443388,-0.376996840158161,0.142275752012387,-2.6497617115061,0.00805485597946052,0.0198579032839421
"SEMA3E",12.3554555132176,-2.65524896283224,0.663163724680122,-4.00391164959001,6.23036408025377e-05,0.000225320873149214
"DMTF1",870.924374063726,0.491453919296342,0.0934098570827606,5.26126401050927,1.43068429962347e-07,7.34121918095518e-07
"SLC25A40",425.82207874927,-0.32263129855044,0.108496153838175,-2.9736657672829,0.00294265412707938,0.00795165242526578
"DBF4",648.641724903301,-0.295710028488635,0.085165027463932,-3.47220023634549,0.000516211152190513,0.00160418023342391
"ADAM22",354.22469574134,-0.296053956296031,0.114820913485067,-2.57839750016041,0.00992597427420051,0.0239427094626378
"STEAP1",83.426365897802,-1.2615253535415,0.215078084035876,-5.8654295680404,4.479713951051e-09,2.70993370634072e-08
"STEAP2",296.98126585423,-1.53487702141315,0.136578105563529,-11.2380898466863,2.65055407253558e-29,6.01582304044882e-28
"GTPBP10",472.15593240949,-0.509606814144709,0.096787245310312,-5.26522696777706,1.40016266502978e-07,7.19074704659495e-07
"LOC101409256",9.74173315009565,1.65969519847041,0.602688868609526,2.75381757472893,0.00589045910984899,0.014969956792919
"CLDN12",666.809394100075,0.427736156855586,0.0895963181614158,4.7740372108258,1.80568995891121e-06,8.11136574424372e-06
"CDK14",171.412438924524,-0.453578606646372,0.155130563907911,-2.92385069208945,0.00345730536404355,0.00920704890873781
"FZD1",108.371391751739,-0.583833872081892,0.181338282623659,-3.21958421374021,0.0012837664750783,0.00371821852256286
"AKAP9",1255.72187709249,0.192899609445747,0.0741491222412358,2.60150900799836,0.00928146275705916,0.0225449845457559
"CYP51A1",5263.63183976536,1.2437907188729,0.0618932522260219,20.0957402324057,8.04065315765051e-90,7.62634792389578e-88
"ANKIB1",1019.9744268299,0.45219636454666,0.0762347843682891,5.93162777718509,2.99946000236997e-09,1.84608158137668e-08
"GATAD1",525.371185742376,0.424825488074174,0.0933615075431478,4.55032806617693,5.35623386155077e-06,2.27491610697635e-05
"PEX1",349.187259418916,-0.464728999632223,0.110795547573692,-4.19447360304008,2.73505998493497e-05,0.000104513392681325
"CDK6",3257.05665264738,0.239570031197639,0.0742308463380465,3.22736494349855,0.00124936004155638,0.00362906468550735
"SAMD9",1360.30524299671,-0.958564473904701,0.0776562301219177,-12.3436905500021,5.26844313770932e-35,1.48812874270627e-33
"SAMD9L",18.2329115446611,-1.45914131995467,0.457513385150867,-3.1892866248569,0.00142624386718676,0.00409533791118111
"PEG10",354.468613070764,-0.982949563388207,0.113276489584373,-8.67743665958205,4.04788521879729e-18,5.02389390688333e-17
"PPP1R9A",492.143517300999,-0.452786494178693,0.106679626310357,-4.24435770764164,2.19220419214513e-05,8.52886695739367e-05
"PON2",487.493944603662,-0.449313803084014,0.101643483983195,-4.42048801828065,9.84782462439105e-06,4.02786308570475e-05
"PDK4",55.9918311615658,-1.05526332279812,0.260780151647637,-4.04656303837103,5.19751325288291e-05,0.000189719235021679
"SLC25A13",177.4568912518,-1.14522783664208,0.154812886630891,-7.39749682061393,1.38775556243362e-13,1.25168883836919e-12
"SEM1",214.643163267678,-0.373014779905796,0.134497603223495,-2.77339351011301,0.00554749934590855,0.0141662867667023
"SDHAF3",104.052862715014,-1.1221986403522,0.194059005505706,-5.7827702323209,7.3480395945505e-09,4.34445608705363e-08
"LMTK2",792.850886802763,0.330808133806659,0.0862675122490531,3.83467802863748,0.000125728880159481,0.000432396975067558
"TECPR1",149.763299675888,-0.461011571634278,0.156877710986199,-2.93866839805455,0.00329625535416656,0.00880940497366684
"BAIAP2L1",1022.40782735185,0.639493635194217,0.0735158954361007,8.69871245396254,3.35670889849457e-18,4.19204789048999e-17
"SMURF1",1046.47535280372,0.993522400886675,0.0753243129073419,13.1899298186607,1.00278556039096e-39,3.27376785938506e-38
"KPNA7",3.3941083079353,3.62856256208402,1.34869472835893,2.69042540597693,0.00713609866425852,0.0178214570438751
"MYH16",23.6243016216692,1.14288781624177,0.373386071255845,3.06087426453211,0.00220691750167442,0.00610638112969057
"ARPC1B",917.708904016357,-0.467086233100971,0.0892797872419285,-5.23171310696867,1.67946267559678e-07,8.53995397204559e-07
"PDAP1",809.911969524603,-0.740722476319331,0.0937587800696862,-7.90029985211826,2.78233276920439e-15,2.84403963890144e-14
"BUD31",345.47899179993,0.306291214152517,0.122046311376527,2.50963106297881,0.0120857357162865,0.0285309587302802
"ATP5MF",371.175735713901,-0.517582642676449,0.121036685807472,-4.27624599288636,1.90071195050161e-05,7.46734904294516e-05
"ZNF789",170.992525616954,0.422988851180139,0.148472363630894,2.84893996994417,0.00438651561742407,0.0114150755150324
"ZNF655",1101.79240405659,0.275629545693093,0.072568256297017,3.79821095004625,0.0001457442614696,0.000496964491190853
"TMEM225B",29.8652379808338,1.28270614164091,0.333515738858196,3.846013822413,0.000120054993097407,0.000414704050337045
"CYP3A5",38.4190485666855,-0.915074277628796,0.311894040587615,-2.93392677816086,0.00334703157394908,0.00893053834677767
"TRIM4",403.181840188013,0.528626560688484,0.104185917920197,5.07387726903164,3.8979051510116e-07,1.90363546683957e-06
"COPS6",599.694473440908,-0.466451346597051,0.0952127150335463,-4.89904469621211,9.63037372847082e-07,4.47521828160837e-06
"MCM7",2269.43865500865,-1.24119574522402,0.0821181816464795,-15.1147495029468,1.29462457027128e-51,5.78918843197488e-50
"AP4M1",139.035175087008,-0.63854589899009,0.161856907733396,-3.94512602478404,7.975802009264e-05,0.000283693802332149
"TAF6",212.840856447367,-1.1803075386085,0.138541182382713,-8.51954284140551,1.60184348496976e-17,1.91806122542458e-16
"CNPY4",37.8263120965512,-1.09407934320253,0.309369461247876,-3.53648139279631,0.000405495064687699,0.00128493521377475
"LAMTOR4",218.934164682348,-0.487116722869078,0.136463870265043,-3.569565496882,0.000357573811850478,0.00114374115430555
"TRAPPC14",143.799249641134,-0.719155510239675,0.161258548012776,-4.4596427234524,8.20963894654697e-06,3.4010552518557e-05
"GPC2",37.0719600810732,-0.943638417362655,0.312994893444523,-3.01486841199826,0.00257090768610791,0.00702293882239664
"CASTOR3",210.566164677855,-0.361049889939579,0.139443839527413,-2.58921363011236,0.00961953962115484,0.0232720799453392
"SPDYE3",34.4996036825031,-1.43452821038369,0.332903883762548,-4.30913630135629,1.63893341738569e-05,6.50698812837795e-05
"PMS2P1",108.861883500774,-0.773741007804747,0.182358812710026,-4.24295923134296,2.20591521615262e-05,8.57850628189175e-05
"STAG3L5P-PVRIG2P-PILRB",279.558699056942,-0.297786410505143,0.117446192657434,-2.53551352978911,0.0112282591000042,0.026747449734458
"MEPCE",594.633137331874,0.400175393851142,0.0954069130747707,4.19440668348134,2.73586749970011e-05,0.000104522086521297
"PPP1R35",94.293310915718,-0.793712146379709,0.20954369063864,-3.78781219305941,0.000151979657714707,0.000516272462144531
"TSC22D4",55.0184700827301,0.940547834846777,0.247457696571507,3.80084292336808,0.000144204697544941,0.000492087266513422
"NYAP1",62.1459788597938,0.982247263163315,0.23344656042161,4.20758935745018,2.58109351897861e-05,9.90711103418819e-05
"LRCH4",259.175685583944,0.320806052830247,0.12450725699263,2.57660525642482,0.00997758225476231,0.0240607533538166
"GNB2",1240.01089252957,0.22102824327933,0.0763953054935131,2.89321761136354,0.00381317006250259,0.0100610743332883
"GIGYF1",562.637967011606,-0.425167726751601,0.0931731344633252,-4.56320085398603,5.0379574891189e-06,2.14834434243757e-05
"ZAN",3.32671744422245,2.93985857042345,1.18705892836212,2.47659025190924,0.0132644084303891,0.0309915602650127
"SLC12A9",172.974552736719,-0.683643662988203,0.14806359620205,-4.61722989664045,3.8889636440219e-06,1.68468783242593e-05
"SRRT",1042.75136457978,-0.293879081964402,0.084086113815232,-3.49497757275549,0.000474101591146494,0.00148355352909376
"MUC12",18.8630790979907,1.60255104048558,0.438263215874355,3.65659490105373,0.000255587813972906,0.000836076964168766
"TRIM56",693.254220839403,-0.365044167832725,0.0881267176054622,-4.1422644318492,3.43893515356425e-05,0.000129434106938975
"SERPINE1",1393.34868704648,1.11388241204263,0.0786521451967106,14.1621364459518,1.57143042506329e-45,6.15624949784035e-44
"AP1S1",422.550015236587,-0.828197402015424,0.106503536409195,-7.77624321161906,7.47100089110584e-15,7.41790121535087e-14
"NAT16",25.4116913267267,0.829760267225783,0.36405358211668,2.27922566343501,0.0226536542953441,0.0496583753869841
"PLOD3",845.181642728125,0.460326437328385,0.0793739203472525,5.79946707072682,6.65259999158653e-09,3.95534491746555e-08
"ZNHIT1",369.079346718727,0.288569439248042,0.118198151782674,2.4414039889441,0.0146302780175479,0.0338362731204096
"CLDN15",117.029883441501,0.640458477138208,0.1767455093959,3.62361951558055,0.000290508871326059,0.00094329015678683
"FIS1",265.625881302374,-0.680363629055011,0.130152768406926,-5.22742341467402,1.71888559694e-07,8.73548712421202e-07
"EMSLR",31.3170456398534,-1.15834246884331,0.376884920586878,-3.07346461895998,0.00211588776198087,0.00587616171346236
"CUX1",1362.29431873596,0.553893347264729,0.0719059876501897,7.70302119983839,1.32886303551956e-14,1.29937280320661e-13
"PRKRIP1",30.8203050177767,0.866390480968708,0.333025660691772,2.6015727411786,0.00927973830992516,0.0225438344679376
"POLR2J",213.810616742969,-0.634146635553575,0.157996063480058,-4.01368630069455,5.97777804918764e-05,0.000216751585964608
"FAM185A",66.5943314956016,-0.566680482266795,0.241861203195897,-2.34299869007022,0.0191294502585361,0.0428832408450212
"NAPEPLD",396.808521736746,-0.943591791907786,0.111615281447299,-8.45396597734976,2.81571396977662e-17,3.32081030427648e-16
"DNAJC2",571.285724564445,0.373944898127596,0.092694897020093,4.03414761922156,5.48008602594231e-05,0.000199657625713431
"ORC5",321.20299205378,-0.758832266296414,0.118678318545842,-6.39402610008583,1.61573830962424e-10,1.11946251740632e-09
"LINC01004",285.385786379907,0.965486788243281,0.143366292539478,6.73440577377991,1.64601229942777e-11,1.25106653934997e-10
"KMT2E-AS1",173.792907493514,0.962657272673134,0.146053547336515,6.59112558529729,4.36504446502607e-11,3.18858801395358e-10
"KMT2E",1421.34089208315,0.829765999868024,0.0789349388825258,10.5120243534098,7.60434557323899e-26,1.43645609617757e-24
"RINT1",460.639985055085,0.366584191774161,0.0963490877942464,3.80474999988585,0.000141947483284686,0.000485027606422702
"ATXN7L1",264.983749744054,0.479206513267485,0.124908797669318,3.83645125250608,0.000124824958921687,0.00042969829698715
"SYPL1",1111.27961322361,-0.364266975341177,0.0751957170185472,-4.84425163804649,1.27089779655452e-06,5.80259670425869e-06
"NAMPT",2451.3640319201,1.37043097551034,0.061722068351354,22.2032574752539,3.1944190511445e-109,4.36110800914205e-107
"CCDC71L",132.149624010565,-1.50097197534185,0.177508787484355,-8.45576152377325,2.77271769124462e-17,3.27224266626845e-16
"LINC02577",10.2970792192405,-1.45068495882032,0.613052070707609,-2.36633236903658,0.0179653079210058,0.0405756127389955
"PRKAR2B",243.294900480772,-0.657343689134357,0.13869906809863,-4.73935187990531,2.14402895427449e-06,9.55665243259474e-06
"HBP1",444.253962557229,0.35507419917354,0.115945162367231,3.06243220436331,0.00219546201458912,0.00607655060127638
"COG5",592.207097945744,0.261069180096251,0.0989640055002378,2.63802155921856,0.00833912800705732,0.0204824077709118
"DLD",1418.08860849228,-0.375683460903985,0.0707478008073947,-5.31017864324509,1.09517832219902e-07,5.70245840634167e-07
"LAMB1",975.830277850494,0.320992621101298,0.0745920291049702,4.30330995084715,1.68265189931239e-05,6.67027494005908e-05
"PNPLA8",528.847170712057,0.485312618827158,0.0967147652390812,5.0179785643635,5.22180016426013e-07,2.50738238103202e-06
"DNAJB9",716.585900084877,1.32803649500632,0.0861888474858127,15.4084493962507,1.43616687674988e-53,6.70496458184185e-52
"IMMP2L",123.975780737574,-0.598938377831757,0.176983893004324,-3.38414059982918,0.000714014294181102,0.00216219989840995
"ZNF277",302.023421562602,0.28686928293658,0.113069265963233,2.53711103979275,0.0111771495856704,0.0266503589155022
"IFRD1",597.376287669645,0.497558630860251,0.0867277517222862,5.73701751722447,9.63582942293837e-09,5.63424016972006e-08
"LSMEM1",52.6465629413587,1.18602663198197,0.271898914030768,4.3620131261273,1.28871136164812e-05,5.18621425820919e-05
"BMT2",314.030492516987,1.46378113494558,0.117970532405148,12.4080234707977,2.36417083887387e-35,6.82767991784392e-34
"SMIM30",351.85157902273,-0.924246571437383,0.110705970673345,-8.34866056289333,6.90414414993295e-17,7.91976968338267e-16
"MDFIC",171.77890067894,-0.48219745506596,0.155838916546717,-3.09420436018887,0.00197341503604116,0.0055144847828342
"TES",2867.31234634599,1.05442985550378,0.0587021328664112,17.9623772428056,3.84003742459385e-72,2.77916925416087e-70
"CAV1",8812.66376484826,0.426644900689013,0.0632886174418557,6.74125803239387,1.57021061800607e-11,1.1974932520985e-10
"COMETT",24.3279572450571,0.898700112233127,0.37343807717998,2.40655725045412,0.0161036797488329,0.0367437416068552
"MET",8603.22787731477,0.622177614716601,0.0516613191982748,12.0433938655089,2.10129332268743e-33,5.68579684206459e-32
"CAPZA2",1638.72686814869,0.357174991164729,0.0677039989457328,5.27553758605925,1.32367476971047e-07,6.82321024741202e-07
"ST7",175.803241166743,0.653120661258079,0.144508739639722,4.51959281415359,6.19586808441385e-06,2.60938861297551e-05
"LSM8",517.891325218632,-0.262502070172401,0.0935097994616945,-2.80721455594537,0.00499719456531172,0.0128814823718327
"WNT16",1932.4100878269,0.572098452346238,0.0673928634764328,8.48900644422536,2.0841116823036e-17,2.4790611634847e-16
"FAM3C",3811.92591222542,0.458521594774901,0.0652903408914355,7.02280901760536,2.17451360494777e-12,1.7765324104538e-11
"AASS",115.79342941974,-0.784553122771515,0.177982272996291,-4.40804080970393,1.04309893914147e-05,4.2557586557094e-05
"FEZF1-AS1",94.7453107940706,0.708955673468584,0.189212060600136,3.74688416383153,0.000179044714539117,0.000601971044908475
"ASB15",8.84540835209708,2.10175047609836,0.712054132099834,2.95167232567044,0.00316058131991702,0.0084769810933509
"ASB15-AS1",1.46557234130892,4.35945414745401,1.78730634040098,2.43911972386108,0.0147230895018697,0.0340334525286293
"LMOD2",9.65421268862185,2.85934455008919,0.702108303772412,4.07251208214744,4.65087867773001e-05,0.000170978140863673
"ZNF800",685.371934165995,0.4069474489787,0.0901297890395873,4.51512705527312,6.32788157295994e-06,2.66001291873831e-05
"GCC1",499.446774006146,0.365784737693459,0.110648256855221,3.30583371206719,0.000946942674505655,0.00281273346584249
"SND1",2576.53658583463,0.481480542784224,0.0636196252052236,7.5681134749076,3.78683142799627e-14,3.57103553971328e-13
"RBM28",1176.91449192835,0.237174902042743,0.0715641420082569,3.31415839535082,0.000919194203834422,0.00273888868176259
"HILPDA",594.2658892443,2.85644720646499,0.129207605754945,22.1074230868615,2.68148771542546e-108,3.60620075520017e-106
"METTL2B",614.791231358204,-0.215046478952251,0.0917400251158089,-2.34408567777026,0.0190737892733429,0.0427789367137414
"LINC01000",849.632544720725,0.422422461253115,0.104643267968438,4.0367858291708,5.4188495305535e-05,0.000197518380643416
"FAM71F2",27.7333262742331,1.3970381577407,0.356485598280217,3.91891892542192,8.89470252180672e-05,0.000313313983865283
"FAM71F1",6.34052888114321,1.99510182354638,0.819443063949138,2.43470463210879,0.0149039500119554,0.0343545770229533
"FLNC",1693.00494185371,0.384980182861546,0.0947915877362813,4.0613327833752,4.87933607306384e-05,0.000178938777722188
"TPI1P2",10.8123991336192,-2.22390322465284,0.671238071737807,-3.3131363048214,0.000922560069039365,0.00274755495028233
"SMO",146.24069937279,-0.662333432078893,0.161033832397237,-4.11300794509476,3.9053693951499e-05,0.000145500644759141
"AHCYL2",455.950445005161,0.499639671733835,0.0957795606828174,5.21655839901413,1.82278124835226e-07,9.24784371524666e-07
"STRIP2",199.292850252965,-0.751769604746447,0.143254127694253,-5.24780414251621,1.53922806895712e-07,7.86682615731033e-07
"SMKR1",18.2960937671313,-1.30341822804446,0.455886701207369,-2.85908368152108,0.0042486669081732,0.0110984968825837
"UBE2H",3057.42072027053,0.33634804963165,0.0588116484486924,5.71907196114529,1.07107429890683e-08,6.24654690634306e-08
"KLHDC10",1266.49658817491,0.997352396927485,0.0715157862094753,13.9459055096753,3.33192201924272e-44,1.25879594777302e-42
"TMEM209",612.311817843068,-0.211959931378342,0.0877891000105804,-2.41442196528722,0.0157601984980545,0.0360778470669763
"CPA4",403.403617294911,2.03381321914984,0.109114914980287,18.6391862149851,1.54574398296722e-77,1.23255983703771e-75
"CEP41",130.695406916913,-2.33809716077624,0.197245599644671,-11.8537354698316,2.05807647129115e-32,5.38296024515787e-31
"MEST",420.262338066194,-0.455907771415762,0.102577406702234,-4.44452424829951,8.80865732275289e-06,3.63085118054277e-05
"MKLN1",2631.51584083686,0.720849923758035,0.0696396994967577,10.3511348981567,4.13554144616603e-25,7.56579435032729e-24
"EXOC4",442.97728272752,-0.425274966499249,0.100990493797832,-4.21103957913687,2.54198201104982e-05,9.78407898785323e-05
"BPGM",97.3559852839249,-0.706311555693791,0.202664066271684,-3.48513463036381,0.000491889482293201,0.00153539370842929
"CALD1",1395.13134419441,0.266990988331303,0.0756561472726366,3.52900587666943,0.000417123867565164,0.00131877003813892
"CYREN",243.165540111835,-0.53016400518338,0.136669185297935,-3.87917732901999,0.000104810330183932,0.000365548085977285
"WDR91",84.7783191445298,-1.5117849986891,0.221140059286416,-6.83632356601237,8.12513156883693e-12,6.33917424014411e-11
"CNOT4",454.328374835273,0.33865620252405,0.105700334750124,3.20392743622463,0.00135566640008506,0.00391012551151294
"STMP1",453.645497325425,-0.812515632927136,0.10106262222148,-8.03972443092261,9.00407304074832e-16,9.54484707454855e-15
"MTPN",3774.98565573856,0.202429989715122,0.0602954187595665,3.35730299050298,0.000787068110977739,0.00236779317721216
"DGKI",21.7519888217484,5.77959723859031,0.903231546315716,6.39879913646207,1.56603691801709e-10,1.08711676808883e-09
"CREB3L2",1597.51375102761,0.317813404726394,0.0689209404063046,4.61127493114302,4.00206811643681e-06,1.73035675446996e-05
"CREB3L2-AS1",12.9848011577722,1.23388535230958,0.539699247956557,2.28624619541604,0.0222398596155737,0.0488761597722262
"KIAA1549",238.280253682006,0.468478700443147,0.134607503989846,3.48033123382548,0.000500794220940777,0.0015603064757216
"ZC3HAV1L",221.828414719103,0.826715891825013,0.139558308814709,5.92380273769754,3.14580784538045e-09,1.93087885495917e-08
"UBN2",1400.72568672947,0.62459443904698,0.0822285395036023,7.59583525157489,3.05813399584508e-14,2.91590649413355e-13
"HIPK2",2811.15689946258,0.631897767695216,0.0707993715568903,8.92518893599867,4.44939077187223e-19,5.88279318414596e-18
"PARP12",440.267615221364,-0.475940232312677,0.102650717546407,-4.63650175750122,3.54355183655995e-06,1.54321768116594e-05
"KDM7A",901.698695113046,1.94261111057966,0.0906423688095859,21.4316013150598,6.78075668959527e-102,8.14640108687976e-100
"RAB19",53.2000041510786,-0.895618193240328,0.261706935283713,-3.4222180328137,0.000621124839963515,0.00190524097718851
"MKRN1",1319.53126208556,0.603513165251346,0.074127995479421,8.1415012148668,3.90406622527141e-16,4.2665359275692e-15
"NDUFB2",266.071362380944,-0.304006058522562,0.132006451473316,-2.30296364404595,0.021280888720179,0.0470497970342714
"BRAF",1527.6580465035,0.792904370494226,0.0795555854313116,9.96667130529535,2.13256459673906e-23,3.63585114454443e-22
"MRPS33",276.647680578008,-0.503502271786737,0.124080428243772,-4.05787019688185,4.95222783062564e-05,0.000181464208490656
"AGK",423.452720147877,-0.33695308017099,0.105138969536329,-3.20483529234668,0.00135139788969364,0.00389906201891916
"SSBP1",538.415691259192,-0.300937766665185,0.0955927754109967,-3.14812249535927,0.00164322817395975,0.00466413843486039
"TAS2R4",108.380022271256,0.765494069427307,0.19756564426369,3.87463150427917,0.000106786165494778,0.000371719816183386
"PRSS37",17.4521498096271,1.41094141898721,0.455556704981286,3.09718066611527,0.00195370764123902,0.00546365074530857
"CLEC5A",14.6329373569233,2.58803424838684,0.564209369201006,4.58701040723913,4.49638275204339e-06,1.92651720338977e-05
"MGAM",87.6914525402734,2.72727168497166,0.236076943129323,11.5524694992245,7.17292890442987e-31,1.76348365329783e-29
"MGAM2",43.2786058219803,3.70031692206975,0.385782787186544,9.59171078900539,8.66363764820208e-22,1.33556384994226e-20
"EPHB6",63.265797429832,-0.683300976966857,0.239833920700054,-2.84905894450777,0.00438487557941646,0.0114141041191195
"TRPV6",6.73116046329955,-1.81976024936521,0.792208225055426,-2.29707315805499,0.0216145967043113,0.0476881301675312
"GSTK1",401.499155717272,-0.56547704252823,0.11389132549349,-4.96505805054093,6.86805234499626e-07,3.25194879950546e-06
"TMEM139",36.9994025373701,-1.5775597192241,0.332844567014166,-4.73962887054412,2.1411002409235e-06,9.54832156438564e-06
"CASP2",1239.63332276267,-0.290335539350441,0.0698347248933462,-4.15746664419241,3.21796242732218e-05,0.000121446912885388
"ZYX",781.055458252158,0.811410199796795,0.0849935945805817,9.54672177122129,1.33865206325256e-21,2.03920953777467e-20
"TCAF2",46.6615568269736,2.23851979479609,0.292397762127104,7.65573504568415,1.92209646423154e-14,1.85627547598695e-13
"TCAF1",537.240554098003,-0.266591369178781,0.0927930547110121,-2.87296684012649,0.0040663679516854,0.0106589115428833
"CNTNAP2",38.4412658356603,-1.02057738101161,0.316625705290407,-3.22329287849684,0.00126725908679641,0.00367616960076377
"CUL1",1141.2003667419,0.237154546687634,0.0737260049433161,3.21670144571063,0.00129673462679697,0.00375155798836222
"EZH2",792.6995283636,-1.1071715963741,0.0947258082187107,-11.6881726025263,1.46504963344707e-31,3.70289753777696e-30
"GHET1",5.49724424180614,-2.07103171162593,0.907804744411756,-2.28136251145937,0.0225270044671138,0.0494348693986675
"PDIA4",4365.9222203833,-0.375077454617216,0.0642543113694629,-5.83738968830461,5.30249782695859e-09,3.18946306207012e-08
"ZNF786",111.138881947618,-0.499304731717596,0.182284325129782,-2.73915341520508,0.00615976224814373,0.0155949811005617
"ZNF282",394.476974921016,0.430929107981932,0.103289368197136,4.17205677122032,3.01862398182816e-05,0.000114523416371632
"ZNF777",178.839279294751,0.337921053769079,0.144092641920931,2.34516523025866,0.0190186492142331,0.0426818278318424
"ZNF467",120.182310020057,0.865245820435868,0.168903821732596,5.12271310122101,3.01170418092021e-07,1.49227168117578e-06
"SSPOP",53.1691238282413,0.728652003841381,0.278682792218527,2.61462861786606,0.00893245221868259,0.0217912171968159
"ZNF862",217.313373067438,0.847670383066119,0.134680024416307,6.29395774718531,3.09472096601588e-10,2.07709372545893e-09
"ATP6V0E2",198.974416510857,-0.792251195342368,0.159691802327085,-4.96112626820792,7.00856119442011e-07,3.3149942594395e-06
"LRRC61",55.0205247129339,-0.583875426152566,0.250231034659662,-2.33334536999654,0.0196300260180596,0.0438304078528052
"REPIN1",540.19267066605,-0.452567867031664,0.0994674110130693,-4.54991099519218,5.36686116654504e-06,2.27889267394694e-05
"LOC728743",32.5352823988889,0.889550604015185,0.315346469004336,2.82086749480284,0.00478939811103593,0.0123848103542802
"KCNH2",128.186836986267,-0.632604977331108,0.175673101226258,-3.60103495023035,0.000316952961043627,0.00102288848692106
"NOS3",110.749189034866,-0.464574287179843,0.181420785425828,-2.5607555721325,0.0104444810715189,0.0250926534315213
"ATG9B",46.8549976636737,0.697854920413381,0.267778395529047,2.60609120102701,0.00915820728605839,0.0222666019295815
"ABCB8",194.353481775094,-0.81106645855685,0.145816557492836,-5.56223842135828,2.66336072439159e-08,1.48733881667992e-07
"CDK5",124.124624478384,-0.739216663594487,0.175600171225228,-4.20965798858108,2.5575754838106e-05,9.82730656583173e-05
"SLC4A2",1243.29214989142,-0.281325977126463,0.0807596208736437,-3.48349799173308,0.000494906834261538,0.00154329746672905
"FASTK",285.809120738967,-0.313942002849617,0.125950304113408,-2.49258630266537,0.0126816507318659,0.0297922080353221
"GBX1",19.4289327381475,1.04525200556658,0.409796939321412,2.5506583999808,0.0107519652780563,0.0257318945917468
"IQCA1L",3.38332179448762,5.56238479074889,1.46432180297439,3.79860818807065,0.000145510910869008,0.000496262703400908
"ABCF2-H2BK1",6.5152538117868,2.40413818275478,0.790330946931096,3.0419385601566,0.00235059867954984,0.00646818427304439
"NUB1",614.753247696015,-0.405917553322238,0.0928316756987905,-4.37261904696532,1.22764834848193e-05,4.94931787203421e-05
"PRKAG2",393.230406797846,0.391924547813696,0.101107038687994,3.87633297245641,0.000106042544775849,0.000369345322652799
"KMT2C",2213.95318002656,0.785740518815903,0.0814104050467056,9.65159820007183,4.83955217315001e-22,7.61025913720213e-21
"XRCC2",350.502417848831,-1.46523565878657,0.123000437250055,-11.9124426834988,1.01946293422517e-32,2.689859668766e-31
"ACTR3B",197.11207399261,-0.501366633609197,0.141504415030132,-3.54311654164597,0.0003954279130112,0.0012550205037645
"INSIG1",6048.72664644012,1.96376496674984,0.0867067605111836,22.6483489311834,1.4483752948576e-113,2.1220464380999e-111
"LOC100506302",29.6171232126151,-0.889214018124569,0.35006864171848,-2.54011331537562,0.0110816558542451,0.0264530069394123
"RBM33",1311.63294876132,0.650306896475773,0.0823572068225744,7.89617474372044,2.87593410490646e-15,2.93472301837595e-14
"LOC389602",65.8952300791247,1.35184670676519,0.234904875512354,5.75486866254546,8.67091809388263e-09,5.09483583207887e-08
"RNF32",192.479761356916,0.864969747580482,0.143644013750027,6.02162056739602,1.72679320499963e-09,1.08464762451371e-08
"MNX1-AS1",14.1614545868666,-2.50526351867475,0.626296711613191,-4.00012242156243,6.33097242772108e-05,0.000228684013068674
"UBE3C",2314.61977651278,0.448901076465832,0.0683046149900399,6.57204606938039,4.9628501325562e-11,3.59756726624277e-10
"DNAJB6",1152.31345886412,0.431533365282061,0.0768744877258879,5.61347955671306,1.98298039307648e-08,1.12233949948591e-07
"NCAPG2",1033.81194568811,-1.0400226580194,0.082961866874804,-12.5361530206266,4.73425345570759e-36,1.39177783891201e-34
"ESYT2",3685.83015162663,1.25262161187656,0.058045335317847,21.5800564337754,2.7653021479488e-103,3.48486083973324e-101
"DYNC2I1",296.524195337125,0.776115320265824,0.116898614119766,6.63921746301176,3.15352853473238e-11,2.32718008699477e-10
"LINC00689",2.01077334351859,3.76344113221228,1.61679697241981,2.32771411402364,0.0199272891894207,0.0444497683478835
"RPL23AP53",212.73087254854,-0.497906497425604,0.135792988591758,-3.6666583642436,0.000245740754871961,0.000806794342056404
"FBXO25",264.389181944692,-0.471648478175461,0.122862455225323,-3.83883324902211,0.000123620347362354,0.000426031878016583
"CLN8",313.191173076923,0.405449753446497,0.118419771353653,3.42383496279221,0.000617441060814827,0.00189490895043324
"MYOM2",28.8557245070905,-0.839938149084694,0.35037618847933,-2.39724666430705,0.0165187993581182,0.0375912720334193
"MCPH1-DT",52.1381410816513,-0.897911829896048,0.274220655315917,-3.27441355160356,0.00105881530523015,0.00311525071274326
"MCPH1",655.40624542352,0.286523611077023,0.0840427832919931,3.40925894947509,0.000651396162283646,0.00199131641060451
"AGPAT5",2878.66660450063,0.930499801791173,0.0577805498153956,16.1040316293986,2.39010564125489e-58,1.23063125031584e-56
"FAM86B3P",23.7568666555959,-1.45616205913707,0.39940462116803,-3.64583177550282,0.000266528297756848,0.000868554512455
"PRAG1",557.312090168513,1.74512490555647,0.0983024871919612,17.752601743928,1.64551018239744e-70,1.14493200760557e-68
"MFHAS1",857.371346628717,0.663591749589614,0.0801799500915884,8.2762804021654,1.27082543373683e-16,1.43759268347881e-15
"PPP1R3B",887.651552498743,2.80763925850602,0.091735342916828,30.6058621381246,1.0227528009751e-205,4.09578405030495e-203
"TNKS",2031.89854617657,0.592377971072733,0.0637833843938274,9.28733990368283,1.58192390789712e-20,2.29902022130758e-19
"LINCR-0001",11.7653097833306,1.24006206151399,0.533815349569515,2.32301686812493,0.0201782462880123,0.0449427977204634
"PINX1",101.878530957175,-0.469146357377326,0.195226477121116,-2.40308775887132,0.0162572854214605,0.0370476151467046
"MTMR9",517.8301798045,0.605081956688994,0.0944946866727094,6.40334370105642,1.52010463303304e-10,1.05849326089214e-09
"FAM167A",65.3465892426201,0.728394040982705,0.229727676589027,3.17068475073542,0.00152080089755809,0.00434400903073297
"NEIL2",277.563814617472,-0.461279028270634,0.120851125898929,-3.81691957637542,0.000135128191763011,0.000462955350524948
"FDFT1",4953.47886210553,0.39436719704466,0.0767161526064541,5.14060186343967,2.73859804049798e-07,1.36369923425847e-06
"CTSB",2668.31651988711,0.435645848342655,0.0637269013867014,6.83613731191967,8.13569674234993e-12,6.34415365616132e-11
"FAM86B1",15.0218231168355,-1.16047893616115,0.493211358314435,-2.35290391552846,0.0186274467258553,0.0419239687082101
"LONRF1",632.516282286918,0.959239936233143,0.0931895937635144,10.2934233050462,7.54453971411665e-25,1.36096246434531e-23
"ZDHHC2",746.239590613384,-0.362702964425277,0.0844038013500856,-4.29723494230878,1.7294186665117e-05,6.84211938292148e-05
"VPS37A",610.366637539144,0.421154148022594,0.0912666081558765,4.61454804262359,3.93951643486262e-06,1.70535733059474e-05
"SLC7A2",174.284857601919,-1.57468917070002,0.161496111445426,-9.75063211495434,1.8332318243643e-22,2.96027515294525e-21
"PDGFRL",54.7007366599207,-0.98063607798115,0.255745509509287,-3.83442149135972,0.000125860162729001,0.00043276588294969
"MTUS1",2836.65770156304,0.594660471295383,0.0598812067006638,9.93066947144189,3.06192789771629e-23,5.15691613502293e-22
"PSD3",1502.68132004943,1.31170430680024,0.0748115071054128,17.5334565169498,7.9581270147081e-69,5.21503297934744e-67
"SH2D4A",457.666289124259,0.29691472668318,0.103151119663209,2.87844405036623,0.00399642163800001,0.0104938823165377
"LZTS1",81.8842158696213,-1.10544322143713,0.220736644317601,-5.00797330164446,5.50061623423459e-07,2.63641924106329e-06
"NUDT18",34.5221086041174,-1.17745001575729,0.329372121238785,-3.57483205114276,0.000350452786067949,0.0011223582117879
"HR",401.377468220255,0.8153857053065,0.120224964425473,6.78216632629535,1.1838706171444e-11,9.09400357696472e-11
"REEP4",300.424213450875,-0.447242331322734,0.133600911622918,-3.34759939801199,0.000815147498536161,0.00244625696438304
"BMP1",468.125990665946,0.445016512576776,0.0977459356061922,4.55278789667224,5.29396405948219e-06,2.25005958292284e-05
"POLR3D",640.846317205264,0.670474777601237,0.0886830460279375,7.5603489915087,4.01989331128346e-14,3.78487447035732e-13
"SLC39A14",2357.63590837456,0.62955557935309,0.0776142242000793,8.11134280915026,5.00633946472073e-16,5.42835400082625e-15
"PPP3CC",254.032957369648,1.09022804739021,0.130956455355668,8.32511879180934,8.42442167896858e-17,9.62691839421007e-16
"PDLIM2",248.026206823306,1.47062941600655,0.13266714906604,11.0851060444096,1.48174740087029e-28,3.23667514073739e-27
"C8orf58",127.300622689105,2.73130649291756,0.198925017737083,13.7303317802264,6.68267938132323e-43,2.43782520507745e-41
"LOC107986876",21.0533733883447,2.93848571770822,0.505968815602869,5.80764194767019,6.33588297680054e-09,3.77950834574387e-08
"CCAR2",1355.91315196039,-0.22644884046107,0.078308350651395,-2.89175852354689,0.00383092267036491,0.0101019984551721
"TNFRSF10B",2691.85357457757,0.279048119441408,0.0643818358350607,4.33426782293532,1.46246043458536e-05,5.84800403807439e-05
"TNFRSF10D",2308.37613218638,2.65307310922243,0.0811615809159256,32.6887805693524,2.25458804822272e-234,1.26968535053192e-231
"TNFRSF10A",768.574684127276,0.751747617858851,0.0810697916866828,9.2728450661893,1.81245594255295e-20,2.62136986683361e-19
"TNFRSF10A-DT",110.086394053258,-0.553399807867336,0.182086666159881,-3.03921105009097,0.00237198620947584,0.00652106231593655
"CHMP7",693.331994768668,0.225870251389833,0.0827300689115301,2.73020746098222,0.00632944802714298,0.0159662630035196
"LOXL2",1186.03874342588,3.40250341208803,0.0902007300505962,37.7214620123303,0,0
"LOC100507156",51.1125043778453,2.59583324366432,0.306921487517845,8.457645845058,2.72829214132493e-17,3.22403624123388e-16
"SLC25A37",1524.34396669587,0.982225049859753,0.0681779272171385,14.4067895571463,4.69010263421109e-47,1.90790834246316e-45
"STC1",4.49031537239485,4.01763096284169,1.250798551353,3.2120527789993,0.00131790161205678,0.00380973772070505
"GNRH1",91.2431475155154,1.05285727486674,0.211489763452583,4.9782895289057,6.41486487456152e-07,3.04777959147042e-06
"KCTD9",1075.67270842899,0.733108111187776,0.0764485298973004,9.58956453672322,8.84575585455258e-22,1.36130970328687e-20
"CDCA2",849.952254478167,-1.3417497935553,0.0828549374074232,-16.1939630339409,5.5627561227724e-59,2.92263638741928e-57
"EBF2",28.1255869269719,-1.01285093523267,0.359088480528243,-2.82061661722675,0.00479314483132537,0.0123927206607338
"PPP2R2A",1570.08993133613,0.599297787517247,0.0649822755794058,9.22248077916151,2.90304569092679e-20,4.13236859369602e-19
"SDAD1P1",40.9860763409145,1.72498128843274,0.326783237582462,5.27867127210726,1.30124005173587e-07,6.71140439963713e-07
"BNIP3L",3770.18742480687,2.78839650073152,0.0651868344597531,42.7754549494668,0,0
"DPYSL2",2185.86767645158,0.426906108292928,0.0636450054531432,6.70761366510095,1.97832851841639e-11,1.49169281298668e-10
"PTK2B",221.876951387761,0.391378656005458,0.133529374915469,2.93103039127698,0.00337839728576406,0.00901022605990146
"EPHX2",100.746949852345,-1.06557798027216,0.199209662672802,-5.34902758217279,8.84280658417464e-08,4.6690951495286e-07
"SCARA3",381.143727810907,-0.938086853542589,0.110096497861007,-8.52058759150443,1.58745856325444e-17,1.90210045002715e-16
"CCDC25",565.83277218901,-0.342811875905965,0.0926573788111682,-3.69977955673234,0.000215786823252279,0.000715227945894669
"ESCO2",502.764047365644,-2.00901288635859,0.106248646229224,-18.9085974989676,9.68997696850947e-80,8.23693749761836e-78
"PBK",913.991094620195,-1.06848427645511,0.0840971987080378,-12.7053492015184,5.52223769092935e-37,1.67254193997038e-35
"ZNF395",1026.63450046608,1.3876938033686,0.0842262794195955,16.4757818216739,5.47758271947561e-61,3.04665179591574e-59
"FZD3",600.223756411022,-0.310129976968788,0.097983176428595,-3.16513495757911,0.00155011034076998,0.0044200219068063
"EXTL3",1487.1017615489,0.649718994906824,0.0746544468510541,8.70301800243867,3.23172627723359e-18,4.04156413893314e-17
"INTS9",209.420125503828,-0.566197392752312,0.13459469655658,-4.20668426942289,2.59144791873437e-05,9.94260438899731e-05
"HMBOX1",512.611368112331,0.928827703456038,0.101613461227257,9.14079386961074,6.1995535657432e-20,8.64053788153582e-19
"DUSP4",3254.0537352804,1.55172732486988,0.0609614411566049,25.4542428038015,6.33581625513069e-143,1.29747437197398e-140
"GSR",2219.93773661988,0.176508260153561,0.062390916819698,2.82906982539859,0.00466835123669801,0.0120908820978061
"PPP2CB",1055.63004985874,0.389492809014628,0.0754295527449319,5.16366324392395,2.42163197368711e-07,1.21357702441088e-06
"WRN",587.750784386455,-0.55081486882736,0.0951940346610352,-5.78623304273939,7.19823351958218e-09,4.26287762919456e-08
"NRG1",34.7221991226022,0.790684799189742,0.318532582684097,2.48227290447678,0.0130547250874205,0.0305769691708351
"TTI2",170.24124921673,-0.599679027532993,0.148978530965371,-4.02527145117564,5.69096293728759e-05,0.000206809524284855
"RNF122",86.9838599477345,1.30505164061835,0.205075742834772,6.36375430159879,1.96880994253033e-10,1.35213124902207e-09
"ERLIN2",485.351390351816,-0.470016212272836,0.0985724000094223,-4.76823342262041,1.85848379738913e-06,8.33127773948992e-06
"PLPBP",655.932356211493,-0.335504624214549,0.0854469848407707,-3.92646533800762,8.62033081879803e-05,0.00030502058057247
"ADGRA2",105.414669225016,-0.545756291000843,0.199106014401147,-2.74103367817551,0.00612462294654727,0.0155169169295274
"RAB11FIP1",1134.18694132083,0.29722378764842,0.0839640385257005,3.53989389823648,0.000400287926760251,0.00126932759601381
"ASH2L",569.011135002352,-0.281713882723112,0.0959827089232833,-2.93504825903881,0.00333495815987607,0.0089035971850558
"DDHD2",1032.98658866398,0.884776058264866,0.076622613507281,11.5471923726641,7.62715022303566e-31,1.8649779398823e-29
"NSD3",1533.86698571611,0.19762634789451,0.0672231360123432,2.93985612123515,0.00328364685352334,0.00877831181536034
"FGFR1",804.986491152163,0.409216640550549,0.0825900475449399,4.95479361878174,7.24071009985267e-07,3.41851812180888e-06
"TACC1",1331.56325805081,-0.180425724568415,0.0747469537066632,-2.41382043844191,0.0157862399427728,0.0361249307947567
"PLEKHA2",753.001446948006,1.88081007651312,0.0873827642637857,21.5238107006485,9.31804524119133e-103,1.12698317645308e-100
"ADAM9",4204.76076346638,0.475646894819336,0.0557963554677307,8.52469468358775,1.53213411836999e-17,1.83703186607755e-16
"ADAM32",127.383956688519,1.29121566451524,0.196178227659869,6.5818499836482,4.64630274834281e-11,3.38170524345258e-10
"ADAM5",9.45815590141105,2.50304365393507,0.705017975913842,3.550326005079,0.000384754374562055,0.0012230831864496
"GINS4",266.595323042668,-1.67429626708681,0.140253481347604,-11.937644976792,7.5325823935233e-33,1.9933137637839e-31
"GPAT4",981.903624937699,0.257167107652874,0.0787312654987539,3.26639113475121,0.00108927681501768,0.00319652458613151
"AP3M2",273.191700275889,-1.208361725801,0.128069162841147,-9.43522780186999,3.90145553992865e-21,5.81539539165047e-20
"IKBKB",319.406510347708,-0.447912255554063,0.127543098525355,-3.51185019599489,0.000444998755631306,0.00139831256760798
"SLC20A2",359.591850609671,0.393981118362452,0.105880427423437,3.72100045258454,0.000198435082717862,0.000661976791125248
"HOOK3",1053.53328883982,0.574520245930712,0.0919751818636424,6.24647034438557,4.19831685105758e-10,2.77338225707143e-09
"FNTA",686.312605637113,0.889635929357703,0.0845676535506368,10.5198133329431,7.00121521416158e-26,1.32949314409279e-24
"POMK",535.530387446562,0.532937654440133,0.103277674152063,5.16024066978358,2.46632581677909e-07,1.23494463862673e-06
"SPIDR",501.731271412309,-0.313105446365272,0.0947044046435911,-3.30613393900324,0.000945928593489589,0.00281064784555249
"PRKDC",10769.2823076337,-0.454256892860764,0.0548213042330184,-8.28613801178355,1.16985028078522e-16,1.32757379786085e-15
"MCM4",2294.95978469655,-1.52536827415713,0.0689152927365941,-22.1339591487675,1.4891135041487e-108,2.01769281641081e-106
"PCMTD1",384.960884052289,0.324531827006599,0.114808134957899,2.82673198310911,0.00470256685321285,0.0121707535920937
"RGS20",86.3403061185538,0.838740299753316,0.203823369021567,4.11503501183206,3.8712064948974e-05,0.000144429331908532
"TMEM68",315.297408345844,0.3631831146092,0.111637500634929,3.25323580825104,0.00114098769165441,0.00333740288772994
"TGS1",558.72842722235,-0.223623759531327,0.0901993180570801,-2.47921785162293,0.013167085762297,0.0308001106597033
"LYN",748.081834100287,0.807995994268747,0.0817555239838685,9.88307523327936,4.92963875093685e-23,8.18774377240857e-22
"RPS20",5982.44440315579,0.426518110235438,0.0783732774132504,5.44213696699799,5.2645171463067e-08,2.84900490971751e-07
"PLAG1",51.475744058283,0.879934557767772,0.275813365500323,3.1903260241634,0.00142112376139254,0.00408193677144645
"CHCHD7",132.724411838744,-0.47918395867009,0.179768536571327,-2.66556076947293,0.00768600391089013,0.0190440807111383
"SDR16C5",106.970369894762,0.571208615351916,0.185313555187866,3.08238981639977,0.00205345735038132,0.00572041349686532
"BPNT2",1943.99784039721,0.474466996783871,0.0663524589031868,7.15070706687982,8.63320458293912e-13,7.32481072453606e-12
"SDCBP",2418.05221603114,1.01054618458991,0.0629363186916557,16.0566459176122,5.13582408031303e-58,2.62933766338981e-56
"ASPH",6747.88594660322,1.18710501702717,0.057178361927136,20.7614380163588,9.66314646545288e-96,1.0427518709816e-93
"GGH",444.401364585059,-0.360449870291936,0.100383554710426,-3.59072630304553,0.000329757773664182,0.00106079343791543
"TTPA",20.9538026150471,-1.72568610133358,0.437668834919116,-3.94290377484267,8.05009603283945e-05,0.000286192110096271
"ARMC1",853.392854090139,-0.294981630836764,0.0849829083628805,-3.47107008361235,0.000518388683826428,0.00161011417980629
"MTFR1",758.207303983768,0.381808766628564,0.0803339938653035,4.75276714448861,2.00651390378989e-06,8.96143421566234e-06
"PDE7A",412.301901222537,0.354228966866897,0.108961066160871,3.25096825267761,0.00115012699882841,0.00336140750014383
"RRS1",185.291059319224,-1.80307113724298,0.161239644712375,-11.1825546406987,4.96401220753558e-29,1.10988168724564e-27
"MYBL1",463.006886150447,-0.269104784695428,0.100775678263633,-2.67033464157334,0.00757756846872889,0.0188040982339525
"VCPIP1",1445.58563610551,0.266346685610872,0.073704566279839,3.61370670847741,0.00030185049709616,0.000977474898143736
"ARFGEF1",1388.91467451129,0.553523945595287,0.0695710892671162,7.95623514632706,1.77353190733258e-15,1.842122103864e-14
"SLCO5A1",16.2825204997361,1.6099998348365,0.45855827355656,3.51100378660579,0.000446418039436678,0.00140252780486199
"NCOA2",876.710674761805,-0.533681127204375,0.0980055529365994,-5.44541723620107,5.16840908888976e-08,2.80035779287079e-07
"TRAM1",4050.46069747055,0.569132237078632,0.056434439707619,10.0848389746978,6.44708036183226e-24,1.12037449566614e-22
"LACTB2-AS1",13.1775711956196,-1.79304343213785,0.581701978609231,-3.08240903086623,0.00205332479052621,0.00572041349686532
"LACTB2",134.966270252878,-2.11147023107745,0.190756583325007,-11.0689245648732,1.77518116936675e-28,3.84501680927382e-27
"TERF1",378.146271797063,-1.20572227265587,0.114649669402653,-10.5165787126812,7.24570086233203e-26,1.37447131831669e-24
"RPL7",9692.02937808988,0.313113497686439,0.0756477414764224,4.13909908710267,3.48672341870667e-05,0.000131095853804534
"RDH10",272.129152560458,-0.533856421107339,0.122891539860079,-4.34412671299565,1.39830791014996e-05,5.60972993072405e-05
"STAU2",628.955122991942,-0.262728943765325,0.0868936057177751,-3.02357051010925,0.00249810807486924,0.00683858508540461
"ELOC",724.011812694717,-0.3596729424452,0.0856916507205363,-4.19729272829847,2.7012468786948e-05,0.000103352802549807
"TMEM70",436.57879382506,-0.423399099271869,0.099093406983401,-4.27272723949023,1.93096605570961e-05,7.56970617575436e-05
"JPH1",190.236935213137,-0.827808072844078,0.142476765373145,-5.81012679980526,6.24255431797951e-09,3.72630246320996e-08
"GDAP1",345.531351574874,-0.927069548405178,0.111135241432678,-8.34181431968873,7.31592667991774e-17,8.38678846684463e-16
"HNF4G",51.2217297283781,-1.16055683861667,0.283125579082638,-4.09908861776819,4.14780211415885e-05,0.000153833179459265
"ZFHX4",846.707617292458,0.482253263253375,0.0848082773197801,5.68639381077131,1.2975000129778e-08,7.50841396001052e-08
"PEX2",602.661756134714,0.35987736156344,0.0901322205442366,3.9927715015832,6.53054922975572e-05,0.000235279943361511
"PKIA",56.3751369930069,-1.04714474279951,0.255653793147349,-4.09594839140906,4.20443594577652e-05,0.000155741295331631
"ZC2HC1A",324.098400623923,-0.376387679257401,0.130307241995472,-2.88846324650536,0.00387129267432724,0.0102009892212387
"MRPS28",57.5971788793873,-0.924755518097498,0.273765495568297,-3.37791114317691,0.000730386775142834,0.00220881021561487
"TPD52",1927.65058575976,0.728933350632291,0.0691968557163469,10.5341975886932,6.00935726524973e-26,1.147188848274e-24
"ZBTB10",1445.81185484944,0.506185865818522,0.0876257361690161,5.77668032188819,7.6188843487994e-09,4.49868659402732e-08
"ZNF704",734.225509745845,-0.499446231852788,0.0898539627176428,-5.55842187419433,2.72224758596522e-08,1.51881188070215e-07
"PAG1",398.936771761189,3.53462765113976,0.133046720706545,26.5668152688702,1.64211746928815e-155,4.0537806731564e-153
"FABP5",515.213927796562,-0.851647759225358,0.102826715577525,-8.28235886405679,1.20759036623276e-16,1.36781810118672e-15
"FABP12",3.63016189202755,3.70666600049097,1.29495593657284,2.86238774293806,0.00420462175877225,0.0109973133112968
"IMPA1P1",39.9510590938471,2.79019247187784,0.344880890015744,8.09030756024337,5.95142598812646e-16,6.40579603921649e-15
"IMPA1",674.175439013759,-0.471553120640568,0.0968608207513027,-4.86835768046314,1.12529519575737e-06,5.17320018437337e-06
"CHMP4C",393.080375582217,1.27163405100628,0.105166331301067,12.0916460170688,1.16920475646092e-33,3.20216396902465e-32
"SNX16",263.667146493625,0.404820746091672,0.119865635673479,3.37728777574271,0.000732044184721166,0.00221345104913761
"LRRCC1",136.108747145864,-2.02287597172792,0.188135042691709,-10.7522550971152,5.78301767349056e-27,1.15795290548859e-25
"CA2",197.363273426824,-0.801067792877128,0.144157419163324,-5.55689604826759,2.74614192524496e-08,1.53166894567748e-07
"WWP1",1288.22704913197,0.287563037625055,0.0688056626190353,4.17935133067812,2.92341758020727e-05,0.000111192292555752
"RMDN1",616.838780918838,-0.377740901210057,0.0930683586316927,-4.0587467831567,4.9336776308389e-05,0.000180858023973449
"CPNE3",3238.44118064733,0.288969759583627,0.064151646896974,4.50447920764537,6.6535911729142e-06,2.79106998433628e-05
"RIPK2-DT",74.8804421004814,0.591348360534197,0.216173998628825,2.73552029515609,0.00622817455715449,0.0157520909550894
"RIPK2",494.343094387709,0.381727712997912,0.0931492920529005,4.09802054943289,4.16698295194559e-05,0.000154512756742822
"DECR1",299.626934506911,-0.856224274107809,0.123729924672682,-6.92010664657626,4.51303764319386e-12,3.61303648902694e-11
"CALB1",23.4493958232036,1.87309017225488,0.412112394572322,4.54509545678362,5.49103634314304e-06,2.32997329738123e-05
"NECAB1",33.1779882190378,2.39571826053938,0.368009253233755,6.50994027864199,7.51806886299266e-11,5.34450173491088e-10
"C8orf88",11.9516168968997,1.42339539642087,0.546083895301878,2.60655076750435,0.009145926477472,0.0222427450810422
"OTUD6B-AS1",302.099318836887,-0.47708905805829,0.130379791980703,-3.65922548893852,0.000252978672185424,0.000828444239769858
"OTUD6B",522.097188219849,-0.871283063608999,0.105772339785887,-8.23734319740606,1.76076859915374e-16,1.97330913714861e-15
"TMEM67",515.308679364959,-0.484252162341683,0.103452746250552,-4.68090195661768,2.85615517050305e-06,1.25661065253016e-05
"PDP1",17212.4242601902,-0.28513823211943,0.0596945243601679,-4.77662290093884,1.78263619271373e-06,8.01719162188523e-06
"GEM",423.640283929268,1.91891625277333,0.112123397367215,17.1143249119422,1.16053348197589e-65,7.11359655737668e-64
"RAD54B",399.667426474966,-0.743594463062765,0.109600830878391,-6.78456957947547,1.16433111002611e-11,8.94772321269957e-11
"VIRMA",2110.51280933723,0.184511533560207,0.0642398118397617,2.87223029264855,0.00407585826139611,0.0106803547393561
"LINC02894",14.006023300312,-1.20311335342133,0.515418519473431,-2.33424548782312,0.0195828713070884,0.0437519122024598
"ESRP1",2400.36485179482,-0.334450723754218,0.0747679954143609,-4.47318029459941,7.70647458543318e-06,3.20513220641799e-05
"INTS8",934.752746017918,-0.314350406041485,0.0782585591897942,-4.0168182151056,5.89891921097588e-05,0.000214107599397777
"CCNE2",260.90476544254,-0.976662712401646,0.127850389873985,-7.63910625039381,2.18734750727958e-14,2.10230343619655e-13
"PLEKHF2",464.728639357438,0.305166978602984,0.09983073712661,3.05684388782942,0.00223680738296,0.00617959617481561
"MTDH",3689.9106340049,0.180113912900928,0.0608601063162844,2.9594741745092,0.00308164529899052,0.00828870596016539
"RPL30",4008.68624737017,0.240106760035032,0.0792949173340352,3.02802207389367,0.00246160105721991,0.00674684603074677
"POP1",651.264273450166,-0.652252103426993,0.0944897638877234,-6.90288637192518,5.0956388993858e-12,4.06500702106381e-11
"OSR2",53.8206702498224,-0.943750085856885,0.260839978649837,-3.61811901205458,0.000296751939268362,0.000961655583088501
"VPS13B",2036.12945592008,0.255776054230485,0.0710677895863438,3.59904333199683,0.000319389972523339,0.00103038429911262
"FBXO43",5.16350063686772,-2.34474356436682,0.976061731663691,-2.4022492515614,0.0162946014932635,0.0371279572019347
"POLR2K",451.401468706267,-0.856200074723654,0.112629104118636,-7.60194340018716,2.91716325141329e-14,2.78591409399676e-13
"SPAG1",201.522895076371,-0.422381348242826,0.14541551269058,-2.90465123306056,0.00367662534679138,0.00972929006968099
"RNF19A",827.374707393246,1.06448554904991,0.0797291752903062,13.3512675275262,1.16450421476448e-40,3.95207729835607e-39
"PABPC1",25812.9216127593,0.467480932265926,0.0568114879609117,8.22863383876812,1.89360647107153e-16,2.11298341889659e-15
"YWHAZ",21684.7118624592,0.284356236794351,0.0575244026254187,4.9432279835393,7.68395369615443e-07,3.61264100074091e-06
"ZNNT1",74.2036545331966,1.45342952249011,0.230994018932738,6.29206560934085,3.13269014186893e-10,2.10179482675428e-09
"ZNF706",759.868722003938,0.362375006539159,0.0837759784920786,4.32552401131815,1.52169691226777e-05,6.06826732816498e-05
"GRHL2",264.613471457612,-0.727363497587642,0.125647964503968,-5.78889996713532,7.08488730428794e-09,4.201275225751e-08
"LOC105375683",1.96461403977133,-4.06987287823735,1.58595107268884,-2.56620330117576,0.0102818545590322,0.0247448318654273
"KLF10",1908.78405907115,0.487984466952833,0.0676700113495689,7.21123666482053,5.54459902047965e-13,4.78999132061667e-12
"GASAL1",49.3666859832288,-1.02224664196427,0.276959442643598,-3.69096150760145,0.000223407947539156,0.000738993139244334
"FZD6",1079.58277892309,0.173051416930343,0.0723551575450945,2.39169428692752,0.0167708050741887,0.0381118131452655
"DCAF13",901.382924605693,-0.394822971766449,0.0769979471676935,-5.12770776741055,2.93291228518622e-07,1.45483105673936e-06
"EIF3E",6479.22041229142,0.600601326275683,0.056700975421064,10.5924337600119,3.23080820625833e-26,6.2943129389169e-25
"EMC2",244.085294194716,-0.486445808671227,0.137176349899857,-3.54613465824354,0.000390926389096023,0.00124160811735979
"NUDCD1",850.669194171147,-0.4027494794601,0.0790305861958544,-5.09612162640426,3.46682441232948e-07,1.70326179756242e-06
"ENY2",437.21367703187,-0.640514351262071,0.109454900588694,-5.85185631540585,4.8611651230988e-09,2.93281073596798e-08
"EIF3H",4702.87698755959,0.443658822049395,0.0619707726643465,7.15916234339036,8.11715144755775e-13,6.89670845056285e-12
"RAD21",5640.851483179,-0.223475477001116,0.0563017702279707,-3.96924423683739,7.21009505025612e-05,0.000257957361327508
"EXT1",432.158933978418,0.241072391948142,0.100537318991501,2.39783987047161,0.0164920731714269,0.0375399331340513
"SAMD12",238.219990467616,-0.776606938063499,0.140171287555634,-5.54041381517068,3.01757721906221e-08,1.67528524537031e-07
"MAL2",2095.60198456219,-0.584387641726391,0.0717772093619403,-8.14168796643495,3.89804787648973e-16,4.26254373678528e-15
"TAF2",1638.7593977496,0.283094037479161,0.0645040293471362,4.38878067532272,1.13987953393982e-05,4.62236027928208e-05
"DSCC1",438.331806732062,-1.1173512314968,0.101498359537335,-11.0085644397611,3.47496445019406e-28,7.40216718167223e-27
"MRPL13",506.190069537263,-0.661311803042855,0.104948714054219,-6.30128543262766,2.95187213783745e-10,1.99085657919045e-09
"MTBP",288.442879873097,-1.36282756309503,0.125452275894183,-10.8633147815075,1.72376237116001e-27,3.52999110121302e-26
"SNTB1",113.093624087475,0.843309889989406,0.189917884981705,4.44039217302068,8.97950883449276e-06,3.69873665614615e-05
"DERL1",1415.94263512971,0.512386991772167,0.0684784167708697,7.48245967027283,7.29442835157065e-14,6.72737427449615e-13
"TBC1D31",290.738844025908,-0.633944477945022,0.117485085185806,-5.39595708631796,6.81592372746944e-08,3.64696441486718e-07
"FAM83A",17.1637381663116,2.2514583933496,0.479981212014106,4.69072192201438,2.72242765796504e-06,1.20041274343499e-05
"ATAD2",3023.77411904197,-1.08597766993732,0.0612392659463002,-17.7333554404392,2.31779237898429e-70,1.60034239316766e-68
"NTAQ1",228.837009035542,-0.758736629418262,0.129904090936581,-5.84074469054771,5.19679944092899e-09,3.12692897245347e-08
"TMEM65",672.672118747847,1.13434861774707,0.106828412213962,10.6184169008816,2.44675296054191e-26,4.79271033716584e-25
"TRMT12",124.829421606801,-0.698280773596792,0.171392427491378,-4.07416350778928,4.61800295651472e-05,0.000169873507408352
"RNF139",731.071129346424,0.698203253327031,0.0845258890390738,8.26022963218137,1.4539248834767e-16,1.63349004520783e-15
"ZNF572",73.2588975035408,-1.12525932886694,0.227829754974549,-4.93903585592953,7.85097769493375e-07,3.68493272003824e-06
"SQLE",2786.12375882577,0.484322310922077,0.0640949764761621,7.55632246939358,4.14625159120251e-14,3.89773604199585e-13
"WASHC5",1153.96814998725,-0.266249320692587,0.0745883903302778,-3.56958126477369,0.000357552291208488,0.00114374115430555
"TRIB1",3951.48933568133,0.231157365226794,0.0563597529413783,4.1014616488335,4.10548558345079e-05,0.000152452000204753
"LINC00861",142.202500469404,-2.0773698257316,0.206268321215637,-10.0712014985562,7.40676594850455e-24,1.28220296981749e-22
"CCAT1",250.275296065146,-0.315333394800497,0.125772573099512,-2.50717137313397,0.01217016904281,0.0287066251728376
"CASC8",71.9275836152224,0.783008137567148,0.224789113965682,3.48330096486206,0.000495271240068956,0.00154395404498786
"MYC",2485.54323669189,0.167657723831166,0.0736267982033619,2.27712908780964,0.0227785181493204,0.0499078025007785
"CYRIB",1846.90591142771,0.43015028878063,0.0653450931081151,6.5827481195709,4.61831178193186e-11,3.3626907726139e-10
"ASAP1",1297.37531795019,0.834024210531721,0.0722127435678932,11.5495433260694,7.42137221218808e-31,1.81959930116791e-29
"TG",14.7485627302287,1.12843078374819,0.4806287781891,2.34782192610243,0.0188835468990075,0.0424314711554881
"CCN4",11.4537793431438,4.0480602913289,0.792766873367606,5.10624299188119,3.28627053766212e-07,1.6198545229543e-06
"NDRG1",14738.5410647453,4.40659966288822,0.0686286295831744,64.2093495040237,0,0
"ST3GAL1",644.586198747034,2.15984313572969,0.0970989568735985,22.2437316040514,1.29707889186328e-109,1.78432509238688e-107
"ZFAT",191.487334575845,0.86377388434486,0.141913677105845,6.08661477850807,1.15322992226237e-09,7.3565863465806e-09
"KHDRBS3",122.392695508371,0.588807228547691,0.189509372028249,3.10700849380643,0.00188990968480326,0.00530004083875499
"TRAPPC9",423.502685686974,-0.382170480344102,0.100423777282223,-3.80557762998779,0.000141473631397031,0.00048368298274053
"AGO2",5766.90928555062,0.946635659294561,0.0703886727368569,13.4486931275646,3.13361599146241e-41,1.08181788854682e-39
"PTK2",2582.41392951231,0.324912616215878,0.0688839818421055,4.71680944578141,2.39571876561631e-06,1.06390458046258e-05
"DENND3",446.491378052531,0.54647605451569,0.102504176333756,5.33125648204177,9.75355485803286e-08,5.10362404461702e-07
"LINC00051",3.43940966163942,3.6048032367313,1.3150034363082,2.74128807362784,0.00611988256728142,0.015507087140745
"JRK",375.883704282051,-0.826097713943735,0.109142477316286,-7.56898445276966,3.76153163281429e-14,3.54903463638463e-13
"THEM6",158.741994512672,-0.532811556020154,0.162887427913955,-3.27104161962462,0.00107152139603667,0.00314749585623095
"LY6E",859.289500358451,-0.41207326131848,0.0843375427691109,-4.88600032427556,1.02905028298774e-06,4.75988581871718e-06
"ZFP41",194.951760099173,-0.546405944568613,0.143876178708292,-3.79775129888907,0.000146014715348726,0.000497510150368574
"MINCR",57.7572185392882,-0.610306704156073,0.251719510179883,-2.42455065846877,0.0153273447212091,0.0351954739068438
"TOP1MT",326.4765147676,0.391380225622087,0.109426634636649,3.57664499983632,0.000348032302912502,0.00111520094786383
"RHPN1",204.00454622804,-0.51088559711609,0.139645820059098,-3.65843816091224,0.000253756950391992,0.000830540138578656
"ZC3H3",241.470739244792,-0.494137147822736,0.134331183913026,-3.67849916474101,0.000234610459281486,0.000773493429694778
"NAPRT",317.005743664792,-0.433600355220028,0.114219359655076,-3.7962071975314,0.00014692671255626,0.00050042832866686
"EEF1D",2332.68590523288,0.181286418397243,0.0690471909174838,2.62554371855464,0.00865106984908265,0.0211706857346983
"PYCR3",104.050765273544,-2.54353617101978,0.228027245783832,-11.1545274437557,6.80534267703439e-29,1.50847577346663e-27
"ZNF707",94.5770527547463,-0.689598115441693,0.201705942775969,-3.41882894450769,0.000628912492940441,0.00192691113349346
"MAPK15",139.200742039217,0.695774107899468,0.177254634496057,3.92528020425296,8.66288389248955e-05,0.000306345821480679
"IQANK1",552.896723478901,0.463658071572003,0.0920147248456122,5.03895514929764,4.68080147979978e-07,2.25964970445947e-06
"SCRIB",1047.49910341276,-0.328342423905919,0.0917621453418149,-3.57819036033694,0.000345981433743318,0.00110922103139803
"NRBP2",303.528353397211,-0.440181993373522,0.114689522299239,-3.83803144828728,0.000124024601188538,0.000427187946869006
"EPPK1",609.055267398071,-0.624096228003279,0.100409145330874,-6.21553172220238,5.11511380409459e-10,3.35442015515243e-09
"PLEC",11394.9188134924,1.09791059609936,0.071912538540293,15.2673041222735,1.26287041471548e-52,5.79088746656175e-51
"EXOSC4",175.023549215279,-0.577314679819647,0.147059391151881,-3.92572467013278,8.64690182117758e-05,0.00030584066284483
"GPAA1",315.620260623054,-0.9299379140451,0.118325868178299,-7.85912605892589,3.86822795350294e-15,3.91845620854843e-14
"HGH1",119.192921573474,-0.79613269782138,0.182714745994361,-4.3572438200798,1.3171051890872e-05,5.29456895216159e-05
"MROH1",767.262573938368,0.688132884278165,0.0840829660855429,8.1839749037645,2.74631295948064e-16,3.0288436868299e-15
"HSF1",727.919056952268,0.35758358604498,0.0852640444917855,4.19383795568635,2.742739463857e-05,0.000104762416019854
"DGAT1",353.658105653909,0.420628595086761,0.116980768765045,3.59570722202715,0.000323511486106675,0.00104256088897146
"FBXL6",286.629854379165,-0.454359777298526,0.118307506163784,-3.84049830844641,0.000122784818443763,0.000423403217216812
"SLC52A2",388.621484986812,-0.554095052337623,0.108974131889728,-5.08464754643165,3.68309360808237e-07,1.80557752750959e-06
"ADCK5",77.6259396077241,-0.585925228072142,0.219325340406869,-2.67148897152147,0.00755155539176198,0.018755041305808
"CPSF1",1393.63682751232,0.257150582742612,0.069312882311457,3.70999696112921,0.000207261735164913,0.000688999027745231
"SLC39A4",211.809234734261,-0.510776174483147,0.138680639137195,-3.6831109061867,0.000230404856081676,0.0007604626211443
"TONSL",396.476278455763,-1.03092388204353,0.105288640996733,-9.79140648301768,1.22578746129768e-22,2.00089817391716e-21
"MFSD3",85.3960489386122,-0.60986500419959,0.213664583141129,-2.85431022415523,0.00431303917117528,0.0112449766932508
"RECQL4",763.864087174249,-1.00726877046877,0.090193956056931,-11.1678078499293,5.86094969614269e-29,1.30556457940899e-27
"LRRC14",311.598310042971,-0.466733325713063,0.125524268491213,-3.71827162446866,0.000200590520898087,0.000668703335010884
"C8orf82",149.308667407204,-0.630763612281518,0.157355298887975,-4.00853111867923,6.10975888193871e-05,0.000221270025746418
"ARHGAP39",337.74783204408,0.622571022944878,0.116437793359509,5.34681227617094,8.95167737724444e-08,4.71966582841785e-07
"ZNF251",297.038904973349,0.753473191772945,0.114220678741867,6.59664432108442,4.20568092641992e-11,3.08091772256152e-10
"ZNF34",82.6645523058276,0.607599379391233,0.201609397148959,3.01374533123726,0.00258044314134521,0.00704578270457303
"RPL8",8730.4804107129,0.202511143041336,0.0792921491853148,2.5539873130194,0.0106497136899426,0.0255278651777675
"ZNF517",34.7584811284057,-0.876348397509687,0.318331594980144,-2.75294193642434,0.00590623703671956,0.0150065343049243
"COMMD5",113.069268688422,-0.848235164634047,0.192987375639844,-4.39528835407884,1.10625803795966e-05,4.49411093374007e-05
"ZNF16",168.760735475843,0.409965909843201,0.150088725675766,2.73149037675783,0.00630485822285048,0.0159131442624634
"ZNF252P",486.305152839791,-0.456170716183836,0.0951697330559562,-4.79323311662148,1.64114736188359e-06,7.4067409487864e-06
"TMED10P1",105.100902370338,-0.954884090860786,0.192243213916736,-4.96706266716058,6.79746270816583e-07,3.22021754636847e-06
"SMARCA2",268.047385785516,-0.533928159957479,0.121714363010554,-4.38673092271929,1.15066992408141e-05,4.66087271338976e-05
"PUM3",479.947995204305,-0.395609360404048,0.104889856349561,-3.77166462203573,0.000162162118312876,0.000548381222390007
"GLIS3",202.695455858289,0.948947175921468,0.14196688493324,6.68428539773704,2.32054180536543e-11,1.73233156066654e-10
"SLC1A1",391.228386304296,1.54317202490453,0.112128416354799,13.7625418700429,4.28202511489997e-43,1.571616590542e-41
"SPATA6L",22.493858207563,-0.966346422195787,0.397003506937307,-2.43410046840817,0.0149288507146228,0.0343976646431901
"PLPP6",85.5749773707083,-1.14155874760405,0.216391361892477,-5.27543584744056,1.32440937344935e-07,6.82504470086665e-07
"RCL1",244.071538118526,-0.313194343893138,0.133852976022625,-2.33983847949858,0.0192920812793586,0.0431664510473455
"JAK2",377.412759512888,0.402270953378791,0.108390473537771,3.71131281420789,0.000206187111862096,0.000685932793588117
"PLGRKT",86.7444709925917,-0.538137823941326,0.203943719044759,-2.63865848118236,0.00832347854005129,0.0204523325293516
"CD274",107.105324153155,0.550267957831767,0.186785427368302,2.94598976796383,0.00321923049096169,0.00862401556081769
"PDCD1LG2",6.28898375664801,2.83059678499805,0.869169016947973,3.25667014102447,0.00112727349057222,0.00330157574737558
"RIC1",1656.34012722004,1.33709040978485,0.0693893058148458,19.2694017339309,9.70514411952771e-83,8.44910155449318e-81
"ERMP1",1109.10519213869,0.596796463310393,0.0748533843257146,7.97287215115768,1.55028530846507e-15,1.6167645569357e-14
"MLANA",36.7790377042091,0.851540484430741,0.314466723913936,2.70788741597916,0.0067712988388786,0.0169757545415086
"KIAA2026",669.502973733098,0.844059295698844,0.0862101206879637,9.79072165730871,1.23411879724721e-22,2.0108548684622e-21
"RANBP6",458.477694600485,-0.38517421364232,0.103796008178309,-3.71087694413678,0.000206542494699358,0.000686931351916699
"UHRF2",714.053742049669,0.267270527992964,0.096418623947919,2.77198031925172,0.00557164050643216,0.0142218886071408
"KDM4C",1011.22545444133,1.98902057947375,0.0887777984485248,22.4044819113984,3.55909295651743e-111,4.97197009065121e-109
"NFIB",312.370200690879,-0.731217331320892,0.116074020031741,-6.29957789969657,2.9845727659706e-10,2.0106536753479e-09
"ZDHHC21",481.449179400307,-0.367011690360291,0.124638179261164,-2.94461691061181,0.00323354756587899,0.0086572219112621
"SNAPC3",973.735334805619,0.950145974359955,0.0818814910716274,11.6039163665058,3.93642449757799e-31,9.79810854569793e-30
"PSIP1",655.50998875363,-0.956409524142697,0.0998371401448962,-9.5796967216272,9.73303144885719e-22,1.49402861788633e-20
"CNTLN",119.952421255711,-1.36038643001598,0.184220844371995,-7.38454128062169,1.52979887981126e-13,1.37498781112612e-12
"RRAGA",349.247002216783,-0.727929765722484,0.12584506109861,-5.78433320598965,7.28005149060798e-09,4.30849943882583e-08
"HAUS6",1081.83253449373,-0.328188891437557,0.073940324387586,-4.43856439846317,9.05608893226726e-06,3.72857616286014e-05
"PLIN2",429.039045422602,1.35122327831065,0.105197662452849,12.8446131482844,9.22117273685134e-38,2.87997840365334e-36
"DENND4C",1232.95729151244,0.244963227305205,0.0787258109965048,3.11159992135338,0.00186076489380313,0.00522562632869349
"RPS6",9917.17968208276,0.338759390968299,0.0735555114531091,4.60549297090068,4.11489885897798e-06,1.77445782095339e-05
"MLLT3",159.261726493674,0.625340157026367,0.150675221209948,4.15025212509911,3.32109249722226e-05,0.000125155599942372
"FOCAD",851.916260982241,-0.273757541448727,0.0831230522834732,-3.29340097516073,0.000989832016872039,0.00292806348917449
"IFNB1",12.3460202954119,-1.53490974374916,0.555713153715081,-2.76205400841766,0.00574389761071489,0.0146242976607365
"KLHL9",715.484389856754,-0.239427005849996,0.095977622385293,-2.49461280556461,0.0126094639430462,0.0296432212308407
"IFNE",10.9849010274705,-2.07131324438362,0.647809185666809,-3.19741258724444,0.00138666431813225,0.00399122786728338
"MTAP",4063.64124429359,-0.18762730054791,0.0625473787475359,-2.99976280869007,0.00270189920328202,0.00735290328335023
"CDKN2B",224.72136504744,1.40354046308531,0.132909881810718,10.5600911231277,4.5621873940174e-26,8.77429872226121e-25
"IFT74",238.052160922879,-0.784771457415338,0.139539165230856,-5.62402287642326,1.86560928018634e-08,1.06023793245784e-07
"MOB3B",41.377858247231,-0.978477052190769,0.304000132347956,-3.21867311251961,0.0012878520738541,0.00372945238999272
"ACO1",1222.03889247608,0.373568411406311,0.0746847655466705,5.0019359192186,5.67574579405241e-07,2.71594835248589e-06
"DDX58",2860.6372247959,-0.352311613805439,0.0621968132028915,-5.66446407239817,1.47484758527068e-08,8.46440392807734e-08
"NDUFB6",350.690059849456,-0.352219066789347,0.113406777900561,-3.10580260994793,0.00189763343107471,0.00531839067828886
"TMEM215",5.29627177307484,2.84463902667574,0.917374776143073,3.10084722258822,0.00192967824406568,0.0054006416580692
"APTX",363.096976140941,-0.490871252563063,0.107836889415201,-4.55197896772667,5.31436494056997e-06,2.25819784470671e-05
"DNAJA1",2322.23148357385,-0.568562471407024,0.070405827138906,-8.0755030444467,6.71990308450777e-16,7.20400794086344e-15
"CHMP5",929.746378711274,0.380923977375899,0.0764903261740659,4.98002814773003,6.35750259451838e-07,3.02211960579836e-06
"AQP7",11.3982683962754,-2.99463574678627,0.729936561120576,-4.10259727528786,4.08538002031268e-05,0.000151799244012484
"NOL6",321.691130003724,-0.75949537734793,0.11719524272591,-6.48059903868453,9.13591615899433e-11,6.44629385674381e-10
"ANXA2P2",110.57976031732,0.520998795722599,0.183581291802093,2.8379732521125,0.0045400987063728,0.0117824191802339
"PRSS3",198.156187983918,1.03053218136412,0.137900282862461,7.47302442005834,7.8372296365511e-14,7.20953115264356e-13
"UBE2R2",1176.34767748485,0.716715305870335,0.0766475997026052,9.3507860474589,8.69987342596515e-21,1.27463755292128e-19
"DCAF12",1077.39515868619,0.305810708636065,0.0717443359441441,4.26250664406667,2.02146486482528e-05,7.89699074984096e-05
"UBAP1",665.09466672096,0.865476465436276,0.0937332038866394,9.23340320771475,2.62167009664584e-20,3.73774658320053e-19
"KIF24",211.636755124084,-1.06172350608372,0.137880380260104,-7.70032330981998,1.35722389103202e-14,1.32566567698038e-13
"NUDT2",167.143721924323,-0.767091462995315,0.172531442851405,-4.44609660892933,8.74446351134533e-06,3.60769177971507e-05
"ENHO",16.4643648947746,-1.33738335748305,0.487283622363393,-2.7445686579749,0.00605904786405606,0.0153615787223064
"SIGMAR1",489.540003260967,-1.32292947549895,0.112211172616554,-11.7896413044326,4.41417012447163e-32,1.13315897169663e-30
"GALT",126.882599132902,-0.673998096106823,0.17247839311853,-3.90772481074565,9.31693370450399e-05,0.000326908999783618
"PHF24",7.34839012006381,3.08467684831475,0.825453673254807,3.73694726701223,0.000186267968862761,0.000624392683570651
"C9orf131",44.2189463543453,1.25205271151512,0.298585894846314,4.19327481011642,2.7495601470386e-05,0.000104978439427506
"FANCG",355.507957229843,-0.925105278444047,0.11907072338925,-7.76937648576988,7.88734108787525e-15,7.81835939189219e-14
"FAM214B",249.655618802173,1.1992972873044,0.123926247201861,9.67750831146282,3.75762139230487e-22,5.96092386538082e-21
"UNC13B",555.807109044053,-0.553453526066246,0.0922627742500436,-5.99866555677502,1.98945621760664e-09,1.24227271301072e-08
"RUSC2",323.365322805941,0.713378076638358,0.116371127869548,6.13019818316148,8.77696715441403e-10,5.63483167401836e-09
"TESK1",280.024701757637,0.866080132577802,0.12331508176849,7.02331069450021,2.16671654761938e-12,1.77161519531075e-11
"CCDC107",25.8365667721506,1.38100853047254,0.377154581203507,3.66165121490958,0.000250594878149449,0.000821683096639597
"ARHGEF39",192.282642531292,-1.57559168982943,0.161522367184154,-9.75463471280777,1.7623398041472e-22,2.84835207269388e-21
"CA9",9.09685920608294,2.94424175711279,0.719187019497034,4.09384718758113,4.24273991369093e-05,0.000157063303173016
"TPM2",893.569698147968,-0.313300194133841,0.107704959831258,-2.90887434176375,0.00362732623683884,0.00961860596145861
"TLN1",3041.90684951233,0.360334804698057,0.0597829483513603,6.02738430664666,1.66634451106512e-09,1.04813942177677e-08
"CREB3",345.480688297993,0.339617814937848,0.119329197981574,2.84605796973753,0.00442641360013581,0.0115105915567168
"RGP1",878.755613089965,0.356964610287447,0.0816322816940009,4.37283636914047,1.22642647417711e-05,4.94771244485019e-05
"NPR2",133.870780869079,0.568688838941535,0.170881563266783,3.32797071884045,0.000874810607276693,0.0026135547005526
"HINT2",92.7263563671423,-0.97269077340612,0.201342172347731,-4.83103346936289,1.35826167007161e-06,6.17644046337636e-06
"RECK",79.1797054435216,-1.15590945452298,0.225770494320782,-5.11984286520905,3.05790341075661e-07,1.51308284912809e-06
"GLIPR2",143.209668887557,-0.611838186576775,0.159226850842418,-3.84255659984315,0.000121759322868367,0.000420188578592656
"GNE",606.572463978803,0.374271601568275,0.0895032385702182,4.18165429036008,2.89395765144389e-05,0.000110141522358332
"RNF38",723.308742233913,0.417346893132916,0.0834000559373144,5.00415603373941,5.61072978760628e-07,2.6862635893319e-06
"MELK",857.331704811115,-1.16640413517729,0.081506705807978,-14.3105297118157,1.88075294596022e-46,7.56541268731006e-45
"GRHPR",521.336236649423,-0.243118006495573,0.0978075519921359,-2.48567724622246,0.0129305177883449,0.0303057434079548
"FBXO10",154.642808774032,0.948218509836043,0.153566286345923,6.17465286423669,6.63089981600715e-10,4.29284814258537e-09
"TOMM5",514.33942888104,-1.17625518166711,0.109124869689165,-10.7789836085725,4.32639656181981e-27,8.72102823719853e-26
"TRMT10B",159.91931522637,-0.39751835472385,0.152345824961933,-2.60931571195455,0.00907234977543115,0.0220787056452457
"EXOSC3",274.609097266196,-1.18922176580257,0.128684204595118,-9.24139656101725,2.43300621099751e-20,3.48531040766185e-19
"DCAF10",844.041747991952,1.03311911594578,0.0835056276067731,12.3718502040452,3.71171698802239e-35,1.05006046846392e-33
"SLC25A51",328.585199013446,0.590123204287878,0.11696062188103,5.04548620550378,4.52369532796433e-07,2.18849700685222e-06
"SHB",724.216946074087,2.02660984529251,0.0939370822076717,21.5741195879618,3.14408756586838e-103,3.90755876031131e-101
"ALDH1B1",485.077467465936,-1.14552346130301,0.100974003695067,-11.3447364607072,7.87631759232258e-30,1.83383875104968e-28
"ANKRD18A",238.91592639944,-0.320622080976228,0.140108972002208,-2.28837651432612,0.0221156041315472,0.0486446115042855
"CNTNAP3",233.910817891288,0.653937081845948,0.139588833498951,4.6847377791925,2.80318573907526e-06,1.2342098754917e-05
"BMS1P14",21.3831982232802,0.972793323372037,0.398200505098388,2.4429736047966,0.0145668026266642,0.0337067732582326
"PGM5P2",93.7977135799604,0.560460588410617,0.197821677978087,2.83316062293588,0.00460902200921232,0.0119475238245131
"CBWD6",92.6568733882037,0.570991503493858,0.192472271895294,2.96661694628138,0.00301095828544385,0.00812647585172737
"LOC728673",9.58448684420944,-1.47913926180443,0.641000371643068,-2.30754821251191,0.0210242777406586,0.0465567103913012
"LOC100996643",53.9416120460399,1.05103573153956,0.255552496393852,4.11279774751144,3.90892826099895e-05,0.000145603133921997
"CBWD5",211.134056175828,0.532916105576926,0.136789193889065,3.8958933116392,9.78374518343375e-05,0.000341956695016795
"CBWD3",47.7746161235128,0.788575077586803,0.276600018829719,2.85095814860471,0.00435877061402467,0.0113527106858417
"PABIR1",177.941397854413,-0.374767614235654,0.150940975573601,-2.48287526174701,0.0130326715629783,0.0305292830152648
"FAM189A2",54.9400144558387,1.6540814198439,0.26894279387514,6.15030949894805,7.73318921598885e-10,4.97646819928639e-09
"SMC5",1404.11085459659,0.482603310867364,0.075953405519552,6.35393907048883,2.09869990553755e-10,1.43531958245511e-09
"CEMIP2",644.859617117435,0.991900121795058,0.087830494213896,11.2933455592252,1.41544374057698e-29,3.24525593497935e-28
"C9orf40",103.315407885593,-1.24384350376893,0.20050322834632,-6.20360836096112,5.51830125948506e-10,3.60439677409135e-09
"CARNMT1",667.238421104168,-0.313908045999115,0.0929499464116192,-3.37717296370463,0.000732349827731097,0.00221400373184736
"PCSK5",210.27430672329,0.982421974676091,0.134947132087575,7.28005078343227,3.33694537058542e-13,2.92770654933397e-12
"RFK",688.984545677175,-0.253197868029866,0.0907690319961161,-2.78947414621212,0.00527937113737617,0.013542996052193
"VPS13A",3373.42392446063,0.285178873948857,0.0746697344222911,3.81920300313432,0.000133883549500843,0.000458952909559576
"GNAQ",827.030797896072,-0.471324825986246,0.0843124362590526,-5.59021713639119,2.26785839800692e-08,1.27795735429902e-07
"CEP78",882.553502395632,-0.951494700199738,0.083243673147765,-11.4302344456947,2.95310422579438e-30,7.03940360489953e-29
"PSAT1",1292.08821177355,-0.348529439258418,0.0711862558362643,-4.89602150252251,9.77963699074858e-07,4.53872877183312e-06
"TLE1",340.885034366336,0.607512846259932,0.10759532486496,5.64627549591404,1.63961031946768e-08,9.37418070023069e-08
"FRMD3",47.1635972856983,1.07228158662003,0.26965377786362,3.97651238234218,6.99333590853042e-05,0.000250749913266269
"IDNK",36.586411104082,-0.9529135056177,0.316589614090263,-3.00993293275254,0.00261305382161444,0.0071305031676732
"GKAP1",61.4427688564704,-0.841408060003935,0.241948906000959,-3.47762704907871,0.000505873248690624,0.00157449772273812
"RMI1",539.046117321094,-1.33434636401701,0.104847980703343,-12.7264860521484,4.21380660727438e-37,1.28489016699986e-35
"GOLM1",1115.73668172223,-0.172927712599753,0.072230578726941,-2.3941067017265,0.0166609011111043,0.0378811631243011
"ISCA1",436.275054408829,0.617392410561197,0.097980712741157,6.30116268078401,2.95421121576188e-10,1.99168875118761e-09
"TUT7",967.786175714073,0.519453615388708,0.0805694303916165,6.4472792331266,1.13875869769762e-10,7.99437884347829e-10
"SPIN1",1624.77332464248,0.156341315994031,0.0654677664182066,2.38806552518267,0.0169373216737729,0.0384708184879079
"CKS2",609.985131410219,-0.692540606759847,0.115382147658168,-6.00214695961087,1.94725327888555e-09,1.21760761064526e-08
"SECISBP2",556.945183741787,-0.632873801746219,0.0924515351993883,-6.84546557697839,7.62275481099249e-12,5.97259410647373e-11
"SYK",134.878305495594,-0.642239007670158,0.162541507960515,-3.95123077008841,7.77503063412807e-05,0.000277343283962039
"AUH",267.998506064723,0.366623154224811,0.123752001792717,2.96256342454079,0.0030508894802789,0.00821579188943604
"NFIL3",1102.31150961889,1.77211250504786,0.0757787944762212,23.3853351362555,6.02625507862784e-121,9.78370655603173e-119
"ROR2",301.681510102041,0.654969741106747,0.118842409823041,5.51124587663623,3.5630257586041e-08,1.96538987437418e-07
"SPTLC1",1551.0886628639,0.287346017395561,0.0659560566805378,4.35662821365048,1.32081336925577e-05,5.30829119700228e-05
"IARS1",4630.07057782168,-0.30595223327439,0.0612327545743031,-4.99654531959902,5.8366463625949e-07,2.78849957848151e-06
"CENPP",68.6003055209888,-0.656415877404432,0.243965001818575,-2.69061493456581,0.00713204630541807,0.017813805470539
"ECM2",14.9814082940496,-1.45582936071706,0.532911851465737,-2.73183896494872,0.00629819166275041,0.015898544887859
"BICD2",738.649309389667,0.433129722282291,0.0852872400831063,5.07848210189751,3.80462265725888e-07,1.86110491059887e-06
"ANKRD19P",458.172048580246,0.463327635527174,0.104607516227795,4.42920023565252,9.45831774565517e-06,3.88265020716291e-05
"ZNF484",423.439849113208,0.702713541535855,0.120480197396186,5.83260616037224,5.45682640281048e-09,3.27682334571968e-08
"LOC642943",9.02431409171701,1.41969354796619,0.614582037547466,2.31001471118742,0.0208873396802961,0.0462875981773999
"SUSD3",26.2284315310089,-1.52348033303107,0.38615367546473,-3.94526953860424,7.97102641979127e-05,0.000283604870900412
"CARD19",205.278702471592,0.47669494474519,0.134697341218272,3.53900782624005,0.000401633945331854,0.0012731478150968
"WNK2",103.175760961922,-0.80324321358524,0.209243806109635,-3.83879087519739,0.000123641680374381,0.000426031878016583
"FAM120AOS",412.499750037003,-0.426928022425294,0.104215382496452,-4.09659315350905,4.19274817108256e-05,0.000155340285343501
"FAM120A",2959.29187780774,0.158737578819149,0.0654600878968799,2.42495211844521,0.0153104059207502,0.0351700223196737
"PHF2",374.067540363515,-0.410813526536372,0.105880599191647,-3.87996979307596,0.000104469438107531,0.000364429683340266
"MFSD14B",1014.80746809979,-0.412255514166814,0.0874048452342968,-4.71662083562673,2.39793973844211e-06,1.0646285298464e-05
"PCAT7",30.1035271917573,-1.35471959688739,0.356099933646484,-3.80432420476741,0.000142191850245821,0.000485770489721315
"FANCC",234.718294429495,-0.918057133503889,0.130015742904982,-7.06112285321339,1.65162488002578e-12,1.36782775565002e-11
"ERCC6L2-AS1",78.1853336526416,-1.05632232318796,0.216654959708737,-4.8755972381525,1.08479743082136e-06,5.0023373850644e-06
"ERCC6L2",1152.48855686588,0.275414441729447,0.0733692315901945,3.75381390482295,0.000174164185782021,0.000586766272570162
"SLC35D2",397.746323418585,0.237960569379974,0.102589838888159,2.31953351285982,0.0203661261780503,0.045299674136589
"ZNF367",442.153868903295,-1.1508605875862,0.101798569025555,-11.3052727420687,1.23569616601986e-29,2.8403674244699e-28
"HABP4",240.708838061474,-0.331379861586499,0.12519149437301,-2.64698383261684,0.00812132356125969,0.0199964984147371
"CDC14B",502.440039947567,-0.359331492971526,0.0935453390531194,-3.84125491027918,0.000122406916473238,0.000422296967466466
"PRXL2C",270.907323719992,0.416254732714557,0.122529769742136,3.397172243044,0.000680860962750213,0.0020715508035998
"ZNF510",191.495156037504,0.589239178943147,0.138181539840378,4.26423948975972,2.00584214468575e-05,7.83935833645239e-05
"MFSD14C",129.176918560098,-1.20362592254942,0.173963433598116,-6.91884436662701,4.5534276259119e-12,3.64375307489158e-11
"CTSV",143.314596356181,-0.461417306048073,0.160404605806572,-2.87658389687691,0.00402005313987604,0.0105513221138517
"ANKRD18CP",29.0181090015326,1.08148173493343,0.347664303236442,3.11070686540381,0.00186640115225112,0.00523982164896673
"TDRD7",507.502435992432,0.307557584199081,0.0928267868268633,3.31324173455152,0.000922212348935587,0.00274742746572462
"TMOD1",76.572554897048,0.850435367323893,0.208896641209046,4.07108205475095,4.67952609693434e-05,0.00017196113334595
"NCBP1",1104.00632813691,-0.790750540337362,0.0875228580071085,-9.03478883508509,1.64319373196177e-19,2.24163468915087e-18
"ANP32B",1038.12954894918,-0.808936566465118,0.0923307342342614,-8.76129246858024,1.93024270264519e-18,2.45309617379189e-17
"NANS",427.124630328365,0.546124754607016,0.120648147278342,4.52659047757338,5.99429416021335e-06,2.53218882000011e-05
"TRIM14",399.718472445284,-1.35620965897406,0.109128241484976,-12.4276689564431,1.84949123127044e-35,5.35846969111327e-34
"CORO2A",367.006777420846,0.624840960048972,0.104843713875699,5.95973699281365,2.52644218304889e-09,1.56349637983256e-08
"ANKS6",480.13436603349,0.333362857162362,0.0937823672367502,3.55464323395463,0.000378492289560159,0.00120424820965216
"SEC61B",415.98902991379,-0.338776404748244,0.106957051162911,-3.16740599207656,0.00153805428654094,0.00438842246639555
"NR4A3",54.1860760486413,2.57349473911525,0.304176639778196,8.46052721534378,2.66171421090893e-17,3.14742465845078e-16
"STX17",545.440992342437,-0.776517192394849,0.099156581738245,-7.83122187939788,4.83151141311301e-15,4.86689028371769e-14
"ERP44",662.073875755338,0.438419796324665,0.0856127285866274,5.12096511304448,3.03975885085815e-07,1.5049311607504e-06
"MSANTD3",653.689594513868,2.04086946414555,0.093947943598127,21.7234075167797,1.23286771144498e-104,1.59838194445683e-102
"CAVIN4",32.444510926528,1.00235497100159,0.330047903860042,3.03699844561548,0.00238946687937111,0.00656011313728623
"BAAT",16.959380983556,2.00058564544323,0.529077126895164,3.78127411627765,0.000156027756206876,0.000529126118668443
"MRPL50",296.770306784551,-0.869908423807824,0.121387773071853,-7.16635952529504,7.70183495023827e-13,6.55310517649876e-12
"RNF20",551.771899415215,-0.328030753169906,0.093053980330323,-3.52516627451575,0.000423217056729203,0.00133566744367366
"GRIN3A",30.5593588976427,1.31695857351368,0.351099827904767,3.75095191977963,0.000176164481613642,0.000593283521427666
"SMC2",667.316023179481,-0.674914316800123,0.0872380516204938,-7.73646710653466,1.02217413578741e-14,1.00769147160968e-13
"NIPSNAP3A",97.4047869881497,-1.34706608534326,0.20127812469978,-6.69256079046096,2.19298598219838e-11,1.64255196945956e-10
"ABCA1",56.622022472099,-0.954422107655625,0.253482265511687,-3.76524213924394,0.000166387759225002,0.000561932872749955
"FSD1L",404.279916717286,0.952496784922784,0.109979618638539,8.66066637358761,4.69014357060304e-18,5.79308274748715e-17
"FKTN",366.212455581703,-0.694864890562833,0.10676571485641,-6.50831487896054,7.59984880852904e-11,5.4005077041996e-10
"TMEM38B",299.389472392304,0.27074411201669,0.11792529177852,2.29589520562888,0.0216818739498002,0.0478131486110316
"ZNF462",371.223573015024,-0.685516293770808,0.108095700365415,-6.34175357071039,2.27164478489265e-10,1.55006855996026e-09
"KLF4",1282.90637029967,1.77335070501343,0.0734583168072951,24.1409112281391,9.30239240562601e-129,1.69331730850289e-126
"ELP1",1012.43268968953,-0.229223233662239,0.0858490718836817,-2.67007235643523,0.00758349031059935,0.0188162025178729
"PALM2AKAP2",1148.00452971515,0.389578518125744,0.0751946746452361,5.18093229292835,2.20779626729722e-07,1.10950073990416e-06
"TXN",2475.73673440236,0.186731304249678,0.0678433391030635,2.75238964824545,0.00591620816975565,0.0150290368518701
"LPAR1",200.045324596824,0.651547956530939,0.134270436197843,4.85250495180417,1.21911739002878e-06,5.57748527182245e-06
"ECPAS",2815.5325398736,0.723509634912375,0.0607457752261528,11.9104519156895,1.04409839499886e-32,2.75083292050797e-31
"SHOC1",50.7730869229877,-0.703961173141386,0.305576555323453,-2.30371460400894,0.0212386695018875,0.0469737436295428
"UGCG",1302.4404001838,0.611621270652255,0.0698226065780247,8.75964534450294,1.95865641722007e-18,2.48570051371287e-17
"SUSD1",187.910629577292,0.443402215844633,0.137672938608742,3.22069260905918,0.00127881229330598,0.00370506050444807
"PTBP3",3330.22547714443,0.184256044904144,0.0704194230121275,2.61655147149405,0.00888229715236744,0.0216835379277721
"HSDL2",603.391188896613,-0.240936923743595,0.0953408632860351,-2.5271107837649,0.0115005219002821,0.0273201825949094
"SNX30",969.349764624798,1.12140066492116,0.0786400481973911,14.2599183320231,3.88909358225735e-46,1.54713808931258e-44
"FKBP15",572.701123035339,0.755737027231156,0.0888066898630622,8.50991100328685,1.7406690752112e-17,2.07876722361703e-16
"SLC31A1",754.317385032617,0.71957828184554,0.0851854008057012,8.44720192708632,2.983674119994e-17,3.50285285448937e-16
"WDR31",74.3199529198197,-1.45780960549231,0.238117286030784,-6.12223341611512,9.22727156299651e-10,5.91549842891356e-09
"BSPRY",247.964781060085,0.351864729355205,0.130874346929606,2.68856913222622,0.00717589751991452,0.0179059608427554
"ALAD",136.376750959108,-0.370852319182159,0.162800378252784,-2.27795735588727,0.0227291184631874,0.0498116799008999
"POLE3",876.142997477051,-0.657534931556113,0.0813856514928046,-8.07924885401017,6.5166921864009e-16,6.99031606494825e-15
"RGS3",553.680631482243,-0.957099566501207,0.0934489036605216,-10.2419560744996,1.28609465047074e-24,2.28792810425797e-23
"ZNF618",417.944765238013,-0.931108581850454,0.103087377186631,-9.03222690557698,1.68213193783303e-19,2.29301812796437e-18
"KIF12",25.8400964352782,-0.93475122622021,0.368082223591521,-2.53951744015095,0.0111005510735266,0.0264852417444755
"COL27A1",188.806149594052,0.552314505685867,0.137805538873795,4.00792675098267,6.12541109391722e-05,0.000221792311278847
"AKNA",152.522822772797,-1.35599866167727,0.173715546635929,-7.80585668891891,5.90987064759392e-15,5.90364628272118e-14
"WHRN",135.490237147064,0.730510244851484,0.161161537411032,4.53278280033013,5.82116634719406e-06,2.46251734137991e-05
"ASTN2",82.3513449962906,-0.959360635291942,0.216523080704087,-4.43075459748819,9.390390569603e-06,3.8565229821061e-05
"CDK5RAP2",896.224880224965,-0.575491663292777,0.081103368589365,-7.09578003111748,1.28623922969087e-12,1.0746090476708e-11
"MEGF9",340.885458770517,-0.63207481505094,0.129589232652666,-4.87752571809009,1.07424845363587e-06,4.95876828457276e-06
"FBXW2",1201.07715245969,-0.252096678819163,0.0729221408431976,-3.45706634369442,0.000546090388164718,0.0016894583493762
"B3GALT9",107.719286046014,-1.6639250771477,0.202717673343575,-8.20809083738645,2.24733171216331e-16,2.49532746672181e-15
"CUTALP",203.232922283422,-0.494908398254759,0.140620330144264,-3.51946548373929,0.000432417297865085,0.00136257949376232
"PHF19",490.808218997833,-0.344046509911259,0.107534529247082,-3.19940499409954,0.00137711567141267,0.00396754620536014
"CNTRL",228.197102582929,-1.10685748195196,0.134531734818692,-8.22748241107331,1.911891931144e-16,2.13206710960063e-15
"RAB14",1675.89152191018,0.390508972301735,0.0718695120744494,5.43358318471966,5.52335166782423e-08,2.98191493127203e-07
"GSN",1587.05893333092,0.272811738043707,0.0706437041743939,3.86179831921373,0.000112555465964426,0.000390219709916299
"GSN-AS1",55.1999023296731,0.807601446695703,0.24675779151583,3.27285084590285,0.00106468645079757,0.00313048042581546
"STOM",385.214771958967,-0.370019047912525,0.105988797247136,-3.49111469818592,0.000481009706453017,0.00150360380225322
"DAB2IP",632.953766264857,0.690523009989608,0.0951111008816315,7.2601726148558,3.86596654194493e-13,3.37378126161693e-12
"TTLL11",91.4791536453427,1.05349660221987,0.196790233692444,5.35339880670265,8.63173164135392e-08,4.56299313314283e-07
"LHX6",53.8411417993207,-0.770251257183632,0.261886002476042,-2.941170012529,0.00326975018529555,0.00874505314473302
"RBM18",858.600225782926,0.495492598137789,0.0801127340916035,6.18494180427329,6.21253843694309e-10,4.03445604223969e-09
"PTGS1",136.134909163203,1.86052788474014,0.169113515728482,11.001651031413,3.75198593563645e-28,7.97341256439912e-27
"PDCL",336.840228897645,-0.258902518768574,0.11034235658211,-2.34635661941762,0.0189579587237772,0.042566829574033
"RC3H2",2686.13273043805,0.506681362563365,0.0652132637886281,7.76960595325578,7.87306630801175e-15,7.8085045644843e-14
"STRBP",467.044597678734,-0.470962931504571,0.0990965913917864,-4.75256439086366,2.00852773621416e-06,8.96820573199092e-06
"CRB2",24.5318794066609,2.00137006333354,0.398505933229476,5.02218385336076,5.10872446749866e-07,2.45439412500116e-06
"DENND1A",438.69600880814,0.499583729881386,0.105771065596299,4.72325514605449,2.32099360272485e-06,1.03224643915855e-05
"NEK6",671.052027005578,1.32305078419194,0.0888469115913444,14.891353683484,3.75097380993961e-50,1.62882648262462e-48
"PSMB7",1018.18690360605,0.247616411597657,0.0823477605174824,3.00695987409504,0.00263874591474152,0.00719189959612175
"OLFML2A",342.651322749341,0.505440767420603,0.111730795108072,4.52373731818263,6.07571234096519e-06,2.5622768844177e-05
"ARPC5L",385.489033675741,-0.297206469732048,0.104240686628809,-2.85115610174721,0.00435605782940536,0.0113472850742576
"GOLGA1",343.034928915056,0.481934353877022,0.109885021147241,4.38580571624272,1.15557230764875e-05,4.67967832722207e-05
"SCAI",680.583517351119,0.371794131951344,0.0948374837445148,3.9203289382174,8.84281863904296e-05,0.000311852122689223
"ZBTB43",429.524301497886,0.823554068615438,0.101567871863652,8.10841118854003,5.12859290148235e-16,5.55756901248427e-15
"ZBTB34",503.683611480944,1.01969139589225,0.0972328403393549,10.4871090089871,9.90116037347312e-26,1.85669938699645e-24
"RALGPS1",144.255424672509,-0.799422979830389,0.163459920936513,-4.89063603634605,1.00510665565159e-06,4.65630515205588e-06
"SLC2A8",58.7632666373748,-0.897719929272645,0.244182808384614,-3.67642560592816,0.000236524789366859,0.00077923459400003
"ZNF79",86.1497530432192,-0.525723903987941,0.200511001573209,-2.62192049245734,0.00874358263676189,0.0213651664674015
"RPL12",7824.54471968402,0.487811537264044,0.088243108918382,5.52804114953873,3.23826106215581e-08,1.79283264519539e-07
"LRSAM1",441.78744312153,0.566082306850198,0.0983371393454785,5.75654641387762,8.5852185053943e-09,5.05106832144011e-08
"NIBAN2",2449.36518725157,1.30802849101683,0.0712518765960068,18.3578110992538,2.85901084192445e-75,2.1831455246746e-73
"STXBP1",947.582328934293,1.11874498813009,0.0826290696618882,13.5393632375132,9.15793058126181e-42,3.22334115243983e-40
"CFAP157",38.8147392955199,-0.794733761503134,0.312002024490655,-2.54720706636612,0.0108588978350054,0.0259705637537667
"CDK9",587.627023140657,0.232209464188172,0.0869277994065,2.67129118387424,0.00755600688745354,0.0187609258912648
"FPGS",302.099266098234,-0.600776563382169,0.123250294546202,-4.87444322623474,1.09115759271376e-06,5.02652121122051e-06
"AK1",373.144805585974,0.438222615670873,0.11333281225634,3.86668791629105,0.000110323460993556,0.00038329267217368
"ST6GALNAC6",458.718114753272,0.97936574226847,0.100442399258472,9.75052118924632,1.83523616193674e-22,2.96085862795542e-21
"ST6GALNAC4",246.062168095287,0.34315324156148,0.128839425696341,2.66341796935862,0.00773512688018261,0.0191502571105606
"PIP5KL1",116.206147822868,0.415123513182535,0.174373137417924,2.38066206371914,0.0172815574884727,0.0391884921982845
"DPM2",316.164832772588,-0.308872138921401,0.119000965542439,-2.59554313289373,0.00944415483777632,0.0229092898548347
"FAM102A",784.335572633604,1.02330023892657,0.0881965879895694,11.6024923667976,4.00249032577841e-31,9.94881078080727e-30
"SLC25A25",370.514252768617,0.803677395039967,0.109836526631821,7.31703213571152,2.5351515902991e-13,2.2417059278106e-12
"PTGES2",334.788657170261,-0.819369099562487,0.122737493854329,-6.67578483014293,2.45912549247691e-11,1.83047916150047e-10
"DNM1",97.08453198468,0.498200296296265,0.186914569903752,2.66539037889236,0.00768989980018763,0.0190446339144858
"GOLGA2",626.012225940039,0.263515108651981,0.0883443151907294,2.98281907650843,0.00285606771353495,0.00774555248541962
"TRUB2",463.939947241326,-0.534089658503651,0.103263472650391,-5.17210631015545,2.31469820502658e-07,1.16225066460808e-06
"COQ4",112.600170767436,-1.19217845832744,0.188067358435054,-6.33910354379301,2.31105888805438e-10,1.57457815582715e-09
"SLC27A4",387.588676870283,-0.332022298862034,0.109237405754706,-3.03945609627158,0.00237005744222537,0.00651675391613419
"URM1",233.412190298194,-0.571064526099221,0.135428673595287,-4.21671800320353,2.47883641344209e-05,9.56759713142854e-05
"GLE1",707.204652237127,-0.212449904646311,0.0897116415034765,-2.36814198342451,0.0178776736268191,0.0403928731731328
"SPTAN1",2396.39075782044,0.574194923895672,0.0599209913706996,9.58253377924659,9.46928350513383e-22,1.45478225103169e-20
"DYNC2I2",438.477844779893,-1.49242937861958,0.118759744785711,-12.5667950980571,3.21494274201129e-36,9.54472539601078e-35
"SET",7358.10825064423,-0.211779101816001,0.0660996383717603,-3.20393737443622,0.00135561960587018,0.00391012551151294
"PKN3",300.623987054709,-0.882530283803438,0.126331783268251,-6.98581355358124,2.83209980853383e-12,2.29897615538685e-11
"ZDHHC12",130.937368904232,-1.2302992297268,0.181427278002554,-6.78122520092862,1.19160958784588e-11,9.14176091212028e-11
"ZER1",362.475920558189,0.320252129672088,0.10643970348647,3.00876570661244,0.00262311317446136,0.00715578603042206
"SPOUT1",198.947277481226,-1.06602490559532,0.141953177233918,-7.50969387489418,5.92657873691448e-14,5.51667744927355e-13
"LRRC8A",1011.13829633727,1.29361003725353,0.0786046196287656,16.4571757151552,7.44961762510433e-61,4.11808463871181e-59
"PHYHD1",5.35488427499387,2.28855688111637,0.84711279326979,2.70159640994526,0.00690074705592664,0.0172791944830977
"DOLK",81.3037283021271,-1.88406377850071,0.233962910065543,-8.05283101485145,8.09005671696178e-16,8.61648416645202e-15
"NUP188",1850.7737079611,-0.212336573255616,0.0657105704176624,-3.2313914170275,0.00123189118765515,0.00358120843567243
"SH3GLB2",388.336012184162,-0.445007906131997,0.1039272368404,-4.28191800014263,1.85289266508068e-05,7.28901521882097e-05
"IER5L",415.017289363893,-0.41253069155741,0.120585171635628,-3.421073138279,0.00062374555652709,0.00191230327903618
"NTMT1",136.916293251606,-0.555507713450675,0.179047297099112,-3.10257525497954,0.00191844764503079,0.00537338281179668
"C9orf50",18.5172738474202,-1.16287858546557,0.456661006946128,-2.54648101716019,0.0108815129677038,0.02601251868086
"ASB6",352.04813796152,0.318597259785699,0.113886885867196,2.79748855506696,0.00515015918022305,0.0132492531886937
"PTGES",108.306024963449,-0.429120847074836,0.183301453627616,-2.34106625224376,0.0192287545616505,0.0430461349013047
"TOR1B",341.73770240738,0.568129289372581,0.110924913301188,5.1217465262287,3.02718636202887e-07,1.49911858835181e-06
"C9orf78",335.824789616203,-0.45381563757177,0.118621727431075,-3.82573789304713,0.000130380956738442,0.000447968583676541
"USP20",133.08655190448,-0.609210272188196,0.169044981655924,-3.6038353000516,0.000313555790914524,0.00101223591848758
"FNBP1",725.332912945925,0.937418899111206,0.0867938445236029,10.8005228280478,3.42249142124431e-27,6.91443025809908e-26
"GPR107",1424.73869190261,0.585562221109391,0.0684185892525612,8.55852521231971,1.14320480914563e-17,1.37988572442152e-16
"ASS1",616.964245899242,0.503583245307354,0.0970525165571319,5.1887706076216,2.11686970945766e-07,1.06588737172776e-06
"EXOSC2",485.030974137097,-0.509169095972041,0.100876157084716,-5.04746721809037,4.47705559488305e-07,2.16826172736865e-06
"ABL1",945.84360760267,0.189717392881416,0.0781537593849732,2.42748902131372,0.0152037469981587,0.0349651256577104
"FIBCD1",137.569020942548,0.369644019689781,0.161489704420415,2.28896338015126,0.0220814801686787,0.048593278070553
"AIF1L",406.382411217177,-0.905098697876712,0.109947189167171,-8.23212221005978,1.83925467224588e-16,2.05743069202626e-15
"PRRC2B",3703.95034024047,0.193736094104179,0.0546275070479674,3.54649341647721,0.000390394496766665,0.00124035599898309
"POMT1",196.500504815927,0.8912191505265,0.145863248275178,6.10996368903821,9.96538107087826e-10,6.37734844738271e-09
"UCK1",132.036057611241,-0.400430510411915,0.174983495071081,-2.28839017216597,0.0221148094603278,0.0486446115042855
"RAPGEF1",1073.42304273078,0.615973465101091,0.0733265247846922,8.40041808758518,4.44891790411959e-17,5.17251287420253e-16
"MED27",232.991344052504,0.288957202216611,0.125515036098637,2.30217200423326,0.0213254740988913,0.0471310238822812
"SETX",3156.06149409244,-0.157558639397683,0.0667976481609659,-2.35874531118229,0.0183368358020948,0.041321510315062
"TSC1",752.870648791696,0.432677071037938,0.0866777826565021,4.99178748898789,5.98230556363213e-07,2.85355025310256e-06
"GTF3C5",674.40208465651,-0.285865357791008,0.0916432969853008,-3.11932642315193,0.00181265025822332,0.00510562211682439
"RALGDS",591.795099329682,0.954084964441502,0.0885512678856665,10.7743794891043,4.54838530784836e-27,9.13784299138632e-26
"MED22",212.496544716195,-0.960491162535084,0.139158788633876,-6.90212362412925,5.12308201735655e-12,4.08509119622931e-11
"RPL7A",10350.2449596443,0.462718207331125,0.0724477013305616,6.38692738117186,1.69251960564913e-10,1.16906461530866e-09
"SURF1",281.254741344358,-0.333611430991711,0.134688875848936,-2.47690411616384,0.0132527499838296,0.0309737036568493
"SURF4",2226.90082441773,0.267508132687213,0.0678964849121546,3.93994082364232,8.15017107812286e-05,0.000289424979181085
"STKLD1",35.2423376956447,0.913673520780045,0.325336543939957,2.8083949921982,0.00497891169492032,0.0128361899362173
"SLC2A6",244.618779058062,0.426299355868252,0.135790684958013,3.13938585699059,0.0016930235688388,0.00479264494722653
"VAV2",603.102150239159,-0.299047982478937,0.0881259713124102,-3.39341488128171,0.000690270069136793,0.00209699206269625
"BRD3OS",194.00204642448,-0.832668597528903,0.142204807808775,-5.85541804359106,4.75811620327558e-09,2.87545312203988e-08
"WDR5",679.549023749363,-0.440966843395573,0.093871382548935,-4.69756417154821,2.63282479050192e-06,1.16261052559753e-05
"RXRA",703.193128475712,0.322954022307049,0.0883307773279634,3.65618906655777,0.000255992579628981,0.000837097128922858
"MRPS2",503.35410607477,0.351548563333168,0.11078371309555,3.17328742204153,0.00150723231572603,0.00431071791171223
"KCNT1",13.139761754267,2.52447810069502,0.613861945832279,4.1124525112439,3.9147801540132e-05,0.000145760853627008
"CAMSAP1",1270.51800292302,0.537786996404589,0.0696744757109298,7.71856538448595,1.17646307565908e-14,1.15411219850039e-13
"UBAC1",339.170260252443,-0.464438472680282,0.117548950920665,-3.95102184275327,7.78182209336394e-05,0.000277530607450053
"TMEM250",214.871524067486,-0.466572820593613,0.135381929744258,-3.44634488129241,0.000568224677217033,0.0017543218962015
"LHX3",3.19480339099328,3.53337814234373,1.36168912284634,2.59484935515817,0.0094632386153663,0.0229494042642331
"GPSM1",294.265362085406,1.07320891204007,0.134307882966903,7.99066211403639,1.3421594568329e-15,1.40459091588767e-14
"PMPCA",514.071181197164,-0.915343543200692,0.0981518044717361,-9.32579434608638,1.10155330163926e-20,1.61128993902932e-19
"INPP5E",235.382773620293,0.57296613585805,0.135840015711274,4.21794809767896,2.46535546965131e-05,9.52168258006563e-05
"SEC16A",1269.12151687204,-0.165441709280445,0.0694239365422277,-2.38306436541255,0.0171691920750533,0.0389581982352727
"NOTCH1",1210.7467654934,1.21018722022924,0.0824074365864864,14.6854127534856,7.9945920923995e-49,3.37401742616233e-47
"SNHG7",513.2628651973,0.222451560334023,0.09494338785872,2.34299160111119,0.0191298137258268,0.0428832408450212
"TMEM141",179.311746180353,-0.63144426384923,0.153587072964664,-4.11131126897969,3.93418389750675e-05,0.000146453063451702
"RABL6",393.872697643866,-0.879247057022975,0.109970997304272,-7.99526310187256,1.29297459388344e-15,1.35705854143118e-14
"MAMDC4",113.387370374475,0.525033341522229,0.193043374569157,2.7197687705886,0.00653275806977197,0.0164285282131399
"EDF1",694.67718340389,-0.627206257539614,0.118651219756819,-5.28613408968827,1.24928334949238e-07,6.45081239002927e-07
"TRAF2",153.895081632559,-0.676741851598177,0.166532911261318,-4.06371237056113,4.82983373275439e-05,0.000177195508342766
"FBXW5",595.800685330107,0.686124306497605,0.0909952620111394,7.54022013161094,4.69178784597499e-14,4.39452748296857e-13
"PAXX",151.173301900888,-1.31237268081915,0.171245619354186,-7.66368614723379,1.80671091445125e-14,1.7504697521143e-13
"ABCA2",1460.2697641145,0.336106657942181,0.0686941352715772,4.89279989643087,9.94114685166224e-07,4.60775224829746e-06
"SAPCD2",659.199844528426,-0.723484196535911,0.0985998459115436,-7.33757938308511,2.17491404051751e-13,1.93074511941705e-12
"DPP7",583.776504328931,-0.288522526827604,0.106009076762391,-2.72167757365058,0.00649514791885531,0.0163407874697322
"GRIN1",88.6285941004776,-1.11767560732394,0.209824265740377,-5.32672235682638,1.00000841733757e-07,5.22503673204995e-07
"LRRC26",6.198138942278,-2.65928478392924,0.935183035020718,-2.84359818810263,0.00446072627772603,0.0115931278123595
"TPRN",147.367041570473,0.488755195622586,0.154410975981625,3.16528791114402,0.00154929564349623,0.00441839797300925
"TMEM203",236.758782545244,-0.679580963914942,0.138338485619271,-4.91245050770077,8.99450918774962e-07,4.19487707226801e-06
"NDOR1",116.228577600041,-0.752175198786595,0.189026715490018,-3.97920048939492,6.91474115791206e-05,0.000248228188061222
"TUBB4B",2287.20387404487,-1.17876034286758,0.0835494694968614,-14.1085317473124,3.36511399023649e-45,1.30414449931294e-43
"TOR4A",474.640722202483,1.12408289512622,0.110739197064341,10.1507228237632,3.28918143039016e-24,5.76598624095924e-23
"NRARP",96.1078711055729,-1.39894319425663,0.215620935042376,-6.48797480625755,8.69978228911769e-11,6.14818731890941e-10
"NOXA1",71.9210917670917,-0.842674098489079,0.231052814187301,-3.64710597208296,0.000265210564565369,0.000864573007241771
"MRPL41",148.122769399151,-0.778409633399061,0.17538109205872,-4.4383897047376,9.06344083373145e-06,3.73075073697292e-05
"DPH7",304.282560691638,-0.410124376044636,0.114131392583451,-3.59344056671138,0.000326340112026354,0.00105092479607343
"ZMYND19",231.077921404507,-0.655819009508996,0.131174546691521,-4.99959043922802,5.7452219547207e-07,2.7470057003455e-06
"SLC25A6",525.114513771946,0.270370554288959,0.111065560997567,2.43433294587944,0.0149192647837224,0.0343810832055577
"ASMTL",182.033307342037,0.453608037154576,0.152500097288168,2.97447703457806,0.00293488423635482,0.00793303567171895
"FAM239A",167.493771162542,-0.356327230480384,0.151679445038241,-2.34921238267023,0.0188131724654773,0.0422891581639474
"PNPLA4",100.455932423581,-0.766530386882121,0.190838667597577,-4.01664084397461,5.90335881469081e-05,0.000214225592427594
"SHROOM2",196.714497350885,0.35129106560703,0.145662454870923,2.41167887715694,0.0158792604082195,0.0363193491326974
"WWC3",195.455326108814,0.79086274325793,0.136656383077065,5.78723602549864,7.15540064602855e-09,4.24029842295562e-08
"CLCN4",51.8110295198252,-1.23664147925544,0.268830682605861,-4.60007565828531,4.22337519303943e-06,1.81688814403828e-05
"MID1",1171.71979218659,-0.280811514475736,0.0705336494373044,-3.98124181459435,6.85561604926327e-05,0.000246301947415816
"PRPS2",688.18155967874,-0.715817390099532,0.0955946500951364,-7.48804864484724,6.99051200150067e-14,6.46694131309258e-13
"TMSB4X",1548.28105875972,0.265902551159268,0.0865023401243626,3.07393477190312,0.00211255616464639,0.00586781360096987
"GPM6B",73.5877727698618,0.536558052266679,0.222759568267058,2.40868689251283,0.0160100267236659,0.0365766596839735
"FANCB",195.629460053036,-0.85842632198642,0.143185596898472,-5.99520021971973,2.03234884036179e-09,1.26729960042076e-08
"PIGA",351.216253888455,1.1444162069881,0.111354639543169,10.2772207038975,8.92646002958815e-25,1.60542650891425e-23
"GRPR",100.163386009611,2.16781281618802,0.209536996826216,10.3457281960853,4.37576903332865e-25,7.98134956979915e-24
"MAGEB17",121.337227955006,2.20645221425208,0.192820031795783,11.4430652961874,2.54723785929431e-30,6.08803361569534e-29
"CTPS2",251.49737489518,-0.513088207523772,0.126081405313973,-4.06949943368777,4.71142541840475e-05,0.000173062775102063
"TXLNG",542.697584198443,-0.416994222739882,0.094739121308804,-4.40149979205191,1.07505171228053e-05,4.37621570070192e-05
"RBBP7",1206.30910202303,-1.37502420863032,0.0798296078600654,-17.2244890772935,1.73957004786174e-66,1.08099282181091e-64
"REPS2",156.983140555199,0.424632844104135,0.153055968064391,2.77436319193702,0.00553098917916076,0.0141281298366628
"NHS",259.009365523496,0.320309776315613,0.128477165309247,2.49312611735029,0.0126623861442232,0.0297508292966162
"SCML1",230.99207442694,0.453889445518092,0.129910059775657,3.49387450288238,0.000476064750154048,0.00148893750267565
"SCML2",119.566594399986,-0.639252731242877,0.173586517903883,-3.68261740002665,0.000230851497112918,0.000761657786428394
"CDKL5",221.340618975059,0.610881957305361,0.134243106735022,4.55056480859879,5.35021044094368e-06,2.27289350203315e-05
"PHKA2",279.84800354804,-0.466426916510808,0.131691649588568,-3.54181087387106,0.000397390286689992,0.00126036085118626
"PDHA1",656.278924735405,-0.291552425142188,0.0866636105415909,-3.36418507514488,0.000767700432448677,0.00231427391989923
"SH3KBP1",1900.85059705217,1.20943030164326,0.0665358866229111,18.177112578324,7.83520808199115e-74,5.88326186856511e-72
"EIF1AX",1680.02898952187,-0.500145856222214,0.0676004397917094,-7.39855920705936,1.37670008635894e-13,1.24296153588549e-12
"MBTPS2",418.692743031213,-0.609150792341814,0.106387092523093,-5.7257960331004,1.0294985230042e-08,6.00796401653455e-08
"YY2",44.2742600073955,-1.6378317962438,0.30654523611272,-5.3428714698458,9.14856345170597e-08,4.81501933303719e-07
"SMS",2714.62849027966,0.95719404310721,0.0720590668655214,13.2834643125972,2.88721145433393e-40,9.63526622565775e-39
"PRDX4",825.368912605279,0.473576683539135,0.0863066261657561,5.48714165502898,4.0848955548126e-08,2.23954678409729e-07
"ACOT9",813.716744277219,0.402999429577081,0.0807152265095201,4.99285509072503,5.94931952930907e-07,2.84007118510407e-06
"SAT1",3850.82665791894,0.754590019049842,0.0700478197910028,10.7724982918992,4.64230487495755e-27,9.31614433759576e-26
"APOO",124.452356288523,-0.652478674120738,0.171455356333877,-3.80553100277694,0.00014150028772033,0.00048368298274053
"KLHL15",464.228229355019,0.313989151763665,0.0950977607545113,3.30175126388315,0.000960832342631029,0.00284957874638905
"ZFX",910.574108784489,0.577233035282438,0.0867910962875078,6.65083240071391,2.91440003246274e-11,2.15955604379157e-10
"PDK3",860.165831256609,0.860049840233218,0.0896201436406965,9.59661305254447,8.26145858283269e-22,1.27574760172432e-20
"POLA1",678.574451126093,-1.5132700346021,0.0923553734814891,-16.3852949488143,2.43584574594267e-60,1.31820949512411e-58
"MAGEB2",1237.77450753253,-0.422809167267441,0.0793729739646472,-5.32686563383351,9.99220244772787e-08,5.2224327236225e-07
"GK",35.016328498917,-1.55800072898022,0.338766447016185,-4.59904085160411,4.24440554366329e-06,1.82383631190461e-05
"TAB3",785.911096443413,0.88113112604103,0.0812006336558536,10.8512838677523,1.96643567944716e-27,4.00419631404715e-26
"PRRG1",600.711082785271,0.984127290531788,0.0892565852305376,11.0258227781168,2.86882951101878e-28,6.15466388310351e-27
"LANCL3",163.262563032619,1.35410053737061,0.153584664925262,8.81663894002409,1.17946814885362e-18,1.51714457605219e-17
"XK",95.7453473313057,-0.985531796425974,0.195974816977348,-5.02886958450324,4.93379800920645e-07,2.3760548883995e-06
"DYNLT3",382.918711682695,-0.366055553815074,0.108036177138119,-3.38826829597173,0.000703354272084101,0.00213242721016615
"RPGR",122.836175885644,-0.404584013001972,0.168953524166967,-2.39464678228402,0.0166363831238315,0.0378349646989611
"MID1IP1-AS1",20.185781276166,-1.57531115546876,0.455773797446008,-3.4563442749369,0.000547555488097823,0.00169340955054245
"MID1IP1",758.073231884779,-0.707538757842385,0.102693960076139,-6.88977966491703,5.58788683926655e-12,4.44196333173456e-11
"CXorf38",361.251432428636,1.10027841387709,0.109664785544751,10.0331059638839,1.09031780929055e-23,1.86951638831827e-22
"MED14",1301.52520019007,0.322701542178404,0.0758006825489342,4.25723794729789,2.06968038652485e-05,8.07659381670949e-05
"MAOB",515.714400429283,0.23115821962583,0.0948009825249652,2.43835257261132,0.0147543756593533,0.0340670982798947
"KDM6A",827.630893727442,0.431517121541886,0.0897843519200925,4.80615065224209,1.53863974977053e-06,6.96679068608411e-06
"LINC02595",97.766334834743,0.6818585141955,0.21496348723802,3.17197363587848,0.00151406751422355,0.00432820600790332
"KRBOX4",150.840477678143,0.591378526872047,0.153044172138679,3.86410353695909,0.000111497924108615,0.000387000017403959
"ZNF674",130.87733964886,0.475086592543182,0.16387428323565,2.89909181088536,0.00374245290019358,0.00988888290020974
"SLC9A7",737.863844632876,0.820161195367663,0.0853656517616989,9.60762529708285,7.42414140430724e-22,1.15138082828761e-20
"RP2",331.484937850236,0.508504171987534,0.110783587554923,4.59006774568873,4.43102171365224e-06,1.89986776830186e-05
"USP11",1166.77540828064,0.59520640998381,0.0822212458211352,7.23908284336419,4.51729052301009e-13,3.91940743934352e-12
"TIMP1",942.774320265375,0.886013239058642,0.0801354536969891,11.0564450337907,2.04024511281461e-28,4.39799727009954e-27
"ELK1",375.135151678278,-0.241682261725355,0.105280739162386,-2.29559807091192,0.0216988731785935,0.0478447808089359
"ZNF182",147.093439913646,-0.821631429613334,0.16254125042604,-5.05491023023225,4.30593256946601e-07,2.09269716381734e-06
"SLC38A5",327.529128382857,-0.4606608747545,0.117283088583477,-3.92776895900572,8.5737515130359e-05,0.000303491604825025
"FTSJ1",501.557590399796,0.398876893598635,0.0962543833643622,4.1439867947491,3.41319406958937e-05,0.000128518951792875
"PORCN",76.2347592705543,0.943952284964341,0.210175296596781,4.49126181929602,7.08024495435707e-06,2.9597099123746e-05
"EBP",811.936927120092,0.494198698053582,0.0879119827159917,5.62151691709809,1.892879584922e-08,1.07404228589041e-07
"TBC1D25",212.812397868685,1.05471104754137,0.134739911480866,7.82775523562035,4.96657647679254e-15,5.00014942392617e-14
"RBM3",3466.40526123284,0.492981892070405,0.061425242617323,8.02572152855242,1.00930941007893e-15,1.06616441260447e-14
"WDR13",344.007632342226,0.622446300639949,0.11003361514155,5.65687403653167,1.54154813199005e-08,8.83314432006127e-08
"SUV39H1",141.150566661641,-0.592267548181224,0.173461247077565,-3.41440845237545,0.000639206706872614,0.00195637636965886
"PIM2",245.334285879978,0.641680640319283,0.13441091002718,4.77402199114289,1.80582650052193e-06,8.11136574424372e-06
"KCND1",70.3683439986621,0.981385854443209,0.221190285170601,4.43683977208257,9.12891923094391e-06,3.75684524916283e-05
"GRIPAP1",249.277114200223,-0.368043035759263,0.132400061058801,-2.77977995490357,0.00543957439033698,0.0139215742032618
"TFE3",334.446265307249,0.983519973402782,0.113654214464782,8.65361639279591,4.98927106376371e-18,6.1541173059607e-17
"PLP2",1476.72303647494,0.584067457850909,0.0750838614883455,7.77886813854889,7.31762847724007e-15,7.27363391000238e-14
"PRICKLE3",197.27240626881,0.562456724012268,0.136224490371403,4.12889578429534,3.64509562194211e-05,0.000136480922923372
"CLCN5",255.43575083076,0.469292511448588,0.121178641748392,3.87273288986847,0.000107621756102569,0.000374339252407719
"CCNB3",55.1674167942698,-0.73304373061627,0.259658254873297,-2.82310967149481,0.00475602993158424,0.012302054743373
"GPR173",106.144125575944,0.449386575858436,0.17957596099068,2.5024873784847,0.0123324022661521,0.029062667874765
"TSPYL2",292.885380129337,0.766316252331257,0.11998005687826,6.38703024710859,1.69138193636155e-10,1.16872675901732e-09
"KDM5C",1234.20644986942,0.669252781334117,0.0738411200511352,9.06341589714047,1.26427891812186e-19,1.73787722223295e-18
"IQSEC2",304.193956226626,0.447356074422873,0.112652383901495,3.97111946440518,7.1535694106619e-05,0.000256087553336389
"SMC1A",1618.05712382019,-0.52636405435687,0.0702488207942994,-7.4928525262816,6.73926106851766e-14,6.2441246126353e-13
"HSD17B10",351.369330309394,-0.952435362452117,0.120304790625946,-7.91685316516988,2.43597138947179e-15,2.50420082200064e-14
"TSR2",185.133980417823,-1.09749727395016,0.154990709694322,-7.08105199411424,1.43064208207634e-12,1.1902862862926e-11
"GNL3L",1349.96876270847,-0.479552002634898,0.0703301288405094,-6.8185855840304,9.19411980258348e-12,7.13335404924749e-11
"MAGED2",411.186125230423,0.303866300002957,0.103482011461194,2.93641663620838,0.00332028048668495,0.00886835254936259
"TRO",2.80463878944287,-3.51320815515439,1.46405911648921,-2.39963544886016,0.0164114068968311,0.0373752007693407
"FAM104B",65.5777521739098,-0.839734187073967,0.238369964334233,-3.52281878054286,0.000426983206677536,0.00134639796457321
"UBQLN2",403.990249713142,-0.683370524730101,0.106735527752192,-6.40246541261016,1.52887770712093e-10,1.06378012200874e-09
"SPIN3",181.002647332311,-0.903832149364748,0.149821311918876,-6.03273418039584,1.61208477860813e-09,1.01507266929759e-08
"ZXDB",400.764279830749,1.25380457228319,0.109288315464423,11.4724485134127,1.81451278728624e-30,4.37156884220393e-29
"ZXDA",118.786328919362,1.15845760640165,0.175821068094073,6.58884409564508,4.43263935304734e-11,3.23272334201805e-10
"SPIN4",219.181525668114,-1.02665136086828,0.150209206611775,-6.83480982308713,8.21138876216138e-12,6.39211390422938e-11
"ARHGEF9",242.400911257186,0.309731096406584,0.13280371748048,2.33224718616863,0.0196876911482737,0.0439479601366332
"LAS1L",342.076325989548,-0.939085793437531,0.115739327932261,-8.11380029774456,4.90607435536438e-16,5.32604614204949e-15
"MSN",3966.28850051836,0.291677908214789,0.0665730505670499,4.38132105604837,1.17961901610451e-05,4.77169793248472e-05
"OPHN1",325.537302744944,1.0307152002542,0.119676379287892,8.61251991735745,7.14718752812696e-18,8.7085508075981e-17
"YIPF6",1280.97915199477,0.359059704821672,0.0772480015434479,4.64814231627364,3.34937801777946e-06,1.46360672304567e-05
"STARD8",60.579504048483,-1.68803059232669,0.271876794532936,-6.20880717395025,5.3388282685012e-10,3.49604012451526e-09
"EFNB1",274.796152729822,0.633188197216704,0.118145359745956,5.3593996292214,8.34989681026367e-08,4.42178931583196e-07
"PJA1",205.121334317807,0.399543682769718,0.146543240761943,2.72645589583193,0.00640185075366023,0.0161285827529304
"NALF2",109.238378887257,-0.442212029903041,0.180280470209569,-2.45291145174509,0.0141705216281998,0.0329250864184876
"IGBP1",636.423095091481,0.55920530838272,0.0925720004811577,6.04076076433653,1.53389267801804e-09,9.69224402193655e-09
"PDZD11",189.151598441138,-0.40123637472297,0.148154513150645,-2.70822917365325,0.0067643294973732,0.0169635376944284
"KIF4A",781.014235012297,-0.422338989520208,0.0911602681050226,-4.63292833928094,3.60529362182779e-06,1.56783292372004e-05
"SNX12",434.978237408003,-0.490143670521769,0.105009857464547,-4.66759676049699,3.04743244875489e-06,1.33619903063289e-05
"MED12",557.892123024503,0.512199233381621,0.0924945166610412,5.53761727582884,3.06614377573875e-08,1.70067642297901e-07
"NLGN3",51.255163308141,1.28848237476116,0.270553942061599,4.76238625444902,1.91317039547158e-06,8.56364721728598e-06
"ZMYM3",753.342572966363,0.372537432568279,0.0888031208238532,4.19509392363846,2.72758538851328e-05,0.000104249875474863
"NONO",4890.56864848297,-0.174683124578063,0.0666911424888464,-2.61928523127756,0.00881142373913067,0.0215192664592592
"TAF1",1012.26824289899,0.546519604421314,0.0758489687385115,7.20536631559796,5.7888013167027e-13,4.98661513041584e-12
"GCNA",29.0249161200059,0.872244908354013,0.350965021881702,2.4852758935277,0.0129451065629631,0.0303359902953392
"PIN4",76.498368093139,-1.1002776546864,0.225511431045439,-4.87903273721278,1.06607369771154e-06,4.92355563978975e-06
"ERCC6L",342.076394995073,-1.32250350627113,0.116693141392757,-11.3331725454193,8.98887546021516e-30,2.08479439727847e-28
"RPS4X",8747.54351844034,0.469939677250887,0.0718977934499067,6.53621835527272,6.30937818612426e-11,4.51195651952957e-10
"PHKA1",407.168881646601,0.613725335782475,0.102078381066392,6.01229495776686,1.82915115938777e-09,1.14734190892193e-08
"UPRT",274.690058592437,1.99539561399155,0.133804857753188,14.9127292349295,2.72387191829417e-50,1.18567381255022e-48
"ATRX",1964.7829460848,0.32174762520311,0.0723441807429646,4.44745689147084,8.68928898602284e-06,3.58657070126243e-05
"ATP7A",403.265959223503,0.838614935531468,0.101866991277227,8.23245022766214,1.83422369507568e-16,2.05307734217136e-15
"PGK1",10484.8381763496,1.97967070054612,0.0703946691718051,28.1224519390032,5.20715991082554e-174,1.59047845344046e-171
"BRWD3",979.634517535092,0.997443436802226,0.0919471606217671,10.8480069428712,2.03821246586256e-27,4.13919287945621e-26
"HMGN5",29.9256304367488,-0.912252661671578,0.347236956032288,-2.62717618566715,0.00860967428535781,0.0210779704247294
"ZNF711",196.749460830764,-0.8622975811882,0.140556434154136,-6.13488515397732,8.52207362682821e-10,5.47313930253283e-09
"CHM",528.665100783531,0.255555812896461,0.0910532014553967,2.80666477193169,0.00500573045076093,0.0128979508797773
"DIAPH2",454.042522038269,-0.242680856675833,0.103617438399955,-2.34208508165493,0.0191763428458481,0.0429501459638365
"SYTL4",109.55832887781,-0.612254449412786,0.181385568207094,-3.37543088716824,0.00073700200671673,0.00222694721043632
"CSTF2",323.109654985178,-0.421155842114769,0.114146158352311,-3.68961906553944,0.0002245900966519,0.000742494612321388
"TRMT2B",191.125749279938,-0.614586329907666,0.151688616359051,-4.05163119461071,5.08617933548954e-05,0.000185918940780643
"CENPI",412.432835547283,-0.982195588435828,0.116085890978688,-8.46093853572741,2.65234178012782e-17,3.13840126196214e-16
"TIMM8A",123.137820577451,-1.3018447263167,0.195829103945144,-6.64786132444018,2.97382283203511e-11,2.20087315220142e-10
"ZMAT1",14.1198462714242,-1.78529118696913,0.539174690562751,-3.31115539771679,0.000929115968726726,0.00276570843614541
"TMSB15A",94.5486751078055,-1.44627720885084,0.21339992146879,-6.77730900225456,1.22434847692164e-11,9.38493573058481e-11
"ARMCX5",125.621021394845,-0.662550307392455,0.171153265934429,-3.87109357087165,0.000108348188662534,0.000376720568760857
"BEX2",58.285027339044,-1.4463063157456,0.261690973782646,-5.52677188226932,3.26176621717876e-08,1.80473715074542e-07
"BEX3",470.476319567082,-0.77171007092975,0.114566808857473,-6.73589566320033,1.62923170583051e-11,1.23935772776579e-10
"TCEAL4",83.6101538618237,-1.18113536447709,0.232928644709564,-5.07080340397734,3.96139826978331e-07,1.93202593287592e-06
"MORF4L2",2966.95588242439,0.211539327248476,0.0643583575850758,3.28689754036747,0.00101297682856878,0.00299161839194329
"FAM199X",1279.28490364858,-0.499273905465289,0.0764723807075606,-6.52881342055469,6.62927695533712e-11,4.73508521649347e-10
"PWWP3B",154.546109096963,-0.621802782505481,0.164024654964753,-3.7909104740327,0.000150096053561113,0.000510643945860831
"RADX",172.094977457972,-0.77617530570749,0.152492551366304,-5.08992274542662,3.58209421865541e-07,1.75749850025563e-06
"RNF128",168.46699374828,0.984734679017642,0.147187764794976,6.69032973215757,2.22668302069953e-11,1.6657141849741e-10
"TBC1D8B",380.49255136065,0.359165090892451,0.132247582485677,2.71585373540836,0.00661051155040128,0.0166147878172638
"MORC4",354.677702584907,-0.625060579464838,0.114652951796404,-5.45176177037983,4.98732393203658e-08,2.70712543913347e-07
"NUP62CL",99.3031085631246,-1.29253543795896,0.203139679690586,-6.36279155272716,1.98119483339935e-10,1.35960061282139e-09
"PRPS1",680.67153606337,-0.432655789410994,0.0964316416648836,-4.4866579261872,7.23490941841409e-06,3.02085965313347e-05
"TSC22D3",284.123285469148,0.984183905739187,0.144713133128736,6.80093011920116,1.0394583711341e-11,8.0257409195405e-11
"MID2",218.235312963329,1.26636322433937,0.136380303707645,9.28552870108016,1.60906318933114e-20,2.33657757735185e-19
"LOC112267910",12.2297463347074,1.81146590264639,0.539149724590631,3.35985686354901,0.000779828639485493,0.00234808553252599
"PSMD10",520.18474870744,0.279280506415361,0.102259743207146,2.7310894556974,0.00631253347340535,0.0159280545679414
"ATG4A",193.794117627068,0.609722039735931,0.141956234297766,4.29514098307921,1.74582353973418e-05,6.90399078550574e-05
"COL4A5",317.981707971315,-0.743164484924478,0.121629026913225,-6.11009151174648,9.95740273465473e-10,6.37450638299158e-09
"NXT2",256.816233630604,-0.729041988967044,0.129675349973056,-5.62205530286613,1.88698832258753e-08,1.07137418277725e-07
"ACSL4",2365.0374046453,0.691081362268684,0.0721459389466012,9.57893642191265,9.80493943460844e-22,1.50378564724322e-20
"TMEM164",305.175570893193,-0.380012520104536,0.116063272438411,-3.2741840904597,0.00105967551929449,0.00311727269559352
"ALG13",712.058452902254,0.883395592455947,0.0888052775301592,9.94755736398591,2.58448875152073e-23,4.36914369523031e-22
"TRPC5",27.9247642803141,1.59283874984053,0.381907173477888,4.17074844479911,3.03600857218904e-05,0.000115123603209358
"PLS3",1640.86973717363,0.893197549536962,0.0759202771313806,11.764940583545,5.91679867410747e-32,1.51243445256866e-30
"KLHL13",42.0755342481604,-1.50283501084165,0.327140172398514,-4.59385651056922,4.35128634952441e-06,1.86745728280018e-05
"WDR44",534.825453405263,0.507233695714914,0.0942267890397779,5.38311557555872,7.32074987860631e-08,3.90201814736363e-07
"ZCCHC12",16.5593815471835,-1.26611425715924,0.472542559419918,-2.67936555537663,0.0073761817817596,0.0183650417089099
"LONRF3",56.1451037823997,-1.13468301584261,0.265674674003591,-4.27094912263738,1.9464281348375e-05,7.62202986047512e-05
"PGRMC1",1143.68335982691,-0.491556198310107,0.0780470859120425,-6.29820053581605,3.01120790570383e-10,2.02556840868566e-09
"SLC25A43",239.549866171394,0.320486351572395,0.125207944819117,2.55963271368593,0.010478283911156,0.0251637998884518
"SLC25A5-AS1",10.8183581919226,-1.40290443629615,0.600043885863538,-2.33800305168878,0.0193870898374939,0.0433682653874723
"NKRF",379.132583105388,-0.267347223940994,0.114549071499772,-2.33391000416381,0.0196004347995505,0.0437857240018221
"SEPTIN6",237.763814338061,0.510546795980257,0.130288813551268,3.91857736719168,8.90731395203436e-05,0.00031369690195351
"UPF3B",175.537363284027,-0.841574955605558,0.154799713461173,-5.43654078414456,5.43249089733687e-08,2.93461985794088e-07
"ZBTB33",569.226797728485,-0.62767017632915,0.0995859449855041,-6.3027988178504,2.92318224746821e-10,1.97298379331927e-09
"CUL4B",3168.34275364239,0.984938252324986,0.0600820495339958,16.3932199378066,2.1381251089519e-60,1.16141615797127e-58
"C1GALT1C1",178.528798087242,-0.712844923549471,0.145497188526684,-4.89937249487631,9.61432184356603e-07,4.46891137330161e-06
"XIAP",1146.66002763593,0.185751984802518,0.0757469095892054,2.4522714630854,0.014195752208465,0.0329667075449418
"STAG2",2499.30596688639,0.258301135299484,0.0658243709607154,3.92409576467719,8.70561028399806e-05,0.000307554994957712
"SMARCA1",1167.40465980647,0.770660329276012,0.0707229442356703,10.896892622399,1.19260838828352e-27,2.46185518502376e-26
"ZDHHC9",463.752681636074,0.635088516422115,0.10395877141292,6.10904214998431,1.00230857219993e-09,6.4119995667785e-09
"ELF4",640.063474262461,0.641775266187851,0.0861505219150945,7.44946463377612,9.37197587441193e-14,8.58192973743787e-13
"AIFM1",395.863575659739,-0.622143771032992,0.11061370875735,-5.62447257236235,1.86075614560685e-08,1.05781345425808e-07
"ZNF280C",306.937887232165,-0.492109446270357,0.11686458373558,-4.21093739899689,2.54313217459663e-05,9.78641574170531e-05
"DENND10P1",13.8486564291099,-1.2928525102317,0.512005815081442,-2.52507388031531,0.0115673968437174,0.0274609482967503
"IGSF1",20.073571307343,1.18841375305476,0.410836397178676,2.89266910433427,0.00381983491750928,0.0100757091698529
"STK26",469.664291048752,-0.304732211113018,0.0975437906309211,-3.1240554538837,0.00178376835596684,0.00503056174379943
"FRMD7",1.66617429801155,-3.83888131396077,1.64364099919362,-2.33559598223952,0.0195123081887413,0.0436104806981654
"RAP2C-AS1",16.8850183537924,-1.39285359668773,0.496218977077519,-2.80693335206755,0.00500155885971937,0.0128890450752185
"MBNL3",284.278964256823,0.400843010379601,0.116551696840188,3.439186397511,0.000583465349625183,0.00179798718631933
"GPC3",27.649629685973,1.03892980620342,0.344271896875531,3.01775955467847,0.00254650865217098,0.00696320931727601
"PHF6",1248.78222105674,-0.695444313766768,0.0755668348549998,-9.20303616131613,3.47975739048345e-20,4.9260571825532e-19
"PABIR2",2410.30827815752,-1.70069699799042,0.0803691677650564,-21.1610626971038,2.18248019989504e-99,2.53745004401991e-97
"PABIR3",156.791309904354,-1.1689891477908,0.165468892060702,-7.06470644259799,1.60955890673561e-12,1.33360280727736e-11
"MOSPD1",1389.81697243564,-0.342912644910719,0.0686295568008228,-4.99657379262877,5.8357850496417e-07,2.78849957848151e-06
"ZNF449",172.854659653341,0.506299664223578,0.15000033686662,3.37532351459835,0.000737289639053226,0.00222744284750682
"SMIM10L2A",21.6199333959888,-1.33222853945273,0.415908026332142,-3.2031806435705,0.00135918694996914,0.00391965242845159
"INTS6L",140.22009738824,0.503384853231948,0.1624145852772,3.09938206825944,0.00193924763796386,0.00542573850081458
"FHL1",270.182308310646,1.01398211312043,0.120992658111502,8.38052596700523,5.26917059180071e-17,6.11040690056889e-16
"ARHGEF6",62.0303667324892,-1.24601933952451,0.244953599573479,-5.08675660081793,3.64238800280953e-07,1.78610814145934e-06
"RBMX",4035.65940834992,0.184057330346711,0.0621168688810643,2.96308126378886,0.00304576148153379,0.00820320843800932
"IDS",1595.20346766082,0.709242904961318,0.0754210064476495,9.40378467971799,5.26349444509468e-21,7.78124966325276e-20
"EOLA1",73.6578502882155,0.678048929894699,0.218187898830592,3.10763765327406,0.00188589135960431,0.00528959504924968
"TMEM185A",106.303553345868,0.516998915994788,0.182942698591759,2.82601557741576,0.00471309719770843,0.0121945046087442
"EOLA2-DT",94.7430400432455,0.532869763011306,0.209107645742299,2.54830358363848,0.0108248224715316,0.0258959412929074
"MTMR1",490.199145392134,0.490643535258908,0.0924868103603855,5.30501088043862,1.12666275801856e-07,5.85962180728785e-07
"HMGB3",992.569388279247,-0.925549542853559,0.0869280280362609,-10.6473086271723,1.79479161083811e-26,3.54260017731803e-25
"VMA21",1007.06905478855,-1.7433136325371,0.0849213171574075,-20.5285750491334,1.19631823162582e-93,1.23193433440737e-91
"GABRE",58.9719844530685,2.63664518045066,0.279514261371095,9.4329540378984,3.98698966419297e-21,5.92817992891267e-20
"MAGEA3",573.318502346372,-0.340500067580264,0.0930754091738115,-3.65832469180345,0.000253869300193657,0.000830756974539658
"NSDHL",544.316641010799,1.08780358899184,0.0996014257105621,10.9215664457751,9.09141249664974e-28,1.88969255596453e-26
"ZNF185",526.97662200288,0.646702417487002,0.0965567594224509,6.69764003426812,2.11812226126499e-11,1.59243559742413e-10
"ZNF275",345.072880829546,0.367143665857162,0.105872824266804,3.46778003136993,0.000524776658292738,0.00162827137725438
"HAUS7",58.6285044273364,-1.45842741171311,0.262712543418202,-5.5514190252861,2.83359964109821e-08,1.57849456359292e-07
"SLC6A8",886.127245173589,0.285835512863856,0.0771174473494106,3.70649603544016,0.000210146524302979,0.000697816567986728
"ABCD1",127.82304243808,0.499488678006571,0.165069347069193,3.02593235434073,0.00247867749756526,0.00678848741392455
"PLXNB3",65.0268623793707,0.80484135618322,0.261501421339997,3.07777048422535,0.00208555474137677,0.0058017570229007
"L1CAM",543.585316560553,0.827837010223522,0.0965435866219156,8.57474886929052,9.93032351777696e-18,1.20265026958238e-16
"L1CAM-AS1",22.0783566034053,1.22945350118235,0.413869035596675,2.97063417515603,0.00297185554118514,0.00802454430741646
"ARHGAP4",305.23244268193,-0.825394220413493,0.122287453415877,-6.74962309997967,1.4822970094408e-11,1.1323643241684e-10
"NAA10",329.460918207808,-0.482706393491639,0.119889913347774,-4.02624691279419,5.6674177425517e-05,0.000205995431905051
"TMEM187",27.7717046683015,-1.57424044924702,0.38161835060301,-4.12516968002064,3.70461530456754e-05,0.000138479303886355
"IRAK1",1071.39230877289,0.556918811913009,0.0816768027326668,6.81856773624989,9.19526189245986e-12,7.13335404924749e-11
"MECP2",607.776017296974,-0.439012923425387,0.0869924469279802,-5.04656368372807,4.498270022807e-07,2.17736567502028e-06
"FLNA",11160.0238147874,0.68997613142145,0.0562134719755087,12.2742130520253,1.24597368355347e-34,3.50291602984665e-33
"RPL10",8817.62945260528,0.513887119620732,0.0651950035102471,7.88230833579082,3.21387763173485e-15,3.27031557320687e-14
"DNASE1L1",110.249211871923,0.472519113946666,0.174826231703525,2.70279299246109,0.0068759554334928,0.0172219031086829
"ATP6AP1",757.475538547477,0.263166538067569,0.0920206820715814,2.85986293671303,0.00423824141985624,0.0110756015990762
"GDI1",1364.47467186864,0.596276567684576,0.0802649906606162,7.42884989803098,1.09545970024201e-13,9.97538113090514e-13
"FAM50A",373.099119020155,0.354095219416075,0.113603968741489,3.11692648891373,0.00182747134661629,0.00514415200521278
"PLXNA3",1284.73579216599,1.43571713689322,0.0792172567287867,18.1237926706883,2.06833284340922e-73,1.54022422194535e-71
"DKC1",919.9504137766,-0.597739861812411,0.0820551697421938,-7.28460941206299,3.22603571872624e-13,2.83177738369048e-12
"F8A1",52.9314685160937,-1.03648375565669,0.264354030544275,-3.92081691935126,8.8249292154776e-05,0.000311404052069947
"FUNDC2",231.067712551822,0.321301031988007,0.127413511808266,2.52171867353837,0.0116783064442419,0.0276732097872035
"MTCP1",36.2388229184604,-0.856142803574667,0.320729046763005,-2.66936472457168,0.00759948783882113,0.0188507047960627
"BRCC3",444.853561746621,0.262551215429076,0.0962891410473822,2.72669599679863,0.00639719473835909,0.0161191060374677
"VBP1",815.161349012438,-0.338096148189103,0.0871741048026743,-3.87840114853385,0.000105145235005869,0.000366574246477224
